Nº processo house;Nº. Booking;Data abertura processo;ETD/ATD;ETA/ATA;Origem;Destino;Cliente;Companhia de transporte;Navio;Situação embarque;Exportador;Mercadoria;Tipo carga;Total container 20';Total container 40';Equipamentos;Total TEUS
EM0001-25;APU113531;02/01/2025 08:20;11/01/2025;17/02/2025;PARANAGUA;LIMASSOL;AG - ASSESSORIA E AGENCIAMENTO EM COMERCIO EXTERIOR LTDA;MAERSK LINE;CAP SAN MALEAS;Finalizado;RONDONIA RURAL AGROINDUSTRIAL;MADEIRA;FCL;0;1;40 HIGH CUBE;2
EM0002-25;31090690;03/01/2025 16:25;27/01/2025;02/03/2025;SALVADOR;LE HAVRE;MAPPER LOGISTICA DE COMERCIO EXTERIOR;HAPAG LLOYD;MSC DAKAR X;Finalizado;CALCADOS PEGADA NORDESTE LTDA;SAPATOS;FCL;1;0;20 DRY BOX;1
EM0003-25;APU107441;06/01/2025 13:35;01/02/2025;17/03/2025;PARANAGUA;ASHDOD;INTERNATIONAL FOREST PRODUCTS;MAERSK LINE;SAN ANTONIO MAERSK;Finalizado;RIO CANOAS MADEIRAS LTDA;MADEIRA;FCL;0;2;40 HIGH CUBE;4
EM0004-25;31090690;06/01/2025 16:15;27/01/2025;02/03/2025;SALVADOR;LE HAVRE;MAPPER LOGISTICA DE COMERCIO EXTERIOR;HAPAG LLOYD;MSC DAKAR X;Finalizado;LOGX AGENCIAMENTO DE CARGAS LTDA;SAPATOS;FCL;1;0;20 DRY BOX;1
EM0006-25;249008341;10/01/2025 15:41;28/01/2025;14/02/2025;RIO DE JANEIRO;PHILADELPHIA;LAMEX FOODS INC.;MAERSK LINE;MAERSK MONTE ALEGRE;Finalizado;MELBRAS IMPORTADORA E EXPORTADORA AGROINDUSTRIA LTDA;MEL;FCL;4;0;20 DRY BOX;4
EM0007-25;EBKG11446729;13/01/2025 10:35;01/02/2025;01/04/2025;NAVEGANTES;ASHDOD;M.A MANUFACTURING AND;MSC MEDITERRANEO;LOG-IN EVOLUTION;Finalizado;MADEIRAS NEDRI LTDA;MADEIRA;FCL;0;1;40 HIGH CUBE;2
EM0008-25;SAOF01833900;13/01/2025 16:54;07/02/2025;13/03/2025;PARANAGUA;HELSINGBORG;AG - ASSESSORIA E AGENCIAMENTO EM COMERCIO EXTERIOR LTDA;ONE - OCEAN NETWORK EXPRESS;SEATTLE C;Finalizado;SISPORTE COMERCIO E SISTEMAS EIRELI;MADEIRA;FCL;0;1;40 HIGH CUBE;2
EM0009-25;SAOF01834300;13/01/2025 16:57;07/02/2025;20/03/2025;PARANAGUA;HELSINGBORG;AG - ASSESSORIA E AGENCIAMENTO EM COMERCIO EXTERIOR LTDA;ONE - OCEAN NETWORK EXPRESS;SEATTLE C;Finalizado;SISPORTE COMERCIO E SISTEMAS EIRELI;MADEIRA;FCL;0;1;40 HIGH CUBE;2
EM0011-25;APU118308;14/01/2025 11:26;11/02/2025;19/03/2025;ITAPOA;THESSALONIKI;INDEX NEGOCIOS INTERNACIONAIS LTDA;MAERSK LINE;MAERSK LAMANAI;Finalizado;GARDA INTERNATIONAL BUSINESS SA;MADEIRA;FCL;0;1;40 HIGH CUBE;2
EM0012-25;APU118382;14/01/2025 17:38;09/02/2025;17/03/2025;VILA DO CONDE;VALENCIA;ROBINSON LUMBER COMPANY;MAERSK LINE;ALIANCA LEBLON;Finalizado;BEIRA RIO IND. COM. E EXPORTACAO DE MADEIRA LTDA;MADEIRA;FCL;0;1;40 HIGH CUBE;2
EM0013-25;249211531;16/01/2025 10:12;12/02/2025;25/03/2025;ITAPOA;HOUSTON;MADEIRAS SALAMONI LTDA;MAERSK LINE;MSC VANCOUVER;Finalizado;MADEIRAS SALAMONI LTDA;MADEIRA;FCL;0;1;40 HIGH CUBE;2
EM0014-25;249211620;16/01/2025 10:20;12/02/2025;25/03/2025;ITAPOA;HOUSTON;MADEIRAS SALAMONI LTDA;MAERSK LINE;MSC VANCOUVER;Finalizado;MADEIRAS SALAMONI LTDA;MADEIRA;FCL;0;1;40 HIGH CUBE;2
EM0015-25;249211710;16/01/2025 10:22;12/02/2025;25/03/2025;ITAPOA;HOUSTON;MADEIRAS SALAMONI LTDA;MAERSK LINE;MSC VANCOUVER;Finalizado;MADEIRAS SALAMONI LTDA;MADEIRA;FCL;0;1;40 HIGH CUBE;2
EM0016-25;249211786;16/01/2025 11:27;12/02/2025;25/03/2025;ITAPOA;HOUSTON;MADEIRAS SALAMONI LTDA;MAERSK LINE;MSC VANCOUVER;Finalizado;MADEIRAS SALAMONI LTDA;MADEIRA;FCL;0;1;40 HIGH CUBE;2
EM0017-25;APU119108;16/01/2025 14:32;04/02/2025;13/03/2025;ITAPOA;LONDON GATEWAY PORT;INDEX NEGOCIOS INTERNACIONAIS LTDA;MAERSK LINE;CMA CGM COLUMBIA;Finalizado;GARDA INTERNATIONAL BUSINESS SA;MADEIRA;FCL;0;1;40 HIGH CUBE;2
EM0018-25;APU119492;17/01/2025 14:28;21/02/2025;13/03/2025;PARANAGUA;LONDON GATEWAY PORT;TWS COMEX;MAERSK LINE;SAN NICOLAS MAERSK;Finalizado;INFORMOBILE INDUSTRIA E COMERCIO DE MOVEIS LTDA;POLTRONA PATRÍCIA A EM MADEIRA NATURAL;FCL;1;0;20 DRY BOX;1
EM0019-25;249377697;17/01/2025 15:51;27/01/2025;14/02/2025;SANTOS;ROTTERDAM;TRIUNFO COMEX ASSESSORIA ADUANEIRA LTDA;MAERSK LINE;SAN RAPHAEL MAERSK;Finalizado;COFFEE LEAF COMERCIO DE CAFE LTDA;ALIMENTOS EM GERAL;FCL;0;1;40 DRY BOX;2
EM0020-25;SAOF03148300;20/01/2025 17:14;07/02/2025;13/03/2025;PARANAGUA;HELSINGBORG;AG - ASSESSORIA E AGENCIAMENTO EM COMERCIO EXTERIOR LTDA;ONE - OCEAN NETWORK EXPRESS;SEATTLE C;Finalizado;SISPORTE COMERCIO E SISTEMAS EIRELI;MADEIRA;FCL;0;1;40 HIGH CUBE;2
EM0021-25;SSZ1589792;21/01/2025 08:55;04/02/2025;28/04/2025;ITAPOA;SEATTLE;M. A. COMISSARIA;CMA CGM DO BRASIL;COSCO SHIPPING MEXICO;Finalizado;IRUNA S.A.I.C.;MADEIRA;FCL;0;1;40 HIGH CUBE;2
EM0022-25;ZIMUPGU8020640;21/01/2025 15:42;26/02/2025;09/04/2025;PARANAGUA;ASHDOD;SEAWAY LOGISTICS LTDA;ZIM;MSC ARICA;Finalizado;PECCIN SA;ALIMENTOS EM GERAL;FCL;0;1;40 REEFER;2
EM0023-25;249322213;21/01/2025 15:59;25/02/2025;30/03/2025;SANTOS;HOUSTON;SUNLAND TRADING;MAERSK LINE;BREMEN BELLE;Finalizado;APIDOURO COMERCIAL EXPORTADORA E IMPORTADORA LTDA;MEL;FCL;3;0;20 DRY BOX;3
EM0024-25;249322314;21/01/2025 16:05;17/02/2025;09/03/2025;SANTOS;PHILADELPHIA;SUNLAND TRADING;MAERSK LINE;MONTE VERDE;Finalizado;APIDOURO COMERCIAL EXPORTADORA E IMPORTADORA LTDA;MEL;FCL;2;0;20 DRY BOX;2
EM0025-25;6408783540;21/01/2025 16:28;13/02/2025;11/03/2025;ITAPOA;LONDON GATEWAY PORT;LAMEX FOODS EUROPE LTD;COSCO SHIPPING;XIN CHANG SHA;Finalizado;MINAMEL AGROINDUSTRIA LTDA;MEL;FCL;2;0;20 DRY BOX;2
EM0026-25;;22/01/2025 15:35;12/02/2025;01/01/2025;RIO GRANDE;LISBOA;MAPPER LOGISTICA DE COMERCIO EXTERIOR;MAERSK LINE;SAN MARCO MAERSK;Finalizado;;SAPATOS;FCL;0;1;40 DRY BOX;2
EM0027-25;249431141;22/01/2025 16:31;12/02/2025;25/03/2025;ITAPOA;HOUSTON;MADEIRAS SALAMONI LTDA;MAERSK LINE;MSC VANCOUVER;Finalizado;MADEIRAS SALAMONI LTDA;MADEIRA;FCL;0;1;40 HIGH CUBE;2
EM0028-25;SSZ1590780;22/01/2025 17:28;04/02/2025;28/04/2025;ITAPOA;SEATTLE;M. A. COMISSARIA;CMA CGM DO BRASIL;COSCO SHIPPING MEXICO;Finalizado;IRUNA S.A.I.C.;MADEIRA;FCL;0;1;40 HIGH CUBE;2
EM0029-25;APU120779;23/01/2025 10:45;15/02/2025;15/05/2025;PARANAGUA;LIMASSOL;AG - ASSESSORIA E AGENCIAMENTO EM COMERCIO EXTERIOR LTDA;MAERSK LINE;SAN MARCO MAERSK;Finalizado;RONDONIA RURAL AGROINDUSTRIAL;MADEIRA;FCL;0;1;40 HIGH CUBE;2
EM0030-25;249476880;23/01/2025 14:21;13/02/2025;20/04/2025;PARANAGUA;SHUWAIKH;AG - ASSESSORIA E AGENCIAMENTO EM COMERCIO EXTERIOR LTDA;MAERSK LINE;MAERSK LAMANAI;Finalizado;RONDONIA RURAL AGROINDUSTRIAL;ESPETOS DE MADEIRA;FCL;0;1;40 HIGH CUBE;2
EM0031-25;2755900720;24/01/2025 09:57;07/03/2025;01/05/2025;PARANAGUA;HAIFA;M. A. COMISSARIA;OOCL;XIN WEI HAI;Finalizado;LEVEL IMPORTACAO, EXPORTACAO E COMERCIO S/A;;FCL;0;4;40 HIGH CUBE;8
EM0032-25;249521047;24/01/2025 14:24;17/02/2025;01/01/2025;ITAPOA;HOUSTON;MADEIRAS SALAMONI LTDA;MAERSK LINE;MAERSK CAPE COAST;Finalizado;MADEIRAS SALAMONI LTDA;MADEIRA;FCL;0;1;40 HIGH CUBE;2
EM0033-25;EBKG11600496;27/01/2025 11:23;03/03/2025;11/04/2025;NAVEGANTES;VERACRUZ;METALURGICA TRAPP LTDA;MSC MEDITERRANEO;LOG-IN JATOBA;Finalizado;METALURGICA TRAPP LTDA;;FCL;0;4;40 HIGH CUBE;8
EM0034-25;APU121527;27/01/2025 16:54;17/02/2025;31/03/2025;ITAPOA;LONDON GATEWAY PORT;INDUSTRIAL ARBHORES COMPENSADOS LTDA;MAERSK LINE;MAERSK LEON;Finalizado;INDUSTRIAL ARBHORES COMPENSADOS LTDA;;FCL;0;3;40 HIGH CUBE;6
EM0035-25;ZIMUPGU8020705;27/01/2025 17:12;04/03/2025;23/04/2025;PARANAGUA;ASHDOD;SEAWAY LOGISTICS LTDA;ZIM;MSC ADONIS;Finalizado;PECCIN SA;ALIMENTOS EM GERAL;FCL;0;1;40 REEFER;2
EM0036-25;APU121764;28/01/2025 09:28;09/02/2025;25/03/2025;VILA DO CONDE;VALENCIA;ROBINSON LUMBER COMPANY;MAERSK LINE;ALIANCA LEBLON;Finalizado;BEIRA RIO IND. COM. E EXPORTACAO DE MADEIRA LTDA;;FCL;0;1;40 HIGH CUBE;2
EM0037-25;249610253;28/01/2025 11:11;15/02/2025;25/03/2025;PARANAGUA;HOUSTON;SUNLAND TRADING;MAERSK LINE;MSC VANCOUVER;Finalizado;MINAMEL AGROINDUSTRIA LTDA;MEL;FCL;1;0;20 DRY BOX;1
EM0038-25;249610142;28/01/2025 11:17;15/02/2025;25/03/2025;PARANAGUA;PHILADELPHIA;SUNLAND TRADING;MAERSK LINE;MSC VANCOUVER;Finalizado;MINAMEL AGROINDUSTRIA LTDA;MEL;FCL;1;0;20 DRY BOX;1
EM0039-25;249610827;28/01/2025 14:47;10/02/2025;12/03/2025;ITAPOA;PORT EVERGLADES;PATMO LUMBER TRADE;MAERSK LINE;MONTE TAMARO;Finalizado;ESQUADRIBRAS - INDUSTRIA DE ESQUADRIAS LTDA;;FCL;0;1;40 HIGH CUBE;2
EM0040-25;249763253;29/01/2025 13:40;28/02/2025;19/03/2025;ITAPOA;NEWARK;PATMO LUMBER TRADE;MAERSK LINE;MAERSK MONTE LINZOR;Finalizado;ESQUADRIBRAS - INDUSTRIA DE ESQUADRIAS LTDA;;FCL;0;1;40 HIGH CUBE;2
EM0041-25;249610072;29/01/2025 13:51;20/02/2025;12/03/2025;ITAPOA;CHARLESTON;MADESP IND E COM DE MADEIRAS LTD;MAERSK LINE;MONTE VERDE;Finalizado;MADESP IND E COM DE MADEIRAS LTD;;FCL;0;1;40 HIGH CUBE;2
EM0042-25;EBKG11543969;29/01/2025 15:41;01/03/2025;15/04/2025;NAVEGANTES;JEDDAH;METALURGICA TRAPP LTDA;MSC MEDITERRANEO;MSC ARICA;Finalizado;METALURGICA TRAPP LTDA;;FCL;0;1;40 HIGH CUBE;2
EM0043-25;249675116;30/01/2025 10:54;25/02/2025;13/03/2025;RIO DE JANEIRO;PHILADELPHIA;SUNLAND TRADING;MAERSK LINE;WIELAND;Finalizado;MELBRAS IMPORTADORA E EXPORTADORA AGROINDUSTRIA LTDA;;FCL;4;0;20 DRY BOX;4
EM0045-25;SSZ1594787;30/01/2025 15:26;26/02/2025;27/05/2025;ITAPOA;SEATTLE;M. A. COMISSARIA;CMA CGM DO BRASIL;COSCO SHIPPING PERU;Finalizado;IRUNA S.A.I.C.;;FCL;0;1;40 HIGH CUBE;2
EM0046-25;APU122559;31/01/2025 13:52;17/03/2025;03/05/2025;SANTOS;KINGSTON;BPO LOG APOIO ADMINISTRATIVO LTDA;MAERSK LINE;HANS SCHULTE;Finalizado;BPO LOG APOIO ADMINISTRATIVO LTDA;PARTES E PEÇAS;FCL;1;0;20 DRY BOX;1
EM0047-25;SAOF05448800;31/01/2025 16:06;02/03/2025;24/04/2025;PARANAGUA;HELSINGBORG;AG - ASSESSORIA E AGENCIAMENTO EM COMERCIO EXTERIOR LTDA;ONE - OCEAN NETWORK EXPRESS;NYK DIANA;Finalizado;CELPLAC INDUSTRIA E COMERCIO LTDA;MADEIRA;FCL;0;2;40 HIGH CUBE;4
EM0048-25;EBKG11675460;03/02/2025 10:44;17/02/2025;25/03/2025;RIO GRANDE;VERACRUZ;KEKO ACESSORIOS S.A.;MSC MEDITERRANEO;MAIPO;Finalizado;KEKO ACESSORIOS S.A.;;FCL;1;0;20 DRY BOX;1
EM0049-25;249762828;03/02/2025 10:49;22/02/2025;25/03/2025;PARANAGUA;PHILADELPHIA;SUNLAND TRADING;MAERSK LINE;BREMEN BELLE;Finalizado;MINAMEL AGROINDUSTRIA LTDA;MEL;FCL;5;0;20 DRY BOX;5
EM0050-25;21303512;03/02/2025 13:42;26/02/2025;06/04/2025;SALVADOR;HAMBURG;MAPPER LOGISTICA DE COMERCIO EXTERIOR;HAPAG LLOYD;BREMERHAVEN EXPRESS;Finalizado;CALCADOS PEGADA NORDESTE LTDA;SAPATOS;FCL;0;1;40 HIGH CUBE;2
EM0051-25;APU120572;03/02/2025 15:13;17/02/2025;12/03/2025;SANTOS;LISBOA;SUNNY BERRY;MAERSK LINE;MAERSK LAMANAI;Finalizado;FABIO MARQUES DOS SANTOS;BAGAGEM DESACOMPANHADA;FCL;0;1;40 HIGH CUBE;2
EM0052-25;249798992;04/02/2025 09:09;28/02/2025;31/03/2025;RIO DE JANEIRO;HOUSTON;SUNLAND TRADING;MAERSK LINE;BREMEN BELLE;Finalizado;MELBRAS IMPORTADORA E EXPORTADORA AGROINDUSTRIA LTDA;;FCL;2;0;20 DRY BOX;2
EM0053-25;249798738;04/02/2025 10:42;20/02/2025;07/03/2025;ITAPOA;NEWARK;PATMO LUMBER TRADE;MAERSK LINE;MONTE VERDE;Finalizado;ESQUADRIBRAS - INDUSTRIA DE ESQUADRIAS LTDA;;FCL;0;1;40 HIGH CUBE;2
EM0054-25;249803959;04/02/2025 11:19;20/02/2025;07/03/2025;ITAPOA;NEWARK;PATMO LUMBER TRADE;MAERSK LINE;MONTE VERDE;Finalizado;ESQUADRIBRAS - INDUSTRIA DE ESQUADRIAS LTDA;;FCL;0;1;40 HIGH CUBE;2
EM0055-25;249804078;04/02/2025 11:32;28/02/2025;19/03/2025;ITAPOA;NEWARK;PATMO LUMBER TRADE;MAERSK LINE;MAERSK MONTE LINZOR;Finalizado;ESQUADRIBRAS - INDUSTRIA DE ESQUADRIAS LTDA;;FCL;0;1;40 HIGH CUBE;2
EM0056-25;249804185;04/02/2025 11:42;28/02/2025;19/03/2025;ITAPOA;NEWARK;PATMO LUMBER TRADE;MAERSK LINE;MAERSK MONTE LINZOR;Finalizado;ESQUADRIBRAS - INDUSTRIA DE ESQUADRIAS LTDA;;FCL;0;1;40 HIGH CUBE;2
EM0057-25;249804373;04/02/2025 11:48;28/02/2025;19/03/2025;ITAPOA;NEWARK;PATMO LUMBER TRADE;MAERSK LINE;MAERSK MONTE LINZOR;Finalizado;ESQUADRIBRAS - INDUSTRIA DE ESQUADRIAS LTDA;;FCL;0;1;40 HIGH CUBE;2
EM0058-25;249804480;04/02/2025 11:51;28/02/2025;19/03/2025;ITAPOA;NEWARK;PATMO LUMBER TRADE;MAERSK LINE;MAERSK MONTE LINZOR;Finalizado;ESQUADRIBRAS - INDUSTRIA DE ESQUADRIAS LTDA;;FCL;0;1;40 HIGH CUBE;2
EM0059-25;249804549;04/02/2025 11:55;28/02/2025;19/03/2025;ITAPOA;NEWARK;PATMO LUMBER TRADE;MAERSK LINE;MAERSK MONTE LINZOR;Finalizado;ESQUADRIBRAS - INDUSTRIA DE ESQUADRIAS LTDA;;FCL;0;1;40 HIGH CUBE;2
EM0060-25;EBKG11668983;05/02/2025 07:34;04/03/2025;06/04/2025;ITAJAI;NEW YORK;PATMO LUMBER TRADE;MSC MEDITERRANEO;MSC NOA;Finalizado;MADEPAR INDUSTRIA E COMERCIO DE MADEIRAS LTDA;;FCL;0;1;40 HIGH CUBE;2
EM0061-25;249858050;05/02/2025 08:38;19/02/2025;25/03/2025;SANTOS;HOUSTON;SUNLAND TRADING;MAERSK LINE;MSC VANCOUVER;Finalizado;FLORA NECTAR INDUSTRIA COMERCIO IMPORTACAO E EXPORTACAO LTDA;MEL;FCL;4;0;20 DRY BOX;4
EM0062-25;2756044980;05/02/2025 09:42;23/03/2025;10/05/2025;SANTOS;HAIFA;JAPI S/A. INDUSTRIA E COMERCIO;OOCL;XIN CHONG QING;Finalizado;JAPI S/A. INDUSTRIA E COMERCIO;PARTES E PEÇAS;FCL;0;1;40 HIGH CUBE;2
EM0063-25;EBKG11703021;05/02/2025 10:31;05/03/2025;21/04/2025;PARANAGUA;SEATTLE;M. A. COMISSARIA;MSC MEDITERRANEO;MSC NOA;Finalizado;LANIMAR INDUSTRIA DE MADEIRAS LTDA;;FCL;0;3;40 HIGH CUBE;6
EM0064-25;SGSIN25007E;05/02/2025 10:43;28/02/2025;16/04/2025;SANTOS;JAKARTA;GRANATUM INGREDIENTS LTDA;MSL DO BRASIL AGENCIAMENTOS E TRANSPORTES LTDA.;CAPE SOUNIO;Finalizado;GRANATUM INGREDIENTS LTDA;;LCL;0;0;;0
EM0065-25;EBKG11723201;06/02/2025 16:21;09/03/2025;06/05/2025;NAVEGANTES;ASHDOD;M.A MANUFACTURING AND;MSC MEDITERRANEO;MSC ADONIS;Finalizado;MADEIRAS NEDRI LTDA;MADEIRA;FCL;0;1;40 HIGH CUBE;2
EM0066-25;APU124391;06/02/2025 17:25;19/02/2025;18/03/2025;RIO GRANDE;HAMBURG;TKA GUINDASTES INDUSTRIA E COMERCIO LTDA;MAERSK LINE;SAN NICOLAS MAERSK;Finalizado;TKA GUINDASTES INDUSTRIA E COMERCIO LTDA;CARGA GERAL NAO PERIGOSA;FCL;1;0;20 DRY BOX;1
EM0067-25;ZIMUSNT8094204;07/02/2025 10:43;07/02/2025;20/03/2025;SANTOS;LIVORNO;MAPPER LOGISTICA DE COMERCIO EXTERIOR;ZIM;MSC SARA ELENA;Finalizado;CALCADOS FURLANETTO LTDA;SAPATOS;FCL;0;1;40 HIGH CUBE;2
EM0068-25;249981965;07/02/2025 10:44;22/02/2025;29/03/2025;PARANAGUA;HOUSTON;SUNLAND TRADING;MAERSK LINE;BREMEN BELLE;Finalizado;MINAMEL AGROINDUSTRIA LTDA;MEL;FCL;2;0;20 DRY BOX;2
EM0069-25;ZIMUSNT8094243;10/02/2025 10:20;18/02/2025;20/03/2025;SANTOS;GENOA;MAPPER LOGISTICA DE COMERCIO EXTERIOR;ZIM;CORCOVADO;Finalizado;TIFERET COMÉRCIO DE ROUPAS LTDA.;SAPATOS;FCL;0;1;40 HIGH CUBE;2
EM0070-25;ZIMUSNT8094243;10/02/2025 10:22;18/02/2025;20/03/2025;SANTOS;GENOA;MAPPER LOGISTICA DE COMERCIO EXTERIOR;ZIM;CORCOVADO;Finalizado;TIFERET COMÉRCIO DE ROUPAS LTDA.;SAPATOS;FCL;0;1;40 HIGH CUBE;2
EM0071-25;ZIMUSNT8094244;10/02/2025 10:32;18/02/2025;20/03/2025;SANTOS;GENOA;MAPPER LOGISTICA DE COMERCIO EXTERIOR;ZIM;CORCOVADO;Finalizado;CALCADOS FURLANETTO LTDA;SAPATOS;FCL;0;1;40 HIGH CUBE;2
EM0072-25;ZIMUSNT8094244;10/02/2025 10:33;18/02/2025;20/03/2025;SANTOS;GENOA;MAPPER LOGISTICA DE COMERCIO EXTERIOR;ZIM;CORCOVADO;Finalizado;PASSOS DA MODA LTDA;SAPATOS;FCL;0;1;40 HIGH CUBE;2
EM0074-25;SSZ1597372;10/02/2025 15:35;04/03/2025;22/04/2025;VITORIA (MARITIMO);HAIPHONG;PBA SERVICOS E COMERCIO DE PEDRAS ORNAMENTAIS LTDA;CMA CGM DO BRASIL;LOG-IN PANTANAL;Finalizado;PBA SERVICOS E COMERCIO DE PEDRAS ORNAMENTAIS LTDA;;FCL;1;0;20 DRY BOX;1
EM0075-25;250135286;11/02/2025 14:09;12/03/2025;08/04/2025;PARANAGUA;PHILADELPHIA;SUNLAND TRADING;MAERSK LINE;MSC LOS ANGELES;Finalizado;MARINGÁ-MINAMEL AGROINDUSTRIA LTDA;MEL;FCL;4;0;20 DRY BOX;4
EM0076-25;EBKG11767485;11/02/2025 14:46;05/03/2025;21/04/2025;PARANAGUA;SEATTLE;M. A. COMISSARIA;MSC MEDITERRANEO;MSC NOA;Finalizado;IRUNA S.A.I.C.;;FCL;0;2;40 HIGH CUBE;4
EM0077-25;SSZ1598697;11/02/2025 14:59;21/02/2025;27/05/2025;PARANAGUA;SEATTLE;M. A. COMISSARIA;CMA CGM DO BRASIL;KOTA PUSAKA;Finalizado;IRUNA S.A.I.C.;;FCL;0;1;40 HIGH CUBE;2
EM0078-25;6409838970;11/02/2025 15:21;07/03/2025;22/04/2025;PARANAGUA;HELSINGBORG;AG - ASSESSORIA E AGENCIAMENTO EM COMERCIO EXTERIOR LTDA;COSCO SHIPPING;XIN WEI HAI;Finalizado;SISPORTE COMERCIO E SISTEMAS EIRELI;MADEIRA;FCL;0;1;40 HIGH CUBE;2
EM0079-25;6409838920;11/02/2025 15:24;07/03/2025;22/04/2025;PARANAGUA;HELSINGBORG;AG - ASSESSORIA E AGENCIAMENTO EM COMERCIO EXTERIOR LTDA;COSCO SHIPPING;XIN WEI HAI;Finalizado;SISPORTE COMERCIO E SISTEMAS EIRELI;MADEIRA;FCL;0;1;40 HIGH CUBE;2
EM0080-25;250138170;11/02/2025 16:29;26/02/2025;05/04/2025;PARANAGUA;HOUSTON;SUNLAND TRADING;MAERSK LINE;MAERSK CAPE COAST;Finalizado;MINAMEL AGROINDUSTRIA LTDA;MEL;FCL;5;0;20 DRY BOX;5
EM0081-25;15729342;12/02/2025 08:55;19/03/2025;24/04/2025;RIO GRANDE;HOUSTON;MAPPER LOGISTICA DE COMERCIO EXTERIOR;HAPAG LLOYD;JAZAN;Finalizado;IMS BRAZIL LTDA;ALIMENTOS EM GERAL;FCL;0;1;40 HIGH CUBE;2
EM0082-25;APU126111;12/02/2025 08:59;04/03/2025;25/04/2025;ITAPOA;ROTTERDAM;XYLEM TRADING;MAERSK LINE;SANTA INES;Finalizado;LA FORESTAL;MADEIRA;FCL;0;2;40 HIGH CUBE;4
EM0083-25;EBKG11798922;13/02/2025 14:34;28/03/2025;15/05/2025;PARANAGUA;SEATTLE;M. A. COMISSARIA;MSC MEDITERRANEO;MSC VITA;Finalizado;IRUNA S.A.I.C.;;FCL;0;2;40 HIGH CUBE;4
EM0084-25;250249488;13/02/2025 17:05;26/02/2025;05/04/2025;PARANAGUA;HOUSTON;SUNLAND TRADING;MAERSK LINE;MAERSK CAPE COAST;Finalizado;MINAMEL AGROINDUSTRIA LTDA;MEL;FCL;1;0;20 DRY BOX;1
EM0085-25;250249573;13/02/2025 17:12;12/03/2025;08/04/2025;PARANAGUA;JACKSONVILLE;SUNLAND TRADING;MAERSK LINE;MSC LOS ANGELES;Finalizado;MARINGÁ-MINAMEL AGROINDUSTRIA LTDA;MEL;FCL;1;0;20 DRY BOX;1
EM0086-25;EBKG11757538;13/02/2025 17:47;04/03/2025;02/04/2025;RIO GRANDE;ALTAMIRA;TKA GUINDASTES INDUSTRIA E COMERCIO LTDA;MSC MEDITERRANEO;LE HAVRE EXPRESS;Finalizado;TKA GUINDASTES INDUSTRIA E COMERCIO LTDA;CARGA GERAL NAO PERIGOSA;FCL;0;1;40 OPEN TOP;2
EM0088-25;EBKG11817687;17/02/2025 09:00;29/04/2025;01/01/2025;NAVEGANTES;ASHDOD;NESTOR SILVIO ZEILICOVICH;MSC MEDITERRANEO;MSC ANZU;Finalizado;AFFONSO DITZEL CIA LTDA;MADEIRA;FCL;0;1;40 HIGH CUBE;2
EM0089-25;SAOF07826300;17/02/2025 14:52;09/03/2025;12/04/2025;SANTOS;LISBOA;POMPEIA SA INDUSTRIA E COMERCIO;ONE - OCEAN NETWORK EXPRESS;XIN WEI HAI;Finalizado;POMPEIA SA INDUSTRIA E COMERCIO;;FCL;0;1;40 HIGH CUBE;2
EM0090-25;250422111;18/02/2025 10:23;02/03/2025;05/04/2025;SANTOS;HOUSTON;SUNLAND TRADING;MAERSK LINE;MAERSK CAPE COAST;Finalizado;APIDOURO COMERCIAL EXPORTADORA E IMPORTADORA LTDA;MEL;FCL;1;0;20 DRY BOX;1
EM0091-25;250533350;20/02/2025 08:29;10/03/2025;21/04/2025;ITAPOA;HOUSTON;MADEIRAS SALAMONI LTDA;MAERSK LINE;MAERSK CHACHAI;Finalizado;MADEIRAS SALAMONI LTDA;MADEIRA;FCL;0;1;40 HIGH CUBE;2
EM0092-25;250533420;20/02/2025 08:36;14/03/2025;06/04/2025;ITAPOA;CHARLESTON;MADEIRAS SALAMONI LTDA;MAERSK LINE;MAERSK MONTE ALEGRE;Finalizado;MADEIRAS SALAMONI LTDA;MADEIRA;FCL;0;1;40 HIGH CUBE;2
EM0093-25;APU128936;20/02/2025 11:00;11/03/2025;14/04/2025;ITAPOA;PIRAEUS;INDEX NEGOCIOS INTERNACIONAIS LTDA;MAERSK LINE;MAERSK LOTA;Finalizado;GARDA INTERNATIONAL BUSINESS SA;;FCL;0;1;40 HIGH CUBE;2
EM0094-25;250591546;21/02/2025 10:36;08/03/2025;05/04/2025;ITAPOA;PORT EVERGLADES;PATMO LUMBER TRADE;MAERSK LINE;MAERSK MONTE AZUL;Finalizado;ESQUADRIBRAS - INDUSTRIA DE ESQUADRIAS LTDA;DOORS;FCL;0;1;40 HIGH CUBE;2
EM0095-25;250591611;21/02/2025 10:41;14/03/2025;10/04/2025;ITAPOA;PORT EVERGLADES;PATMO LUMBER TRADE;MAERSK LINE;MAERSK MONTE ALEGRE;Finalizado;ESQUADRIBRAS - INDUSTRIA DE ESQUADRIAS LTDA;DOORS;FCL;0;1;40 HIGH CUBE;2
EM0096-25;APU129407;21/02/2025 11:09;31/03/2025;11/05/2025;MANAUS;ROTTERDAM;ROBINSON LUMBER COMPANY;MAERSK LINE;AMERICO VESPUCIO;Finalizado;MADEIREIRA NOVA JERUSALEM LTDA;;FCL;0;1;40 HIGH CUBE;2
EM0097-25;250647632;24/02/2025 08:13;14/03/2025;10/04/2025;ITAPOA;PORT EVERGLADES;PATMO LUMBER TRADE;MAERSK LINE;MAERSK MONTE ALEGRE;Finalizado;ESQUADRIBRAS - INDUSTRIA DE ESQUADRIAS LTDA;DOORS;FCL;0;1;40 HIGH CUBE;2
EM0098-25;SAOF09406600;25/02/2025 14:22;07/03/2025;11/04/2025;PARANAGUA;FELIXSTOWE;REPINHO REFLORESTADORA MADEIRAS E COMPENSADOS LTDA;ONE - OCEAN NETWORK EXPRESS;XIN WEI HAI;Finalizado;REPINHO REFLORESTADORA MADEIRAS E COMPENSADOS LTDA;;FCL;0;3;40 HIGH CUBE;6
EM0099-25;APU130501;25/02/2025 16:45;30/03/2025;26/05/2025;SANTOS;MUNDRA;TWS COMEX;MAERSK LINE;SAN RAPHAEL MAERSK;Finalizado;COMPO EXPERT BRASIL FERTILIZANTES LTDA.;FERTILIZANTE;FCL;1;0;20 DRY BOX;1
EM0100-25;APU130504;25/02/2025 16:47;30/03/2025;26/05/2025;SANTOS;MUNDRA;TWS COMEX;MAERSK LINE;SAN RAPHAEL MAERSK;Finalizado;COMPO EXPERT BRASIL FERTILIZANTES LTDA.;FERTILIZANTE;FCL;1;0;20 DRY BOX;1
EM0101-25;APU130508;25/02/2025 16:49;08/04/2025;24/05/2025;SANTOS;CHENNAI;TWS COMEX;MAERSK LINE;MAERSK LANCO;Finalizado;COMPO EXPERT BRASIL FERTILIZANTES LTDA.;FERTILIZANTE;FCL;1;0;20 DRY BOX;1
EM0102-25;250784446;26/02/2025 08:49;09/03/2025;27/03/2025;SANTOS;PHILADELPHIA;SUNLAND TRADING;MAERSK LINE;MAERSK MONTE AZUL;Finalizado;FLORA NECTAR INDUSTRIA COMERCIO IMPORTACAO E EXPORTACAO LTDA;MEL;FCL;2;0;20 DRY BOX;2
EM0103-25;APU130921;26/02/2025 10:00;31/03/2025;13/05/2025;ITAPOA;PARAMARIBO;PATMO LUMBER TRADE;MAERSK LINE;MSC PETRA;Finalizado;ESQUADRIBRAS - INDUSTRIA DE ESQUADRIAS LTDA;DOORS;FCL;0;1;40 HIGH CUBE;2
EM0104-25;EBKG11947633;26/02/2025 11:06;21/04/2025;08/06/2025;PARANAGUA;SEATTLE;M. A. COMISSARIA;MSC MEDITERRANEO;MSC ALMA VII;Finalizado;IRUNA S.A.I.C.;;FCL;0;1;40 HIGH CUBE;2
EM0105-25;250796686;26/02/2025 14:52;09/03/2025;21/03/2025;PECEM;PHILADELPHIA;SUNLAND TRADING;MAERSK LINE;MAERSK MONTE LINZOR;Finalizado;WENZEL'S APICULTURA COMERCIO INDUSTRIA IMPORTACAO E EXPORTACAO LTDA;MEL;FCL;3;0;20 DRY BOX;3
EM0106-25;250797118;26/02/2025 14:56;16/03/2025;27/03/2025;PECEM;PHILADELPHIA;SUNLAND TRADING;MAERSK LINE;MAERSK MONTE AZUL;Finalizado;WENZEL'S APICULTURA COMERCIO INDUSTRIA IMPORTACAO E EXPORTACAO LTDA;MEL;FCL;7;0;20 DRY BOX;7
EM0108-25;EBKG11947737;26/02/2025 15:22;19/03/2025;16/04/2025;RIO GRANDE;ALTAMIRA;TKA GUINDASTES INDUSTRIA E COMERCIO LTDA;MSC MEDITERRANEO;JAZAN;Finalizado;TKA GUINDASTES INDUSTRIA E COMERCIO LTDA;;FCL;0;1;40 DRY BOX;2
EM0110-25;EBKG11947750;26/02/2025 16:43;01/04/2025;26/04/2025;RIO GRANDE;ALTAMIRA;TKA GUINDASTES INDUSTRIA E COMERCIO LTDA;MSC MEDITERRANEO;SEASPAN EMPIRE;Finalizado;TKA GUINDASTES INDUSTRIA E COMERCIO LTDA;;FCL;0;1;40 HIGH CUBE;2
EM0111-25;250845582;27/02/2025 11:00;14/04/2025;23/05/2025;ITAPOA;SAVANNAH;MADEIRAS SALAMONI LTDA;MAERSK LINE;MAERSK RUBICON;Finalizado;MADEIRAS SALAMONI LTDA;MADEIRA;FCL;0;1;40 HIGH CUBE;2
EM0112-25;250897798;28/02/2025 13:42;08/04/2025;05/05/2025;ITAPOA;HOUSTON;MADEIRAS SALAMONI LTDA;MAERSK LINE;GSL ARCADIA;Finalizado;MADEIRAS SALAMONI LTDA;MADEIRA;FCL;0;1;40 HIGH CUBE;2
EM0113-25;250897828;28/02/2025 14:00;08/04/2025;05/05/2025;ITAPOA;HOUSTON;MADEIRAS SALAMONI LTDA;MAERSK LINE;GSL ARCADIA;Finalizado;MADEIRAS SALAMONI LTDA;MADEIRA;FCL;0;1;40 HIGH CUBE;2
EM0114-25;250902493;28/02/2025 14:56;31/03/2025;14/05/2025;ITAPOA;HOUSTON;MADEIRAS SALAMONI LTDA;MAERSK LINE;MAERSK JAIPUR;Finalizado;MADEIRAS SALAMONI LTDA;MADEIRA;FCL;0;1;40 HIGH CUBE;2
EM0115-25;250902526;28/02/2025 14:57;08/04/2025;05/05/2025;ITAPOA;HOUSTON;MADEIRAS SALAMONI LTDA;MAERSK LINE;GSL ARCADIA;Finalizado;MADEIRAS SALAMONI LTDA;MADEIRA;FCL;0;1;40 HIGH CUBE;2
EM0116-25;250902562;28/02/2025 14:59;08/04/2025;05/05/2025;ITAPOA;HOUSTON;MADEIRAS SALAMONI LTDA;MAERSK LINE;GSL ARCADIA;Finalizado;MADEIRAS SALAMONI LTDA;MADEIRA;FCL;0;1;40 HIGH CUBE;2
EM0117-25;250970154;03/03/2025 12:05;08/04/2025;05/05/2025;ITAPOA;HOUSTON;MADEIRAS SALAMONI LTDA;MAERSK LINE;GSL ARCADIA;Finalizado;MADEIRAS SALAMONI LTDA;MADEIRA;FCL;0;1;40 HIGH CUBE;2
EM0118-25;250970198;03/03/2025 12:11;08/04/2025;16/05/2025;ITAPOA;SAVANNAH;MADEIRAS SALAMONI LTDA;MAERSK LINE;GSL ARCADIA;Finalizado;MADEIRAS SALAMONI LTDA;MADEIRA;FCL;0;1;40 HIGH CUBE;2
EM0119-25;250970234;03/03/2025 12:12;08/04/2025;16/05/2025;ITAPOA;SAVANNAH;MADEIRAS SALAMONI LTDA;MAERSK LINE;GSL ARCADIA;Finalizado;MADEIRAS SALAMONI LTDA;MADEIRA;FCL;0;1;40 HIGH CUBE;2
EM0120-25;250970262;03/03/2025 12:13;08/04/2025;16/05/2025;ITAPOA;SAVANNAH;MADEIRAS SALAMONI LTDA;MAERSK LINE;GSL ARCADIA;Finalizado;MADEIRAS SALAMONI LTDA;MADEIRA;FCL;0;1;40 HIGH CUBE;2
EM0121-25;250964663;05/03/2025 09:04;18/03/2025;10/05/2025;PARANAGUA;HOUSTON;SUNLAND TRADING;MAERSK LINE;HANS SCHULTE;Finalizado;MINAMEL AGROINDUSTRIA LTDA;MEL;FCL;1;0;20 DRY BOX;1
EM0122-25;250964758;05/03/2025 09:07;18/03/2025;05/05/2025;PARANAGUA;JACKSONVILLE;SUNLAND TRADING;MAERSK LINE;HANS SCHULTE;Finalizado;MINAMEL AGROINDUSTRIA LTDA;MEL;FCL;1;0;20 DRY BOX;1
EM0123-25;EBKG12139834;06/03/2025 15:38;05/04/2025;08/06/2025;RIO GRANDE;VANCOUVER;MAPPER LOGISTICA DE COMERCIO EXTERIOR;MSC MEDITERRANEO;MSC CADIZ;Finalizado;IMS BRAZIL LTDA;ALIMENTOS EM GERAL;FCL;0;1;40 HIGH CUBE;2
EM0125-25;251305581;11/03/2025 14:57;23/03/2025;03/04/2025;PECEM;PHILADELPHIA;SUNLAND TRADING;MAERSK LINE;MAERSK MONTE ALEGRE;Finalizado;WENZEL'S APICULTURA COMERCIO INDUSTRIA IMPORTACAO E EXPORTACAO LTDA;MEL;FCL;5;0;20 DRY BOX;5
EM0126-25;251305674;11/03/2025 15:01;06/04/2025;18/04/2025;PECEM;PHILADELPHIA;SUNLAND TRADING;MAERSK LINE;MONTE TAMARO;Finalizado;WENZEL'S APICULTURA COMERCIO INDUSTRIA IMPORTACAO E EXPORTACAO LTDA;MEL;FCL;4;0;20 DRY BOX;4
EM0127-25;251259085;11/03/2025 15:09;05/04/2025;14/05/2025;PARANAGUA;HOUSTON;SUNLAND TRADING;MAERSK LINE;MAERSK JAIPUR;Finalizado;MINAMEL AGROINDUSTRIA LTDA;MEL;FCL;3;0;20 DRY BOX;3
EM0128-25;251259079;12/03/2025 10:42;14/04/2025;05/05/2025;RIO DE JANEIRO;HOUSTON;SUNLAND TRADING;MAERSK LINE;GSL ARCADIA;Finalizado;MELBRAS IMPORTADORA E EXPORTADORA AGROINDUSTRIA LTDA;;FCL;3;0;20 DRY BOX;3
EM0129-25;251259139;12/03/2025 10:55;25/03/2025;11/04/2025;RIO DE JANEIRO;PHILADELPHIA;SUNLAND TRADING;MAERSK LINE;RDO FORTUNE;Finalizado;MELBRAS IMPORTADORA E EXPORTADORA AGROINDUSTRIA LTDA;;FCL;2;0;20 DRY BOX;2
EM0130-25;251259131;12/03/2025 15:33;09/04/2025;06/05/2025;PARANAGUA;PHILADELPHIA;SUNLAND TRADING;MAERSK LINE;GSL ARCADIA;Finalizado;MINAMEL AGROINDUSTRIA LTDA;MEL;FCL;1;0;20 DRY BOX;1
EM0131-25;2757366430;13/03/2025 08:23;13/04/2025;09/06/2025;SANTOS;HAIFA;JAPI S/A. INDUSTRIA E COMERCIO;OOCL;BROOKLYN BRIDGE;Finalizado;JAPI S/A. INDUSTRIA E COMERCIO;PARTES E PEÇAS;FCL;0;2;40 HIGH CUBE;4
EM0132-25;251370004;13/03/2025 08:37;29/03/2025;14/05/2025;SANTOS;HOUSTON;SUNLAND TRADING;MAERSK LINE;MAERSK JAIPUR;Finalizado;APIDOURO COMERCIAL EXPORTADORA E IMPORTADORA LTDA;MEL;FCL;1;0;20 DRY BOX;1
EM0133-25;2306855920;13/03/2025 08:44;30/03/2025;08/05/2025;SANTOS;PIRAEUS;ACAI VERAO COMERCIO E INDUSTRIA LTDA;OOCL;NAVIOS DOMINO;Finalizado;ACAI VERAO COMERCIO E INDUSTRIA LTDA;AÇAI;FCL;0;1;40 REEFER;2
EM0134-25;2306982900;13/03/2025 11:16;18/04/2025;09/06/2025;SANTOS;HAIFA;JAPI S/A. INDUSTRIA E COMERCIO;OOCL;SEATTLE C;Finalizado;JAPI S/A. INDUSTRIA E COMERCIO;PARTES E PEÇAS;FCL;0;2;40 HIGH CUBE;4
EM0135-25;2306982880;13/03/2025 11:30;27/04/2025;09/06/2025;SANTOS;HAIFA;JAPI S/A. INDUSTRIA E COMERCIO;OOCL;XIN CHANG SHA;Finalizado;JAPI S/A. INDUSTRIA E COMERCIO;PARTES E PEÇAS;FCL;0;2;40 HIGH CUBE;4
EM0136-25;EBKG12135794;13/03/2025 15:05;26/04/2025;17/06/2025;PARANAGUA;SEATTLE;M. A. COMISSARIA;MSC MEDITERRANEO;MSC QINGDAO;Finalizado;IRUNA S.A.I.C.;;FCL;0;1;40 HIGH CUBE;2
EM0137-25;EBKG12135786;13/03/2025 15:49;04/04/2025;06/05/2025;ITAJAI;SAVANNAH;MILLEX;MSC MEDITERRANEO;KURE;Finalizado;MOVEIS RUDNICK S A;MÓVEIS;FCL;0;3;40 HIGH CUBE;6
EM0138-25;26612809;13/03/2025 17:14;15/04/2025;07/06/2025;NAVEGANTES;CORINTO;METALURGICA TRAPP LTDA;HAPAG LLOYD;CAPE PIONEER;Finalizado;METALURGICA TRAPP LTDA;MAQUINARIOS;FCL;0;2;40 HIGH CUBE;4
EM0139-25;APU136034;14/03/2025 09:01;12/04/2025;28/05/2025;SANTOS;PARAMARIBO;BTOTH COMEX;MAERSK LINE;GSL ARCADIA;Finalizado;CERAMICA CRISTOFOLETTI;PISO CERAMICO;FCL;1;0;20 DRY BOX;1
EM0140-25;APU135828;14/03/2025 09:06;03/04/2025;17/04/2025;RIO GRANDE;CALLAO;RESINAS JARDIM;MAERSK LINE;MAERSK REDWOOD;Finalizado;RJ COMERCIO E EXTRACAO DE RESINAS LTDA;RESINA ISOFTALICA;FCL;1;0;20 DRY BOX;1
EM0141-25;EBKG12140789;14/03/2025 10:47;30/03/2025;05/06/2025;RIO GRANDE;MARSAXLOKK;MAPPER LOGISTICA DE COMERCIO EXTERIOR;MSC MEDITERRANEO;LAEM CHABANG EXPRESS;Finalizado;CALCADOS RAMARIM LTDA;SAPATOS;FCL;1;0;20 DRY BOX;1
EM0142-25;EBKG12140789;14/03/2025 14:03;30/03/2025;05/06/2025;RIO GRANDE;MARSAXLOKK;MAPPER LOGISTICA DE COMERCIO EXTERIOR;MSC MEDITERRANEO;LAEM CHABANG EXPRESS;Finalizado;CALCADOS BEIRA RIO S/A;SAPATOS;FCL;1;0;20 DRY BOX;1
EM0143-25;EBKG12140789;14/03/2025 14:06;30/03/2025;05/06/2025;RIO GRANDE;MARSAXLOKK;MAPPER LOGISTICA DE COMERCIO EXTERIOR;MSC MEDITERRANEO;LAEM CHABANG EXPRESS;Finalizado;LOGX AGENCIAMENTO DE CARGAS LTDA;SAPATOS;FCL;1;0;20 DRY BOX;1
EM0144-25;EBKG12155105;17/03/2025 10:25;21/04/2025;08/06/2025;PARANAGUA;SEATTLE;M. A. COMISSARIA;MSC MEDITERRANEO;MSC ALMA VII;Finalizado;LANIMAR INDUSTRIA DE MADEIRAS LTDA;;FCL;0;3;40 HIGH CUBE;6
EM0145-25;APU136523;17/03/2025 14:00;12/04/2025;28/05/2025;SANTOS;PARAMARIBO;BTOTH COMEX;MAERSK LINE;GSL ARCADIA;Finalizado;CERAMICA CARMELO FIOR LTDA;PISO CERAMICO;FCL;1;0;20 DRY BOX;1
EM0146-25;APU136551;17/03/2025 15:45;12/04/2025;28/05/2025;SANTOS;PARAMARIBO;S.R. GOEDOEN OVERSEAS;MAERSK LINE;GSL ARCADIA;Finalizado;CERAMICA ALMEIDA LTDA;PISO CERAMICO;FCL;1;0;20 DRY BOX;1
EM0147-25;251534329;18/03/2025 08:49;05/04/2025;14/05/2025;PARANAGUA;HOUSTON;SUNLAND TRADING;MAERSK LINE;MAERSK JAIPUR;Finalizado;MINAMEL AGROINDUSTRIA LTDA;MEL;FCL;3;0;20 DRY BOX;3
EM0148-25;251534196;18/03/2025 09:03;05/04/2025;12/05/2025;PARANAGUA;JACKSONVILLE;SUNLAND TRADING;MAERSK LINE;MAERSK JAIPUR;Finalizado;MINAMEL AGROINDUSTRIA LTDA;MEL;FCL;1;0;20 DRY BOX;1
EM0149-25;251526575;18/03/2025 15:41;31/03/2025;18/04/2025;SANTOS;PHILADELPHIA;SUNLAND TRADING;MAERSK LINE;MONTE TAMARO;Finalizado;FLORA NECTAR INDUSTRIA COMERCIO IMPORTACAO E EXPORTACAO LTDA;MEL;FCL;1;0;20 DRY BOX;1
EM0150-25;251305674;19/03/2025 14:39;06/04/2025;18/04/2025;PECEM;PHILADELPHIA;SUNLAND TRADING;MAERSK LINE;MONTE TAMARO;Finalizado;WENZEL'S APICULTURA COMERCIO INDUSTRIA IMPORTACAO E EXPORTACAO LTDA;MEL;FCL;3;0;20 DRY BOX;3
EM0151-25;2307039130;20/03/2025 08:02;27/04/2025;09/06/2025;SANTOS;HAIFA;JAPI S/A. INDUSTRIA E COMERCIO;OOCL;XIN CHANG SHA;Finalizado;JAPI S/A. INDUSTRIA E COMERCIO;PARTES E PEÇAS;FCL;0;1;40 HIGH CUBE;2
EM0153-25;APU137261;20/03/2025 11:38;18/04/2025;10/07/2025;PARANAGUA;MALABO;TWS COMEX;MAERSK LINE;SAN MARCO MAERSK;Finalizado;INFORMOBILE INDUSTRIA E COMERCIO DE MOVEIS LTDA;POLTRONA;FCL;1;0;20 DRY BOX;1
EM0154-25;EBKG12225793;20/03/2025 19:53;26/04/2025;17/06/2025;PARANAGUA;SEATTLE;M. A. COMISSARIA;MSC MEDITERRANEO;MSC QINGDAO;Finalizado;IRUNA S.A.I.C.;;FCL;0;2;40 HIGH CUBE;4
EM0155-25;2307148710;25/03/2025 14:56;18/04/2025;21/05/2025;SANTOS;LISBOA;SUNNY BERRY;OOCL;SEATTLE C;Finalizado;OLIVEIRA TRAINING IMPORTACAO E EXPORTACAO LTDA;AÇAI;FCL;0;1;40 REEFER;2
EM0156-25;251949333;26/03/2025 13:31;14/04/2025;14/05/2025;ITAPOA;HOUSTON;AMBAR TECH PARTICIPACOES S.A;MAERSK LINE;MAERSK RUBICON;Finalizado;AMBAR TECH PARTICIPACOES S.A;PARTES E PEÇAS;FCL;0;1;40 HIGH CUBE;2
EM0158-25;EBKG12261990;26/03/2025 15:30;11/04/2025;24/06/2025;PARANAGUA;ASHDOD;INTERNATIONAL FOREST PRODUCTS;MSC MEDITERRANEO;COPIAPO;Finalizado;COMPENSADOS NOVO MILENIO LTDA;MADEIRA;FCL;0;2;40 HIGH CUBE;4
EM0160-25;EBKG12312940;27/03/2025 16:30;14/04/2025;30/06/2025;NAVEGANTES;ASHDOD;M.A MANUFACTURING AND;MSC MEDITERRANEO;MSC DOMITILLE;Finalizado;MADEIRAS NEDRI LTDA;MADEIRA;FCL;0;1;40 HIGH CUBE;2
EM0161-25;EBKG12312926;27/03/2025 16:41;14/04/2025;30/06/2025;NAVEGANTES;ASHDOD;INTERNATIONAL FOREST PRODUCTS;MSC MEDITERRANEO;MSC DOMITILLE;Finalizado;LONGEN EXTRACAO E COMERCIO DE MADEIRAS LTDA;MADEIRA;FCL;0;1;40 HIGH CUBE;2
EM0162-25;10407322;28/03/2025 08:31;09/04/2025;22/05/2025;ITAJAI;LONDON GATEWAY PORT;LAMEX FOODS EUROPE LTD;HAPAG LLOYD;NC BRISA;Finalizado;MINAMEL AGROINDUSTRIA LTDA;;FCL;4;0;20 DRY BOX;4
EM0163-25;EBKG12273751;28/03/2025 09:11;26/04/2025;17/06/2025;PARANAGUA;SEATTLE;M. A. COMISSARIA;MSC MEDITERRANEO;MSC QINGDAO;Finalizado;IRUNA S.A.I.C.;;FCL;0;2;40 HIGH CUBE;4
EM0164-25;252004094;28/03/2025 09:22;16/04/2025;20/05/2025;PARANAGUA;PIRAEUS;MIRALUZ IND E COM DE MADEIRAS LTDA;MAERSK LINE;SANTA INES;Finalizado;MIRALUZ IND E COM DE MADEIRAS LTDA;;FCL;0;3;40 HIGH CUBE;6
EM0165-25;252070888;31/03/2025 08:51;18/04/2025;15/05/2025;ITAPOA;PORT EVERGLADES;W BROTHERS CORP;MAERSK LINE;MAERSK MONTE LINZOR;Finalizado;DBOYZ LTDA;SHAMPOO AUTOMOTIVO;FCL;0;1;40 HIGH CUBE;2
EM0166-25;252124522;31/03/2025 09:29;27/04/2025;07/06/2025;ITAPOA;SAVANNAH;MILLEX;MAERSK LINE;MAERSK KARUN;Finalizado;MOVEIS RUDNICK S A;MÓVEIS;FCL;0;1;40 HIGH CUBE;2
EM0167-25;2307259970;01/04/2025 06:46;11/05/2025;08/07/2025;SANTOS;HAIFA;JAPI S/A. INDUSTRIA E COMERCIO;OOCL;NAVIOS VERMILION;Finalizado;JAPI S/A. INDUSTRIA E COMERCIO;PARTES E PEÇAS;FCL;0;5;40 HIGH CUBE;10
EM0168-25;252019126;02/04/2025 09:07;21/04/2025;25/06/2025;PARANAGUA;PARAMARIBO;FERNANDES INDUSTRIAL SERVICE;MAERSK LINE;MSC VANCOUVER;Finalizado;CONTITECH DO BRASIL PRODUTOS AUTOMOTIVOS E IND.;RUBBER BELTS;FCL;0;1;40 OPEN TOP;2
EM0169-25;3100079514;02/04/2025 15:45;14/04/2025;08/07/2025;RIO GRANDE;JEBEL ALI;MAPPER LOGISTICA DE COMERCIO EXTERIOR;VUXX SHIPPING;SEATRADE COLOMBIA;Finalizado;USAFLEX - INDUSTRIA & COMERCIO S/A;SAPATOS;FCL;0;1;40 HIGH CUBE;2
EM0170-25;ASUF00252500;02/04/2025 16:37;30/04/2025;29/06/2025;ASUNCION;LONDON GATEWAY PORT;INDEX NEGOCIOS INTERNACIONAIS LTDA;ONE - OCEAN NETWORK EXPRESS;BARGE;Finalizado;GARDA INTERNATIONAL BUSINESS SA;MADEIRA;FCL;0;3;40 HIGH CUBE;6
EM0171-25;APU141791;02/04/2025 16:38;27/04/2025;18/06/2025;ITAPOA;PARAMARIBO;PATMO LUMBER TRADE;MAERSK LINE;MAERSK KARUN;Finalizado;ESQUADRIBRAS - INDUSTRIA DE ESQUADRIAS LTDA;DOORS;FCL;0;1;40 HIGH CUBE;2
EM0172-25;EBKG12385415;04/04/2025 09:56;14/05/2025;14/07/2025;PARANAGUA;SEATTLE;M. A. COMISSARIA;MSC MEDITERRANEO;EPAMINONDAS;Finalizado;"MARGO Y CIA. S.A.
";;FCL;0;4;40 HIGH CUBE;8
EM0173-25;APU142458;04/04/2025 10:23;16/04/2025;16/06/2025;RIO GRANDE;PORT LOUIS;MAPPER LOGISTICA DE COMERCIO EXTERIOR;MAERSK LINE;SAN MARCO MAERSK;Finalizado;LOGX AGENCIAMENTO DE CARGAS LTDA;SAPATOS;FCL;0;1;40 HIGH CUBE;2
EM0174-25;APU142480;04/04/2025 11:47;07/05/2025;07/06/2025;RIO GRANDE;LEIXOES;RESINAS JARDIM;MAERSK LINE;SAN AUGUSTIN MAERSK;Finalizado;RESINAS JARDIM;RESINA ISOFTALICA;FCL;0;2;40 HIGH CUBE;4
EM0175-25;EBKG12393840;04/04/2025 14:19;01/05/2025;30/06/2025;PARANAGUA;ASHDOD;M. A. COMISSARIA;MSC MEDITERRANEO;MSC MELINE;Finalizado;FABRICIO ANTONIO MOREIRA NETO LTDA;LUMBER;FCL;0;4;40 HIGH CUBE;8
EM0176-25;APU142458;08/04/2025 10:50;16/04/2025;16/06/2025;RIO GRANDE;PORT LOUIS;MAPPER LOGISTICA DE COMERCIO EXTERIOR;MAERSK LINE;SAN MARCO MAERSK;Finalizado;CALCADOS BEIRA RIO S/A;SAPATOS;FCL;0;1;40 HIGH CUBE;2
EM0177-25;SAOF16999700;08/04/2025 11:32;04/05/2025;03/07/2025;RIO GRANDE;MELBOURNE;MAPPER LOGISTICA DE COMERCIO EXTERIOR;ONE - OCEAN NETWORK EXPRESS;HYUNDAI PARAMOUNT;Finalizado;IMS BRAZIL LTDA;ALIMENTOS EM GERAL;FCL;0;1;40 HIGH CUBE;2
EM0178-25;APU137584;09/04/2025 17:22;30/04/2025;11/05/2025;SANTOS;PARAMARIBO;BTOTH COMEX;MAERSK LINE;MAERSK KARUN;Finalizado;ECTX S/A - EUCATEX;LUMBER;FCL;2;0;20 DRY BOX;2
EM0179-25;SSZ1623663;11/04/2025 08:27;07/05/2025;15/07/2025;ITAPOA;VANCOUVER;MAPPER LOGISTICA DE COMERCIO EXTERIOR;CMA CGM DO BRASIL;COSCO SHIPPING MEXICO;Finalizado;IMS BRAZIL LTDA;SAPATOS;FCL;0;1;40 HIGH CUBE;2
EM0180-25;12204547;11/04/2025 08:42;30/04/2025;27/05/2025;RIO GRANDE;HEREDIA, CR - ALL TRUCK;MAPPER LOGISTICA DE COMERCIO EXTERIOR;HAPAG LLOYD;DALIAN EXPRESS;Finalizado;CALCADOS MARTE LTDA;ALIMENTOS EM GERAL;FCL;1;1;20 DRY BOX, 40 HIGH CUBE;3
EM0181-25;59126552;11/04/2025 16:21;10/05/2025;31/07/2025;RIO GRANDE;LEIXOES;RESINAS JARDIM;HAPAG LLOYD;CZECH;Finalizado;RJ COMERCIO E EXTRACAO DE RESINAS LTDA;RESINA ISOFTALICA;FCL;0;2;40 HIGH CUBE;4
EM0182-25;APU145155;14/04/2025 17:28;14/05/2025;18/06/2025;RIO GRANDE;ASHDOD;RONI GRONOWICZ;MAERSK LINE;MAERSK LETICIA;Finalizado;METALURGICA MOR SA;CADEIRAS DE PRAIA;FCL;0;1;40 HIGH CUBE;2
EM0183-25;6417824950;22/04/2025 16:19;02/06/2025;30/06/2025;IMBITUBA;HOUSTON;SUNLAND TRADING;COSCO SHIPPING;HANS SCHULTE;Finalizado;MINAMEL AGROINDUSTRIA LTDA;MEL;FCL;5;0;20 DRY BOX;5
EM0184-25;6415730390;22/04/2025 16:24;25/05/2025;24/06/2025;PARANAGUA;HOUSTON;SUNLAND TRADING;COSCO SHIPPING;ALESSIA;Finalizado;MARINGÁ-MINAMEL AGROINDUSTRIA LTDA;MEL;FCL;2;0;20 DRY BOX;2
EM0185-25;6416097870;23/04/2025 09:05;25/05/2025;24/06/2025;PARANAGUA;HOUSTON;SUNLAND TRADING;COSCO SHIPPING;ALESSIA;Finalizado;MARINGÁ-MINAMEL AGROINDUSTRIA LTDA;MEL;FCL;4;0;20 DRY BOX;4
EM0186-25;21430442;23/04/2025 15:01;14/05/2025;17/06/2025;ITAJAI;LONDON GATEWAY PORT;LAMEX FOODS EUROPE LTD;HAPAG LLOYD;NC BRAVO;Finalizado;MINAMEL AGROINDUSTRIA LTDA;MEL;FCL;2;0;20 DRY BOX;2
EM0187-25;30196045;23/04/2025 16:34;15/05/2025;07/06/2025;RIO GRANDE;CAUCEDO;GREAT HARVEST CO. LTD.;HAPAG LLOYD;LE HAVRE EXPRESS;Finalizado;BRINOX METALURGICA SA;FURNITURE;FCL;0;1;40 HIGH CUBE;2
EM0188-25;30196045;23/04/2025 16:36;15/05/2025;07/06/2025;RIO GRANDE;CAUCEDO;GREAT HARVEST CO. LTD.;HAPAG LLOYD;LE HAVRE EXPRESS;Finalizado;POLITORNO MOVEIS LTDA;FURNITURE;FCL;0;1;40 HIGH CUBE;2
EM0189-25;30196045;23/04/2025 16:39;15/05/2025;07/06/2025;RIO GRANDE;CAUCEDO;GREAT HARVEST CO. LTD.;HAPAG LLOYD;LE HAVRE EXPRESS;Finalizado;COMPLETA INDUSTRIA DE MOVEIS LTDA;FURNITURE;FCL;0;1;40 HIGH CUBE;2
EM0190-25;23772223;23/04/2025 18:00;15/05/2025;22/06/2025;SALVADOR;HELSINKI;MAPPER LOGISTICA DE COMERCIO EXTERIOR;HAPAG LLOYD;MSC VILDA X;Finalizado;CALCADOS PEGADA NORDESTE LTDA;SAPATOS;FCL;0;1;40 HIGH CUBE;2
EM0191-25;APU146060;24/04/2025 08:43;12/05/2025;09/06/2025;SANTOS;ASHDOD;JAPI S/A. INDUSTRIA E COMERCIO;MAERSK LINE;SAN AUGUSTIN MAERSK;Finalizado;JAPI S/A. INDUSTRIA E COMERCIO;PARTES E PEÇAS;FCL;0;6;40 HIGH CUBE;12
EM0192-25;APU148315;24/04/2025 09:07;19/05/2025;23/06/2025;SANTOS;ASHDOD;JAPI S/A. INDUSTRIA E COMERCIO;MAERSK LINE;MAERSK LETICIA;Finalizado;JAPI S/A. INDUSTRIA E COMERCIO;PARTES E PEÇAS;FCL;0;6;40 HIGH CUBE;12
EM0193-25;253131865;24/04/2025 13:51;04/06/2025;03/07/2025;RIO GRANDE;PORT EVERGLADES;MAPPER LOGISTICA DE COMERCIO EXTERIOR;MAERSK LINE;MAERSK MONTE LINZOR;Finalizado;IMS BRAZIL LTDA;ALIMENTOS EM GERAL;FCL;0;1;40 HIGH CUBE;2
EM0194-25;28270218;24/04/2025 16:18;10/06/2025;08/07/2025;RIO GRANDE;HOUSTON;MAPPER LOGISTICA DE COMERCIO EXTERIOR;HAPAG LLOYD;SEASPAN EMPIRE;Finalizado;IMS BRAZIL LTDA;ALIMENTOS EM GERAL;FCL;0;1;40 HIGH CUBE;2
EM0197-25;253268086;28/04/2025 15:04;12/05/2025;29/05/2025;SANTOS;PHILADELPHIA;SUNLAND TRADING;MAERSK LINE;RDO FORTUNE;Finalizado;APIDOURO COMERCIAL EXPORTADORA E IMPORTADORA LTDA;MEL;FCL;2;0;20 DRY BOX;2
EM0198-25;253318755;29/04/2025 10:39;17/05/2025;12/06/2025;ITAPOA;PORT EVERGLADES;PATMO LUMBER TRADE;MAERSK LINE;MONTE TAMARO;Finalizado;ESQUADRIBRAS - INDUSTRIA DE ESQUADRIAS LTDA;DOORS;FCL;0;1;40 HIGH CUBE;2
EM0199-25;253318833;29/04/2025 10:46;23/05/2025;19/06/2025;ITAPOA;PORT EVERGLADES;PATMO LUMBER TRADE;MAERSK LINE;MONTE VERDE;Finalizado;ESQUADRIBRAS - INDUSTRIA DE ESQUADRIAS LTDA;DOORS;FCL;0;1;40 HIGH CUBE;2
EM0200-25;EBKG12650191;29/04/2025 11:11;17/05/2025;13/07/2025;NAVEGANTES;ASHDOD;M.A MANUFACTURING AND;MSC MEDITERRANEO;MSC SARA ELENA;Finalizado;MADEIRAS NEDRI LTDA;MADEIRA;FCL;0;1;40 HIGH CUBE;2
EM0202-25;253328191;29/04/2025 15:20;08/05/2025;05/06/2025;RIO GRANDE;PORT EVERGLADES;DOMPEL INDUSTRIA PLASTICA E METALURGICA LTDA;MAERSK LINE;RDO FORTUNE;Finalizado;DOMPEL INDUSTRIA PLASTICA E METALURGICA LTDA;;FCL;0;1;40 HIGH CUBE;2
EM0203-25;12777504;29/04/2025 15:40;02/06/2025;23/06/2025;SANTOS;HEREDIA, CR - ALL TRUCK;MAPPER LOGISTICA DE COMERCIO EXTERIOR;HAPAG LLOYD;JAZAN;Finalizado;CALCADOS RAMARIM LTDA;SAPATOS;FCL;0;1;40 HIGH CUBE;2
EM0204-25;253330703;29/04/2025 17:35;27/05/2025;25/06/2025;RIO GRANDE;HEREDIA, CR - ALL TRUCK;MAPPER LOGISTICA DE COMERCIO EXTERIOR;MAERSK LINE;JAZAN;Finalizado;CALCADOS MARTE LTDA;SAPATOS;FCL;0;3;40 HIGH CUBE;6
EM0205-25;253370871;30/04/2025 08:19;25/05/2025;13/06/2025;SANTOS;PHILADELPHIA;SUNLAND TRADING;MAERSK LINE;MONTE VERDE;Finalizado;APIDOURO COMERCIAL EXPORTADORA E IMPORTADORA LTDA;MEL;FCL;1;0;20 DRY BOX;1
EM0206-25;253373477;30/04/2025 08:56;07/06/2025;07/07/2025;ITAPOA;SAVANNAH;MILLWORK EXPRESSIONS INC - MILLEX;MAERSK LINE;CAPE SOREL;Finalizado;MOVEIS RUDNICK S A;FURNITURE;FCL;1;0;20 DRY BOX;1
EM0207-25;39204440;30/04/2025 15:34;17/05/2025;09/06/2025;NAVEGANTES;ORANJESTAD;PATMO LUMBER TRADE;HAPAG LLOYD;LE HAVRE EXPRESS;Finalizado;INDUSTRIA DE COMPENSADOS GUARARAPES LTDA;MADEIRA;FCL;0;3;40 HIGH CUBE;6
EM0208-25;2307889700;30/04/2025 15:47;23/05/2025;23/07/2025;PARANAGUA;ASHDOD;INTERNATIONAL FOREST PRODUCTS;OOCL;XIN CHONG QING;Finalizado;AGRO FLORESTAL SEPAC LTDA;MADEIRA;FCL;0;2;40 HIGH CUBE;4
EM0209-25;2307892550;02/05/2025 14:57;22/05/2025;23/07/2025;ITAPOA;ASHDOD;KAMISA BROTHERS;OOCL;XIN CHONG QING;Finalizado;EVOLUTION COMERCIAL EXPORTADORA LTDA;MADEIRA;FCL;0;1;40 HIGH CUBE;2
EM0210-25;253476769;05/05/2025 08:59;02/06/2025;02/07/2025;PARANAGUA;PHILADELPHIA;SUNLAND TRADING;MAERSK LINE;CAPE SOREL;Finalizado;MINAMEL AGROINDUSTRIA LTDA;MEL;FCL;4;0;20 DRY BOX;4
EM0211-25;253476826;05/05/2025 09:07;30/05/2025;20/06/2025;ITAPOA;PHILADELPHIA;SUNLAND TRADING;MAERSK LINE;WIELAND;Finalizado;MINAMEL AGROINDUSTRIA LTDA;MEL;FCL;3;0;20 DRY BOX;3
EM0212-25;APU151469;06/05/2025 10:29;02/06/2025;07/07/2025;SANTOS;HAIFA;JAPI S/A. INDUSTRIA E COMERCIO;MAERSK LINE;SAN RAPHAEL MAERSK;Finalizado;JAPI S/A. INDUSTRIA E COMERCIO;PARTES E PEÇAS;FCL;0;3;40 HIGH CUBE;6
EM0213-25;APU152162;06/05/2025 14:22;25/05/2025;14/06/2025;ITAPOA;CARTAGENA, CO;METALURGICA TRAPP LTDA;MAERSK LINE;GSL ARCADIA;Finalizado;METALURGICA TRAPP LTDA;MAQUINARIOS;FCL;1;0;20 DRY BOX;1
EM0214-25;ZIMUVTR8024391;07/05/2025 10:49;13/05/2025;24/06/2025;VITORIA (MARITIMO);HAIFA;SEAWAY LOGISTICS LTDA;ZIM;LOG-IN PANTANAL;Finalizado;PBA SERVICOS E COMERCIO DE PEDRAS ORNAMENTAIS LTDA;MARMORE, GRANITO, PEDRAS;FCL;1;0;20 DRY BOX;1
EM0215-25;APU152736;07/05/2025 16:12;08/06/2025;03/07/2025;SANTOS;HAIFA;JAPI S/A. INDUSTRIA E COMERCIO;MAERSK LINE;MAERSK LANCO;Finalizado;JAPI S/A. INDUSTRIA E COMERCIO;PARTES E PEÇAS;FCL;0;3;40 HIGH CUBE;6
EM0216-25;2307905580;08/05/2025 09:13;06/07/2025;13/08/2025;SANTOS;HAIFA;JAPI S/A. INDUSTRIA E COMERCIO;OOCL;NYK DEMETER;Finalizado;JAPI S/A. INDUSTRIA E COMERCIO;PARTES E PEÇAS;FCL;0;3;40 HIGH CUBE;6
EM0217-25;35029077;08/05/2025 11:00;16/05/2025;17/07/2025;RIO GRANDE;LISBOA;MAPPER LOGISTICA DE COMERCIO EXTERIOR;HAPAG LLOYD;MSC ATHENS;Finalizado;CALCADOS MARTE LTDA;SAPATOS;FCL;1;0;20 DRY BOX;1
EM0218-25;SSZ1627451;08/05/2025 11:20;07/06/2025;17/07/2025;SALVADOR;SAN JUAN;MAPPER LOGISTICA DE COMERCIO EXTERIOR;CMA CGM DO BRASIL;ALESSIA;Finalizado;CALCADOS PEGADA NORDESTE LTDA;SAPATOS;FCL;0;1;40 HIGH CUBE;2
EM0220-25;253487361;08/05/2025 14:53;30/05/2025;24/06/2025;PARANAGUA;HOUSTON;SUNLAND TRADING;MAERSK LINE;GSL ARCADIA;Finalizado;MINAMEL AGROINDUSTRIA LTDA;MEL;FCL;3;0;20 DRY BOX;3
EM0223-25;253487342;08/05/2025 15:01;12/06/2025;08/07/2025;PARANAGUA;PHILADELPHIA;SUNLAND TRADING;MAERSK LINE;MSC VANCOUVER;Finalizado;MINAMEL AGROINDUSTRIA LTDA;MEL;FCL;2;0;20 DRY BOX;2
EM0224-25;253487451;08/05/2025 15:13;30/05/2025;20/06/2025;ITAPOA;PHILADELPHIA;SUNLAND TRADING;MAERSK LINE;WIELAND;Finalizado;MINAMEL AGROINDUSTRIA LTDA;MEL;FCL;5;0;20 DRY BOX;5
EM0225-25;253487476;08/05/2025 15:16;30/05/2025;20/06/2025;ITAPOA;PHILADELPHIA;SUNLAND TRADING;MAERSK LINE;WIELAND;Finalizado;MINAMEL AGROINDUSTRIA LTDA;MEL;FCL;2;0;20 DRY BOX;2
EM0226-25;253618009;08/05/2025 15:18;30/05/2025;25/06/2025;PARANAGUA;HOUSTON;SUNLAND TRADING;MAERSK LINE;GSL ARCADIA;Finalizado;MINAMEL AGROINDUSTRIA LTDA;MEL;FCL;1;0;20 DRY BOX;1
EM0227-25;APU155105;13/05/2025 10:52;17/06/2025;21/07/2025;SANTOS;ASHDOD;JAPI S/A. INDUSTRIA E COMERCIO;MAERSK LINE;SAN LORENZO MAERSK;Finalizado;JAPI S/A. INDUSTRIA E COMERCIO;PARTES E PEÇAS;FCL;0;3;40 HIGH CUBE;6
EM0228-25;APU155120;13/05/2025 11:01;07/07/2025;12/08/2025;SANTOS;ASHDOD;JAPI S/A. INDUSTRIA E COMERCIO;MAERSK LINE;CAP SAN ARTEMISSIO;Finalizado;JAPI S/A. INDUSTRIA E COMERCIO;PARTES E PEÇAS;FCL;0;3;40 HIGH CUBE;6
EM0229-25;EBKG12819177;13/05/2025 17:06;04/06/2025;16/07/2025;PARANAGUA;SEATTLE;M. A. COMISSARIA;MSC MEDITERRANEO;MSC DAMLA;Finalizado;IRUNA S.A.I.C.;;FCL;0;1;40 HIGH CUBE;2
EM0230-25;254117976;19/05/2025 09:36;26/05/2025;13/06/2025;SANTOS;PHILADELPHIA;SUNLAND TRADING;MAERSK LINE;MONTE VERDE;Finalizado;FLORA NECTAR INDUSTRIA COMERCIO IMPORTACAO E EXPORTACAO LTDA;MEL;FCL;3;0;20 DRY BOX;3
EM0231-25;254119734;19/05/2025 10:06;28/05/2025;18/06/2025;SANTOS;HOUSTON;SUNLAND TRADING;MAERSK LINE;MSC PETRA;Finalizado;FLORA NECTAR INDUSTRIA COMERCIO IMPORTACAO E EXPORTACAO LTDA;MEL;FCL;1;0;20 DRY BOX;1
EM0232-25;254049194;19/05/2025 10:07;02/06/2025;21/07/2025;ITAPOA;ASHDOD;INTERNATIONAL FOREST PRODUCTS;MAERSK LINE;MAERSK LOTA;Finalizado;LEVEL IMPORTACAO, EXPORTACAO E COMERCIO S/A;MADEIRA;FCL;0;1;40 HIGH CUBE;2
EM0233-25;2760591000;19/05/2025 14:44;24/06/2025;25/07/2025;PARANAGUA;IZMIR;M. A. COMISSARIA;OOCL;BROOKLYN BRIDGE;Finalizado;RONDONIA RURAL AGROINDUSTRIAL;MADEIRA;FCL;0;1;40 HIGH CUBE;2
EM0234-25;254185592;20/05/2025 11:33;06/06/2025;24/06/2025;ITAPOA;NEWARK;PATMO LUMBER TRADE;MAERSK LINE;MAERSK MONTE LINZOR;Finalizado;ESQUADRIBRAS - INDUSTRIA DE ESQUADRIAS LTDA;LUMBER;FCL;0;1;40 HIGH CUBE;2
EM0235-25;254185624;20/05/2025 11:38;06/06/2025;24/06/2025;ITAPOA;NEWARK;PATMO LUMBER TRADE;MAERSK LINE;MAERSK MONTE LINZOR;Finalizado;ESQUADRIBRAS - INDUSTRIA DE ESQUADRIAS LTDA;LUMBER;FCL;0;1;40 HIGH CUBE;2
EM0236-25;254185665;20/05/2025 11:41;06/06/2025;24/06/2025;ITAPOA;NEWARK;PATMO LUMBER TRADE;MAERSK LINE;MAERSK MONTE LINZOR;Finalizado;ESQUADRIBRAS - INDUSTRIA DE ESQUADRIAS LTDA;LUMBER;FCL;0;1;40 HIGH CUBE;2
EM0237-25;254185691;20/05/2025 11:54;13/06/2025;01/07/2025;ITAPOA;NEWARK;SORELLE FURNITURE;MAERSK LINE;MAERSK MONTE AZUL;Finalizado;MOVEIS RUDNICK S A;FURNITURE;FCL;0;1;40 HIGH CUBE;2
EM0238-25;254185521;20/05/2025 13:39;13/06/2025;01/07/2025;ITAPOA;NEWARK;ARTEFATOS DE MADEIRAS STOLF LTDA;MAERSK LINE;MAERSK MONTE AZUL;Finalizado;ARTEFATOS DE MADEIRAS STOLF LTDA;MADEIRA;FCL;0;1;40 HIGH CUBE;2
EM0239-25;SSZ1634416;21/05/2025 08:23;02/06/2025;08/07/2025;IMBITUBA;POINTE-A-PITRE;MAPPER LOGISTICA DE COMERCIO EXTERIOR;CMA CGM DO BRASIL;HANS SCHULTE;Finalizado;CALCADOS BEIRA RIO S/A;SAPATOS;FCL;1;0;20 DRY BOX;1
EM0240-25;SSZ1634416;21/05/2025 08:29;02/06/2025;08/07/2025;IMBITUBA;POINTE-A-PITRE;MAPPER LOGISTICA DE COMERCIO EXTERIOR;CMA CGM DO BRASIL;HANS SCHULTE;Finalizado;IND. E COM. DE CALCADOS VIASCARPA LTDA;SAPATOS;FCL;1;0;20 DRY BOX;1
EM0241-25;SSZ1634663;21/05/2025 14:35;09/06/2025;11/07/2025;IMBITUBA;FORT DE FRANCE;MAPPER LOGISTICA DE COMERCIO EXTERIOR;CMA CGM DO BRASIL;ENSENADA;Finalizado;CALCADOS BEIRA RIO S/A;SAPATOS;FCL;1;0;20 DRY BOX;1
EM0242-25;SSZ1634663;21/05/2025 15:11;09/06/2025;11/07/2025;IMBITUBA;FORT DE FRANCE;MAPPER LOGISTICA DE COMERCIO EXTERIOR;CMA CGM DO BRASIL;ENSENADA;Finalizado;A. GRINGS S.A.;SAPATOS;FCL;1;0;20 DRY BOX;1
EM0243-25;SSZ1634663;21/05/2025 15:13;09/06/2025;11/07/2025;IMBITUBA;FORT DE FRANCE;MAPPER LOGISTICA DE COMERCIO EXTERIOR;CMA CGM DO BRASIL;ENSENADA;Finalizado;ESTACAO BRASIL CALCADOS LTDA;SAPATOS;FCL;1;0;20 DRY BOX;1
EM0244-25;SSZ1634663;21/05/2025 15:14;09/06/2025;11/07/2025;IMBITUBA;FORT DE FRANCE;MAPPER LOGISTICA DE COMERCIO EXTERIOR;CMA CGM DO BRASIL;ENSENADA;Finalizado;SHOES EXPORTADORA E IMPORTADORA LTDA;SAPATOS;FCL;1;0;20 DRY BOX;1
EM0245-25;SSZ1635450;22/05/2025 16:04;13/06/2025;12/08/2025;SANTOS;DEGRAD DES CANNES;MAPPER LOGISTICA DE COMERCIO EXTERIOR;CMA CGM DO BRASIL;ENSENADA;Finalizado;CALCADOS BEIRA RIO S/A;SAPATOS;FCL;1;0;20 DRY BOX;1
EM0246-25;SSZ1635450;22/05/2025 16:07;13/06/2025;12/08/2025;SANTOS;DEGRAD DES CANNES;MAPPER LOGISTICA DE COMERCIO EXTERIOR;CMA CGM DO BRASIL;ENSENADA;Finalizado;PVC INDÚSTRIA E COMERCIO DE PLÁSTICOS LTDA;SAPATOS;FCL;1;0;20 DRY BOX;1
EM0247-25;SSZ1635639;23/05/2025 08:37;25/06/2025;18/09/2025;ITAPOA;VANCOUVER;MAPPER LOGISTICA DE COMERCIO EXTERIOR;CMA CGM DO BRASIL;COSCO SHIPPING ARGENTINA;Finalizado;IMS BRAZIL LTDA;ALIMENTOS EM GERAL;FCL;0;1;40 HIGH CUBE;2
EM0248-25;254309498;23/05/2025 13:44;16/07/2025;16/08/2025;SANTOS;HAIFA;JAPI S/A. INDUSTRIA E COMERCIO;MAERSK LINE;MAERSK LA PAZ;Finalizado;JAPI S/A. INDUSTRIA E COMERCIO;PARTES E PEÇAS;FCL;0;3;40 HIGH CUBE;6
EM0250-25;SSZ1634416;26/05/2025 08:47;02/06/2025;04/07/2025;IMBITUBA;POINTE-A-PITRE;MAPPER LOGISTICA DE COMERCIO EXTERIOR;CMA CGM DO BRASIL;HANS SCHULTE;Finalizado;IND. E COM. DE CALCADOS VIASCARPA LTDA;SAPATOS;FCL;1;0;20 DRY BOX;1
EM0251-25;254484617;27/05/2025 10:14;10/06/2025;21/07/2025;ITAPOA;ASHDOD;M.A MANUFACTURING AND;MAERSK LINE;CMA CGM COLUMBIA;Finalizado;MADESTIK MADEIRAS;MADEIRA;FCL;0;1;40 HIGH CUBE;2
EM0252-25;EBKG13010956;27/05/2025 10:39;12/06/2025;31/07/2025;ITAJAI;MONTREAL;PATMO LUMBER TRADE;MSC MEDITERRANEO;KURE;Finalizado;ESQUADRIBRAS - INDUSTRIA DE ESQUADRIAS LTDA;DOORS;FCL;0;1;40 HIGH CUBE;2
EM0253-25;254493924;27/05/2025 14:46;25/06/2025;20/08/2025;SANTOS;MANILA SOUTH;MAPPER LOGISTICA DE COMERCIO EXTERIOR;MAERSK LINE;MAERSK SANTANA;Finalizado;CALCADOS RAMARIM LTDA;SAPATOS;FCL;1;0;20 DRY BOX;1
EM0254-25;254494807;27/05/2025 15:28;20/06/2025;09/07/2025;ITAPOA;NEWARK;PATMO LUMBER TRADE;MAERSK LINE;MAERSK MONTE ALEGRE;Finalizado;ESQUADRIBRAS - INDUSTRIA DE ESQUADRIAS LTDA;LUMBER;FCL;0;2;40 HIGH CUBE;4
EM0255-25;254494834;27/05/2025 15:33;27/06/2025;15/07/2025;ITAPOA;NEWARK;PATMO LUMBER TRADE;MAERSK LINE;RDO FORTUNE;Finalizado;ESQUADRIBRAS - INDUSTRIA DE ESQUADRIAS LTDA;LUMBER;FCL;0;1;40 HIGH CUBE;2
EM0256-25;254494975;27/05/2025 15:43;13/06/2025;01/07/2025;ITAPOA;NEWARK;ARTEFATOS DE MADEIRAS STOLF LTDA;MAERSK LINE;MAERSK MONTE AZUL;Finalizado;ARTEFATOS DE MADEIRAS STOLF LTDA;MADEIRA;FCL;0;1;40 HIGH CUBE;2
EM0257-25;254496290;27/05/2025 17:06;16/07/2025;15/08/2025;ITAPOA;VERACRUZ;METALURGICA TRAPP LTDA;MAERSK LINE;MSC PETRA;Finalizado;METALURGICA TRAPP LTDA;MAQUINARIOS;FCL;0;2;40 HIGH CUBE;4
EM0258-25;254545410;28/05/2025 10:15;27/06/2025;15/07/2025;ITAPOA;NEWARK;ARTEFATOS DE MADEIRAS STOLF LTDA;MAERSK LINE;RDO FORTUNE;Finalizado;ARTEFATOS DE MADEIRAS STOLF LTDA;MADEIRA;FCL;0;1;40 HIGH CUBE;2
EM0259-25;254555251;28/05/2025 16:12;19/06/2025;29/07/2025;PARANAGUA;ASHDOD;INTERNATIONAL FOREST PRODUCTS;MAERSK LINE;MAERSK LAMANAI;Finalizado;FORMATEC COMPENSADOS;MADEIRA;FCL;0;2;40 HIGH CUBE;4
EM0263-25;SSZRON2506001;29/05/2025 08:27;23/06/2025;23/07/2025;SANTOS;REUNION;MAPPER LOGISTICA DE COMERCIO EXTERIOR;CMA CGM DO BRASIL;IRENES RULE;Finalizado;CALCADOS RAMARIM LTDA;ALIMENTOS EM GERAL;FCL;0;1;40 HIGH CUBE;2
EM0264-25;SSZ1634663;29/05/2025 10:44;09/06/2025;11/07/2025;IMBITUBA;FORT DE FRANCE;MAPPER LOGISTICA DE COMERCIO EXTERIOR;CMA CGM DO BRASIL;ENSENADA;Finalizado;CALCADOS BEIRA RIO S/A;SAPATOS;FCL;1;0;20 DRY BOX;1
EM0265-25;EBKG13078144;02/06/2025 11:46;18/07/2025;03/09/2025;PARANAGUA;SEATTLE;M. A. COMISSARIA;MSC MEDITERRANEO;MSC PETRA;Finalizado;LANIMAR INDUSTRIA DE MADEIRAS LTDA;;FCL;0;3;40 HIGH CUBE;6
EM0266-25;254656966;03/06/2025 08:26;21/06/2025;29/07/2025;PARANAGUA;ASHDOD;M.A MANUFACTURING AND;MAERSK LINE;SAN MARCO MAERSK;Finalizado;D.M.A. EXP. IMP. IND. E COM ATACADISTA DE ARTEFATOS DE MADEIRA EIRELI;MADEIRA;FCL;0;1;40 HIGH CUBE;2
EM0268-25;241ISZ2437408;03/06/2025 08:47;10/06/2025;10/07/2025;SANTOS;GENOA;MAPPER LOGISTICA DE COMERCIO EXTERIOR;MSC MEDITERRANEO;MSC AMALFI;Finalizado;CALCADOS FURLANETTO LTDA;SAPATOS;FCL;1;0;20 DRY BOX;1
EM0269-25;254750475;03/06/2025 09:01;15/06/2025;16/07/2025;ITAPOA;HOUSTON;MADEIRAS SALAMONI LTDA;MAERSK LINE;MAERSK KARUN;Finalizado;MADEIRAS SALAMONI LTDA;MADEIRA;FCL;0;1;40 HIGH CUBE;2
EM0270-25;14528572;04/06/2025 08:49;21/07/2025;16/08/2025;SALVADOR;HAMBURG;MAPPER LOGISTICA DE COMERCIO EXTERIOR;HAPAG LLOYD;BREMERHAVEN EXPRESS;Finalizado;CALCADOS PEGADA NORDESTE LTDA;SAPATOS;FCL;0;2;40 HIGH CUBE;4
EM0271-25;254872535;04/06/2025 09:18;23/06/2025;29/08/2025;SANTOS;PORT LOUIS;MAPPER LOGISTICA DE COMERCIO EXTERIOR;MAERSK LINE;MAERSK LAMANAI;Finalizado;A. GRINGS S.A.;SAPATOS;FCL;0;1;40 HIGH CUBE;2
EM0272-25;EBKG13096836;04/06/2025 10:08;28/06/2025;18/08/2025;PARANAGUA;SEATTLE;M. A. COMISSARIA;MSC MEDITERRANEO;MSC VITA;Finalizado;IRUNA S.A.I.C.;;FCL;0;1;40 HIGH CUBE;2
EM0273-25;SSZ1635450;04/06/2025 10:30;13/06/2025;12/08/2025;SANTOS;DEGRAD DES CANNES;MAPPER LOGISTICA DE COMERCIO EXTERIOR;CMA CGM DO BRASIL;ENSENADA;Finalizado;LOGX AGENCIAMENTO DE CARGAS LTDA;SAPATOS;FCL;1;0;20 DRY BOX;1
EM0274-25;EBKG13097349;04/06/2025 10:53;15/06/2025;28/07/2025;NAVEGANTES;ASHDOD;NESTOR SILVIO ZEILICOVICH;MSC MEDITERRANEO;MSC DOMITILLE;Finalizado;MADEIRO IND E COM DE MADEIRAS LTDA;MADEIRA;FCL;0;1;40 HIGH CUBE;2
EM0275-25;254872535;04/06/2025 11:16;23/06/2025;29/08/2025;SANTOS;PORT LOUIS;MAPPER LOGISTICA DE COMERCIO EXTERIOR;MAERSK LINE;MAERSK LAMANAI;Finalizado;DAKOTA CALCADOS S/A;SAPATOS;FCL;0;1;40 HIGH CUBE;2
EM0276-25;SAOF32994700;04/06/2025 17:09;08/08/2025;21/09/2025;RIO GRANDE;NANSHA;RESINAS JARDIM;ONE - OCEAN NETWORK EXPRESS;NYK DAEDALUS;Finalizado;RESINAS JARDIM;RESINA ISOFTALICA;FCL;2;0;20 DRY BOX;2
EM0277-25;38754264;05/06/2025 14:13;24/07/2025;19/08/2025;RIO GRANDE;HOUSTON;MAPPER LOGISTICA DE COMERCIO EXTERIOR;HAPAG LLOYD;LE HAVRE EXPRESS;Finalizado;IMS BRAZIL LTDA;ALIMENTOS EM GERAL;FCL;0;1;40 HIGH CUBE;2
EM0278-25;6420603100;05/06/2025 14:27;20/06/2025;18/08/2025;SANTOS;PARAMARIBO;BTOTH COMEX;COSCO SHIPPING;CARDIFF;Finalizado;ECTX S/A - EUCATEX;LUMBER;FCL;0;1;40 HIGH CUBE;2
EM0279-25;ZIMUITJ8049755;06/06/2025 15:32;06/07/2025;20/08/2025;ITAPOA;BARCADERA;PATMO LUMBER TRADE;ZIM;CHLOE D;Finalizado;INDUSTRIA DE COMPENSADOS GUARARAPES LTDA;MADEIRA;FCL;0;1;40 HIGH CUBE;2
EM0280-25;254920865;06/06/2025 19:01;21/06/2025;04/07/2025;PARANAGUA;CARTAGENA, CO;BR.O - INDUSTRIA DE BIORREFINARIA E OLEOQUIMICA LTDA;MAERSK LINE;MAERSK KARUN;Finalizado;BR.O - INDUSTRIA DE BIORREFINARIA E OLEOQUIMICA LTDA;PARTES E PEÇAS;FCL;0;1;40 DRY BOX;2
EM0281-25;254872535;09/06/2025 14:09;23/06/2025;29/08/2025;SANTOS;PORT LOUIS;MAPPER LOGISTICA DE COMERCIO EXTERIOR;MAERSK LINE;MAERSK LAMANAI;Finalizado;LOGX AGENCIAMENTO DE CARGAS LTDA;SAPATOS;FCL;0;1;40 HIGH CUBE;2
EM0282-25;EBKG13157841;09/06/2025 14:31;07/07/2025;03/09/2025;PARANAGUA;SEATTLE;M. A. COMISSARIA;MSC MEDITERRANEO;CATHERINE C;Finalizado;LANIMAR INDUSTRIA DE MADEIRAS LTDA;;FCL;0;3;40 HIGH CUBE;6
EM0283-25;254978844;09/06/2025 17:23;04/07/2025;31/07/2025;ITAPOA;PORT EVERGLADES;PATMO LUMBER TRADE;MAERSK LINE;MONTE TAMARO;Finalizado;ESQUADRIBRAS - INDUSTRIA DE ESQUADRIAS LTDA;LUMBER;FCL;0;1;40 HIGH CUBE;2
EM0284-25;254978867;09/06/2025 17:25;27/06/2025;24/07/2025;ITAPOA;PORT EVERGLADES;PATMO LUMBER TRADE;MAERSK LINE;RDO FORTUNE;Finalizado;ESQUADRIBRAS - INDUSTRIA DE ESQUADRIAS LTDA;LUMBER;FCL;0;1;40 HIGH CUBE;2
EM0285-25;ZIMUITJ8049792;10/06/2025 11:10;06/07/2025;20/08/2025;ITAPOA;PARAMARIBO;PATMO LUMBER TRADE;ZIM;CHLOE D;Finalizado;ESQUADRIBRAS - INDUSTRIA DE ESQUADRIAS LTDA;DOORS;FCL;0;1;40 HIGH CUBE;2
EM0286-25;255074578;11/06/2025 10:20;05/08/2025;28/08/2025;SANTOS;HAIFA;JAPI S/A. INDUSTRIA E COMERCIO;MAERSK LINE;SAN RAPHAEL MAERSK;Finalizado;JAPI S/A. INDUSTRIA E COMERCIO;POLYRESIN PLANTERS;FCL;0;3;40 HIGH CUBE;6
EM0287-25;255075669;11/06/2025 10:24;21/07/2025;16/08/2025;SANTOS;HAIFA;JAPI S/A. INDUSTRIA E COMERCIO;MAERSK LINE;MAERSK LETICIA;Finalizado;JAPI S/A. INDUSTRIA E COMERCIO;POLYRESIN PLANTERS;FCL;0;3;40 HIGH CUBE;6
EM0288-25;6421201920;11/06/2025 14:11;03/07/2025;28/08/2025;SANTOS;PARAMARIBO;BTOTH COMEX;COSCO SHIPPING;CMA CGM MERCANTOUR;Finalizado;ECTX S/A - EUCATEX;LUMBER;FCL;1;0;20 DRY BOX;1
EM0291-25;255085822;11/06/2025 15:05;31/07/2025;17/08/2025;RIO GRANDE;GUAYAQUIL;PARACAMIONES CIA LTDA;MAERSK LINE;MAERSK EVERGLADES;Finalizado;TKA GUINDASTES INDUSTRIA E COMERCIO LTDA;MAQUINARIOS;FCL;0;1;40 OPEN TOP;2
EM0292-25;255088964;12/06/2025 09:23;30/06/2025;12/08/2025;ITAPOA;IZMIR;M. A. COMISSARIA;MAERSK LINE;CMA CGM YUKON;Finalizado;RONDONIA RURAL AGROINDUSTRIAL;MADEIRA;FCL;0;1;40 HIGH CUBE;2
EM0293-25;6421337220;13/06/2025 14:19;03/07/2025;31/08/2025;SANTOS;PARAMARIBO;BTOTH COMEX;COSCO SHIPPING;CMA CGM MERCANTOUR;Finalizado;ECTX S/A - EUCATEX;LUMBER;FCL;2;0;20 DRY BOX;2
EM0294-25;SSZ1643150;16/06/2025 17:18;21/06/2025;14/08/2025;RIO GRANDE;CHENNAI;RESINAS JARDIM;CMA CGM DO BRASIL;MERCOSUL SUAPE;Finalizado;RESINAS JARDIM;RESINA ISOFTALICA;FCL;0;0;;0
EM0295-25;SSZ1645046;17/06/2025 09:34;30/06/2025;30/07/2025;IMBITUBA;BRIDGETOWN;MAPPER LOGISTICA DE COMERCIO EXTERIOR;CMA CGM DO BRASIL;CMA CGM MERCANTOUR;Finalizado;CALCADOS BEIRA RIO S/A;SAPATOS;FCL;0;1;40 HIGH CUBE;2
EM0297-25;SSZ1640840;17/06/2025 14:22;24/06/2025;26/07/2025;IMBITUBA;POINTE-A-PITRE;MAPPER LOGISTICA DE COMERCIO EXTERIOR;CMA CGM DO BRASIL;SWANSEA;Finalizado;IND. E COM. DE CALCADOS VIASCARPA LTDA;SAPATOS;FCL;0;1;40 HIGH CUBE;2
EM0298-25;SSZ1640840;17/06/2025 14:28;24/06/2025;26/07/2025;IMBITUBA;POINTE-A-PITRE;MAPPER LOGISTICA DE COMERCIO EXTERIOR;CMA CGM DO BRASIL;SWANSEA;Finalizado;IND. E COM. DE CALCADOS VIASCARPA LTDA;SAPATOS;FCL;0;1;40 HIGH CUBE;2
EM0299-25;SSZ1640840;17/06/2025 14:31;24/06/2025;26/07/2025;IMBITUBA;POINTE-A-PITRE;MAPPER LOGISTICA DE COMERCIO EXTERIOR;CMA CGM DO BRASIL;SWANSEA;Finalizado;IND. E COM. DE CALCADOS VIASCARPA LTDA;SAPATOS;FCL;0;1;40 HIGH CUBE;2
EM0300-25;SSZ1640840;17/06/2025 14:33;24/06/2025;26/07/2025;IMBITUBA;POINTE-A-PITRE;MAPPER LOGISTICA DE COMERCIO EXTERIOR;CMA CGM DO BRASIL;SWANSEA;Finalizado;IND. E COM. DE CALCADOS VIASCARPA LTDA;SAPATOS;FCL;0;1;40 HIGH CUBE;2
EM0301-25;SSZ1640840;17/06/2025 14:36;24/06/2025;26/07/2025;IMBITUBA;POINTE-A-PITRE;MAPPER LOGISTICA DE COMERCIO EXTERIOR;CMA CGM DO BRASIL;SWANSEA;Finalizado;ESTACAO BRASIL CALCADOS LTDA;SAPATOS;FCL;0;1;40 HIGH CUBE;2
EM0302-25;SSZ1640840;17/06/2025 14:38;24/06/2025;26/07/2025;IMBITUBA;POINTE-A-PITRE;MAPPER LOGISTICA DE COMERCIO EXTERIOR;CMA CGM DO BRASIL;SWANSEA;Finalizado;A. GRINGS S.A.;SAPATOS;FCL;0;1;40 HIGH CUBE;2
EM0303-25;EBKG13323403;17/06/2025 15:21;18/07/2025;03/09/2025;PARANAGUA;SEATTLE;M. A. COMISSARIA;MSC MEDITERRANEO;MSC PETRA;Finalizado;IRUNA S.A.I.C.;;FCL;0;1;40 HIGH CUBE;2
EM0304-25;255553724;23/06/2025 10:05;08/07/2025;21/08/2025;RIO GRANDE;HAIPHONG;RESINAS JARDIM;MAERSK LINE;BARTOLOMEU DIAS;Finalizado;RESINAS JARDIM;RESINA ISOFTALICA;FCL;0;2;40 HIGH CUBE;4
EM0305-25;SSZ1645046;23/06/2025 10:45;30/06/2025;30/07/2025;IMBITUBA;BRIDGETOWN;MAPPER LOGISTICA DE COMERCIO EXTERIOR;CMA CGM DO BRASIL;CMA CGM MERCANTOUR;Finalizado;LOGX AGENCIAMENTO DE CARGAS LTDA;SAPATOS;FCL;0;1;40 HIGH CUBE;2
EM0306-25;EBKG13323340;23/06/2025 13:29;15/07/2025;04/09/2025;ITAJAI;BALTIMORE;MADESP IND E COM DE MADEIRAS LTD;MSC MEDITERRANEO;MSC QINGDAO;Finalizado;MADESP IND E COM DE MADEIRAS LTD;MADEIRA;FCL;0;4;40 HIGH CUBE;8
EM0307-25;255627161;24/06/2025 11:39;04/08/2025;15/10/2025;RIO GRANDE;MELBOURNE;MAPPER LOGISTICA DE COMERCIO EXTERIOR;MAERSK LINE;VICENTE PINZON;Finalizado;IMS BRAZIL LTDA;ALIMENTOS EM GERAL;FCL;0;1;40 HIGH CUBE;2
EM0308-25;255370215;25/06/2025 14:02;04/07/2025;04/08/2025;PARANAGUA;GUAYAQUIL;STEELPACK GROUP BRASIL LTDA;MAERSK LINE;MSC LOS ANGELES;Finalizado;STEELPACK GROUP BRASIL LTDA;PARTES E PEÇAS;FCL;0;2;40 HIGH CUBE;4
EM0309-25;255370261;25/06/2025 14:09;04/07/2025;04/08/2025;PARANAGUA;GUAYAQUIL;STEELPACK GROUP BRASIL LTDA;MAERSK LINE;MSC LOS ANGELES;Finalizado;STEELPACK GROUP BRASIL LTDA;PARTES E PEÇAS;FCL;0;2;40 HIGH CUBE;4
EM0310-25;33419316;25/06/2025 16:17;12/07/2025;07/08/2025;SALVADOR;HAMBURG;MAPPER LOGISTICA DE COMERCIO EXTERIOR;HAPAG LLOYD;XIAMEN EXPRESS;Finalizado;CALCADOS PEGADA NORDESTE LTDA;SAPATOS;FCL;0;1;40 HIGH CUBE;2
EM0314-25;255757087;26/06/2025 10:57;23/07/2025;15/08/2025;RIO GRANDE;NEWARK;MAPPER LOGISTICA DE COMERCIO EXTERIOR;MAERSK LINE;MAERSK MONTE LINZOR;Finalizado;IMS BRAZIL LTDA;ALIMENTOS EM GERAL;FCL;0;1;40 HIGH CUBE;2
EM0315-25;255757695;27/06/2025 08:32;06/07/2025;31/07/2025;SANTOS;PORT EVERGLADES;LUME COMERCIO EXTERIOR LTDA;MAERSK LINE;MONTE TAMARO;Finalizado;EQUILAM INDUSTRIA E COMERCIO LTDA;PARTES E PEÇAS;FCL;0;1;40 HIGH CUBE;2
EM0316-25;255749768;27/06/2025 09:10;21/07/2025;01/09/2025;ITAPOA;ASHDOD;INTERNATIONAL FOREST PRODUCTS;MAERSK LINE;CMA CGM COLUMBIA;Finalizado;LEVEL IMPORTACAO, EXPORTACAO E COMERCIO S/A;MADEIRA;FCL;0;1;40 HIGH CUBE;2
EM0317-25;255808117;27/06/2025 09:39;11/07/2025;29/07/2025;ITAPOA;NEWARK;SORELLE FURNITURE;MAERSK LINE;MAERSK MONTE PASCOAL;Finalizado;MOVEIS RUDNICK S A;FURNITURE;FCL;0;1;40 HIGH CUBE;2
EM0318-25;255808194;27/06/2025 09:45;11/07/2025;29/07/2025;ITAPOA;NEWARK;PATMO LUMBER TRADE;MAERSK LINE;MAERSK MONTE PASCOAL;Finalizado;ESQUADRIBRAS - INDUSTRIA DE ESQUADRIAS LTDA;LUMBER;FCL;0;1;40 HIGH CUBE;2
EM0319-25;255808299;27/06/2025 09:48;25/07/2025;15/08/2025;ITAPOA;NEWARK;PATMO LUMBER TRADE;MAERSK LINE;MAERSK MONTE LINZOR;Finalizado;ESQUADRIBRAS - INDUSTRIA DE ESQUADRIAS LTDA;LUMBER;FCL;0;1;40 HIGH CUBE;2
EM0320-25;68331345;27/06/2025 09:52;13/07/2025;11/08/2025;SALVADOR;LE HAVRE;MAPPER LOGISTICA DE COMERCIO EXTERIOR;HAPAG LLOYD;XIAMEN EXPRESS;Finalizado;LOGX AGENCIAMENTO DE CARGAS LTDA;SAPATOS;FCL;0;2;40 HIGH CUBE;4
EM0321-25;255808358;27/06/2025 09:52;19/07/2025;05/08/2025;ITAPOA;NEWARK;PATMO LUMBER TRADE;MAERSK LINE;WIELAND;Finalizado;ESQUADRIBRAS - INDUSTRIA DE ESQUADRIAS LTDA;LUMBER;FCL;0;1;40 HIGH CUBE;2
EM0322-25;255808401;27/06/2025 09:54;19/07/2025;05/08/2025;ITAPOA;NEWARK;PATMO LUMBER TRADE;MAERSK LINE;WIELAND;Finalizado;ESQUADRIBRAS - INDUSTRIA DE ESQUADRIAS LTDA;LUMBER;FCL;0;1;40 HIGH CUBE;2
EM0323-25;255808482;27/06/2025 09:57;19/07/2025;05/08/2025;ITAPOA;NEWARK;PATMO LUMBER TRADE;MAERSK LINE;WIELAND;Finalizado;ESQUADRIBRAS - INDUSTRIA DE ESQUADRIAS LTDA;LUMBER;FCL;0;1;40 HIGH CUBE;2
EM0324-25;255808648;27/06/2025 09:59;25/07/2025;15/08/2025;ITAPOA;NEWARK;PATMO LUMBER TRADE;MAERSK LINE;MAERSK MONTE LINZOR;Finalizado;ESQUADRIBRAS - INDUSTRIA DE ESQUADRIAS LTDA;LUMBER;FCL;0;1;40 HIGH CUBE;2
EM0325-25;29132819;27/06/2025 10:02;20/07/2025;04/09/2025;RIO GRANDE;LE HAVRE;MAPPER LOGISTICA DE COMERCIO EXTERIOR;HAPAG LLOYD;CZECH;Finalizado;LOGX AGENCIAMENTO DE CARGAS LTDA;SAPATOS;FCL;1;0;20 DRY BOX;1
EM0326-25;68331345;27/06/2025 14:10;13/07/2025;11/08/2025;SALVADOR;LE HAVRE;MAPPER LOGISTICA DE COMERCIO EXTERIOR;HAPAG LLOYD;XIAMEN EXPRESS;Finalizado;CALCADOS PEGADA NORDESTE LTDA;SAPATOS;FCL;0;2;40 HIGH CUBE;4
EM0327-25;29132819;27/06/2025 14:31;20/07/2025;04/09/2025;RIO GRANDE;LE HAVRE;MAPPER LOGISTICA DE COMERCIO EXTERIOR;HAPAG LLOYD;CZECH;Finalizado;A. GRINGS S.A.;SAPATOS;FCL;1;0;20 DRY BOX;1
EM0328-25;29132819;27/06/2025 14:38;20/07/2025;04/09/2025;RIO GRANDE;LE HAVRE;MAPPER LOGISTICA DE COMERCIO EXTERIOR;HAPAG LLOYD;CZECH;Finalizado;ESTACAO BRASIL CALCADOS LTDA;SAPATOS;FCL;1;0;20 DRY BOX;1
EM0329-25;29132819;27/06/2025 14:43;20/07/2025;04/09/2025;RIO GRANDE;LE HAVRE;MAPPER LOGISTICA DE COMERCIO EXTERIOR;HAPAG LLOYD;CZECH;Finalizado;CALCADOS BEIRA RIO S/A;SAPATOS;FCL;1;0;20 DRY BOX;1
EM0330-25;19392709;27/06/2025 16:24;09/09/2025;04/10/2025;SALVADOR;HAMBURG;MAPPER LOGISTICA DE COMERCIO EXTERIOR;HAPAG LLOYD;MSC LEILA;Finalizado;CALCADOS PEGADA NORDESTE LTDA;SAPATOS;FCL;0;1;40 HIGH CUBE;2
EM0332-25;255820867;27/06/2025 16:33;15/08/2025;06/10/2025;SANTOS;MUNDRA;TWS COMEX;MAERSK LINE;MAERSK LANCO;Finalizado;COMPO EXPERT BRASIL FERTILIZANTES LTDA.;FERTILIZANTE;FCL;1;0;20 DRY BOX;1
EM0333-25;255820907;27/06/2025 16:35;14/08/2025;06/10/2025;SANTOS;MUNDRA;TWS COMEX;MAERSK LINE;MAERSK LANCO;Finalizado;COMPO EXPERT BRASIL FERTILIZANTES LTDA.;FERTILIZANTE;FCL;1;0;20 DRY BOX;1
EM0334-25;SSZ1650648;27/06/2025 16:43;12/07/2025;03/09/2025;SANTOS;TRIPOLI, LB;MAPPER LOGISTICA DE COMERCIO EXTERIOR;CMA CGM DO BRASIL;SANTA INES;Finalizado;LOGX AGENCIAMENTO DE CARGAS LTDA;SAPATOS;FCL;0;1;40 HIGH CUBE;2
EM0335-25;SSZ1650648;27/06/2025 17:00;12/07/2025;03/09/2025;SANTOS;TRIPOLI, LB;MAPPER LOGISTICA DE COMERCIO EXTERIOR;CMA CGM DO BRASIL;SANTA INES;Finalizado;CALCADOS RAMARIM LTDA;SAPATOS;FCL;0;1;40 HIGH CUBE;2
EM0336-25;SSZ1650648;27/06/2025 17:07;12/07/2025;03/09/2025;SANTOS;TRIPOLI, LB;MAPPER LOGISTICA DE COMERCIO EXTERIOR;CMA CGM DO BRASIL;SANTA INES;Finalizado;CALCADOS PEGADA NORDESTE LTDA;SAPATOS;FCL;0;1;40 HIGH CUBE;2
EM0337-25;;30/06/2025 08:50;25/07/2025;01/01/2025;ITAPOA;NEWARK;ARTEFATOS DE MADEIRAS STOLF LTDA;MAERSK LINE;MAERSK MONTE LINZOR;Finalizado;ARTEFATOS DE MADEIRAS STOLF LTDA;MADEIRA;FCL;0;1;40 HIGH CUBE;2
EM0338-25;255890564;30/06/2025 16:59;10/09/2025;10/11/2025;RIO GRANDE;NHAVA SHEVA;RESINAS JARDIM;MAERSK LINE;MAERSK LA PAZ;Finalizado;RESINAS JARDIM;RESINA ISOFTALICA;FCL;3;0;20 DRY BOX;3
EM0339-25;EBKG13412985;30/06/2025 17:07;18/07/2025;03/09/2025;PARANAGUA;SEATTLE;M. A. COMISSARIA;MSC MEDITERRANEO;MSC PETRA;Finalizado;LANIMAR INDUSTRIA DE MADEIRAS LTDA;;FCL;0;1;40 HIGH CUBE;2
EM0340-25;256080885;30/06/2025 17:12;31/07/2025;29/08/2025;PARANAGUA;HAIFA;NESTOR SILVIO ZEILICOVICH;MAERSK LINE;MAERSK LABREA;Finalizado;ND. E COM. DE MADEIRAS SCHAFER LTDA-EPP;MADEIRA;FCL;0;1;40 HIGH CUBE;2
EM0341-25;EBKG13413131;30/06/2025 17:16;15/07/2025;29/08/2025;NAVEGANTES;ASHDOD;M.A MANUFACTURING AND;MSC MEDITERRANEO;MSC SARA ELENA;Finalizado;MADEIRAS NEDRI LTDA;MADEIRA;FCL;0;1;40 HIGH CUBE;2
EM0342-25;256017436;01/07/2025 08:59;15/08/2025;11/09/2025;SANTOS;HAIFA;JAPI S/A. INDUSTRIA E COMERCIO;MAERSK LINE;MAERSK LANCO;Finalizado;JAPI S/A. INDUSTRIA E COMERCIO;POLYRESIN PLANTERS;FCL;0;3;40 HIGH CUBE;6
EM0343-25;2762689230;03/07/2025 09:02;17/08/2025;15/09/2025;SANTOS;PIRAEUS;EXANDAS DIAMETAFORIKI IKE;OOCL;SEATTLE C;Finalizado;CALCADOS RAMARIM LTDA;;FCL;1;0;20 DRY BOX;1
EM0344-25;256101214;03/07/2025 09:24;19/07/2025;14/08/2025;ITAPOA;PORT EVERGLADES;PATMO LUMBER TRADE;MAERSK LINE;WIELAND;Finalizado;ESQUADRIBRAS - INDUSTRIA DE ESQUADRIAS LTDA;LUMBER;FCL;0;1;40 HIGH CUBE;2
EM0345-25;256101251;03/07/2025 09:27;25/07/2025;23/08/2025;ITAPOA;PORT EVERGLADES;PATMO LUMBER TRADE;MAERSK LINE;MAERSK MONTE LINZOR;Finalizado;ESQUADRIBRAS - INDUSTRIA DE ESQUADRIAS LTDA;LUMBER;FCL;0;1;40 HIGH CUBE;2
EM0346-25;256101525;03/07/2025 09:32;25/07/2025;23/08/2025;ITAPOA;PORT EVERGLADES;PATMO LUMBER TRADE;MAERSK LINE;MAERSK MONTE LINZOR;Finalizado;ESQUADRIBRAS - INDUSTRIA DE ESQUADRIAS LTDA;LUMBER;FCL;0;1;40 HIGH CUBE;2
EM0349-25;255553724;03/07/2025 10:57;08/07/2025;21/08/2025;RIO GRANDE;HAIPHONG;RESINAS JARDIM;MAERSK LINE;BARTOLOMEU DIAS;Finalizado;LOGX AGENCIAMENTO DE CARGAS LTDA;RESINA ISOFTALICA;FCL;0;2;40 HIGH CUBE;4
EM0350-25;256090273;07/07/2025 10:08;21/07/2025;01/09/2025;ITAPOA;ASHDOD;Y.A IMPORT & EXPORT;MAERSK LINE;CMA CGM COLUMBIA;Finalizado;BOTIMBER IMPORTACAO E EXPORTACAO;MADEIRA;FCL;0;1;40 HIGH CUBE;2
EM0351-25;256083723;07/07/2025 11:33;12/08/2025;28/09/2025;ITAPOA;ASHDOD;PEAMIT TAVNICOL MARKENTING LTD;MAERSK LINE;CMA CGM YUKON;Finalizado;MADEIRAS MARISOL LTDA;MADEIRA;FCL;0;1;40 HIGH CUBE;2
EM0352-25;255085822;11/07/2025 14:18;31/07/2025;17/08/2025;RIO GRANDE;GUAYAQUIL;PARACAMIONES CIA LTDA;MAERSK LINE;MAERSK EVERGLADES;Finalizado;RANDON S.A. IMPLEMENTOS E PARTICIPAÇÕES;MACHINERY;FCL;0;1;40 OPEN TOP;2
EM0353-25;255085822;11/07/2025 14:24;31/07/2025;17/08/2025;RIO GRANDE;GUAYAQUIL;PARACAMIONES CIA LTDA;MAERSK LINE;MAERSK EVERGLADES;Finalizado;EC INDUSTRIA E COMERCIO DE EQUIPAMENTOS LTDA;MACHINERY;FCL;0;1;40 OPEN TOP;2
EM0354-25;256842175;11/07/2025 16:48;03/08/2025;09/09/2025;SANTOS;PARAMARIBO;BTOTH COMEX;MAERSK LINE;MAERSK RUBICON;Finalizado;ECTX S/A - EUCATEX;LUMBER;FCL;1;0;20 DRY BOX;1
EM0355-25;23789775;14/07/2025 13:59;09/08/2025;09/09/2025;NAVEGANTES;LONDON GATEWAY PORT;LAMEX FOODS EUROPE LTD;HAPAG LLOYD;MSC LETIZIA;Finalizado;MINAMEL AGROINDUSTRIA LTDA;;FCL;2;0;20 DRY BOX;2
EM0356-25;EBKG13566247;14/07/2025 14:01;06/08/2025;21/10/2025;RIO GRANDE;VANCOUVER;MAPPER LOGISTICA DE COMERCIO EXTERIOR;MSC MEDITERRANEO;MSC NOA;Finalizado;IMS BRAZIL LTDA;ALIMENTOS EM GERAL;FCL;0;1;40 HIGH CUBE;2
EM0357-25;256897849;15/07/2025 08:37;18/08/2025;30/09/2025;PARANAGUA;ASHDOD;M. A. COMISSARIA;MAERSK LINE;MAERSK LAGUNA;Finalizado;FABRICIO ANTONIO MOREIRA NETO LTDA;LUMBER;FCL;0;3;40 HIGH CUBE;6
EM0358-25;256961610;15/07/2025 09:12;15/08/2025;15/09/2025;SANTOS;ASHDOD;JAPI S/A. INDUSTRIA E COMERCIO;MAERSK LINE;MAERSK LANCO;Finalizado;JAPI S/A. INDUSTRIA E COMERCIO;POLYRESIN PLANTERS;FCL;0;2;40 HIGH CUBE;4
EM0359-25;256961427;15/07/2025 09:17;24/08/2025;22/09/2025;SANTOS;ASHDOD;JAPI S/A. INDUSTRIA E COMERCIO;MAERSK LINE;MAERSK LAGUNA;Finalizado;JAPI S/A. INDUSTRIA E COMERCIO;POLYRESIN PLANTERS;FCL;0;2;40 HIGH CUBE;4
EM0360-25;6424725840;15/07/2025 13:48;05/08/2025;13/09/2025;IMBITUBA;SANTO TOMAS DE CASTILLA;METALURGICA TRAPP LTDA;COSCO SHIPPING;ENSENADA;Finalizado;METALURGICA TRAPP LTDA;MAQUINARIOS;FCL;0;1;40 HIGH CUBE;2
EM0361-25;256981806;15/07/2025 17:14;14/08/2025;01/10/2025;ITAJAI;ACAJUTLA;METALURGICA TRAPP LTDA;MAERSK LINE;JAZAN;Finalizado;METALURGICA TRAPP LTDA;MAQUINARIOS;FCL;0;1;40 HIGH CUBE;2
EM0362-25;241ISZ2445248;16/07/2025 09:59;29/07/2025;25/08/2025;SANTOS;GENOA;MAPPER LOGISTICA DE COMERCIO EXTERIOR;MSC MEDITERRANEO;MSC AGADIR;Finalizado;HENRICH & CIA LTDA;SAPATOS;FCL;0;1;40 HIGH CUBE;2
EM0363-25;241ISZ2445248;16/07/2025 10:07;29/07/2025;25/08/2025;SANTOS;GENOA;MAPPER LOGISTICA DE COMERCIO EXTERIOR;MSC MEDITERRANEO;MSC AGADIR;Finalizado;PACIFIC SHOES IND. E COM. DE CALÇADOS LTDA;SAPATOS;FCL;0;1;40 HIGH CUBE;2
EM0364-25;241ISZ2445248;16/07/2025 10:11;29/07/2025;25/08/2025;SANTOS;GENOA;MAPPER LOGISTICA DE COMERCIO EXTERIOR;MSC MEDITERRANEO;MSC AGADIR;Finalizado;WERNER CALÇADOS LTDA;SAPATOS;FCL;0;1;40 HIGH CUBE;2
EM0365-25;SAOF37077400;16/07/2025 15:32;09/08/2025;16/09/2025;ITAPOA;BARCADERA;PATMO LUMBER TRADE;ONE - OCEAN NETWORK EXPRESS;AS CAROLINA;Finalizado;INDUSTRIA DE COMPENSADOS GUARARAPES LTDA;MADEIRA;FCL;0;3;40 HIGH CUBE;6
EM0366-25;SAOF37079600;16/07/2025 15:35;03/08/2025;09/09/2025;ITAPOA;BARCADERA;PATMO LUMBER TRADE;ONE - OCEAN NETWORK EXPRESS;ZIM BALTIMORE;Finalizado;INDUSTRIA DE COMPENSADOS GUARARAPES LTDA;MADEIRA;FCL;0;1;40 HIGH CUBE;2
EM0367-25;257406584;16/07/2025 17:20;03/08/2025;09/09/2025;SANTOS;PARAMARIBO;BTOTH COMEX;MAERSK LINE;MAERSK RUBICON;Finalizado;ECTX S/A - EUCATEX;LUMBER;FCL;1;0;20 DRY BOX;1
EM0368-25;SS0725IT00279;17/07/2025 15:07;06/08/2025;01/01/2025;SANTOS;SANTIAGO DE CHILE, CL - ALL TRUCK;ANALITICA NEGOCIOS INTERNACIONAIS LTDA;ALLINK TRANSPORTES INTERNACIONAIS LTDA;AMSTERDAM EXPRESS;Finalizado;SISNAC PRODUTOS PARA SAÚDE LTDA;PARTES E PEÇAS;LCL;0;0;;0
EM0370-25;SAOF37444900;18/07/2025 11:07;03/08/2025;23/09/2025;RIO GRANDE;NHAVA SHEVA;RESINAS JARDIM;ONE - OCEAN NETWORK EXPRESS;REN JIAN 20;Finalizado;RESINAS JARDIM;COLOFONIA (GUM ROSIN);FCL;2;0;20 DRY BOX;2
EM0371-25;257158397;21/07/2025 17:16;30/07/2025;02/09/2025;PARANAGUA;PARAMARIBO;FERNANDES INDUSTRIAL SERVICE;MAERSK LINE;MAERSK JAIPUR;Finalizado;CONTITECH DO BRASIL PRODUTOS AUTOMOTIVOS E IND.;RUBBER BELTS;FCL;1;0;20 OPEN TOP;1
EM0372-25;EBKG13660493;22/07/2025 09:06;03/09/2025;23/10/2025;PARANAGUA;SEATTLE;M. A. COMISSARIA;MSC MEDITERRANEO;MSC LUDOVICA;Finalizado;IRUNA S.A.I.C.;;FCL;0;1;40 HIGH CUBE;2
EM0374-25;256969215;22/07/2025 10:11;08/10/2025;07/12/2025;RIO GRANDE;HO CHI MINH CITY;QINGDAO ZT INT'L SUPPLY CHAIN MANAGEMENT CO.,LTD;MAERSK LINE;MAERSK FORTALEZA;Finalizado;ARLANXEO BRASIL S.A;;FCL;0;2;40 HIGH CUBE;4
EM0376-25;SAOF38165300;22/07/2025 11:40;08/08/2025;04/10/2025;RIO GRANDE;HAIPHONG;RESINAS JARDIM;ONE - OCEAN NETWORK EXPRESS;NYK DAEDALUS;Finalizado;RESINAS JARDIM;RESINA ISOFTALICA;FCL;0;2;40 HIGH CUBE;4
EM0377-25;257339509;23/07/2025 15:23;30/08/2025;28/09/2025;SANTOS;ASHDOD;JAPI S/A. INDUSTRIA E COMERCIO;MAERSK LINE;SAN MARCO MAERSK;Finalizado;JAPI S/A. INDUSTRIA E COMERCIO;POLYRESIN PLANTERS;FCL;0;2;40 HIGH CUBE;4
EM0378-25;257339619;23/07/2025 15:27;05/09/2025;06/10/2025;SANTOS;ASHDOD;JAPI S/A. INDUSTRIA E COMERCIO;MAERSK LINE;MAERSK LONDRINA;Finalizado;JAPI S/A. INDUSTRIA E COMERCIO;POLYRESIN PLANTERS;FCL;0;2;40 HIGH CUBE;4
EM0380-25;SPVLC25016H;24/07/2025 15:19;21/08/2025;25/09/2025;SANTOS;VALENCIA;TORRECID DO BRASIL FRITAS ESMALTES E CORANTES LTDA;MSL DO BRASIL AGENCIAMENTOS E TRANSPORTES LTDA.;MSC DOMITILLE;Finalizado;TORRECID DO BRASIL FRITAS ESMALTES E CORANTES LTDA;CARGA GERAL NAO PERIGOSA;LCL;0;0;;0
EM0381-25;257484624;25/07/2025 17:04;05/09/2025;05/10/2025;PARANAGUA;LOS ANGELES;INDEX NEGOCIOS INTERNACIONAIS LTDA;MAERSK LINE;MAERSK CHACHAI;Finalizado;FAQPAR S.A. TERCIADAS Y PLACAS FAQUEADAS DEL PARAGUAY;LUMBER;FCL;0;1;40 HIGH CUBE;2
EM0382-25;257485886;25/07/2025 17:11;06/08/2025;15/09/2025;PARANAGUA;HAIFA;M. A. COMISSARIA;MAERSK LINE;MAERSK LEON;Finalizado;FABRICIO ANTONIO MOREIRA NETO LTDA;LUMBER;FCL;0;3;40 HIGH CUBE;6
EM0383-25;257484683;25/07/2025 17:19;05/09/2025;05/10/2025;PARANAGUA;LOS ANGELES;INDEX NEGOCIOS INTERNACIONAIS LTDA;MAERSK LINE;MAERSK CHACHAI;Finalizado;FAQPAR S.A. TERCIADAS Y PLACAS FAQUEADAS DEL PARAGUAY;LUMBER;FCL;0;1;40 HIGH CUBE;2
EM0385-25;2763684060;30/07/2025 09:14;13/08/2025;06/11/2025;ITAPOA;DAKAR;METALURGICA TRAPP LTDA;OOCL;SEATTLE C;Finalizado;METALURGICA TRAPP LTDA;MAQUINARIOS;FCL;0;1;40 HIGH CUBE;2
EM0386-25;257571998;30/07/2025 10:15;15/08/2025;03/09/2025;ITAPOA;NEWARK;PATMO LUMBER TRADE;MAERSK LINE;RDO FORTUNE;Finalizado;ESQUADRIBRAS - INDUSTRIA DE ESQUADRIAS LTDA;LUMBER;FCL;0;1;40 HIGH CUBE;2
EM0389-25;257686838;30/07/2025 13:48;17/08/2025;11/09/2025;PARANAGUA;ALTAMIRA;BR.O - INDUSTRIA DE BIORREFINARIA E OLEOQUIMICA LTDA;MAERSK LINE;MAERSK KARUN;Finalizado;BR.O - INDUSTRIA DE BIORREFINARIA E OLEOQUIMICA LTDA;ESTER METILICO DE OLEO VEGETAL;FCL;0;1;40 DRY BOX;2
EM0390-25;SAOF38165300;30/07/2025 15:42;08/08/2025;04/10/2025;RIO GRANDE;HAIPHONG;RESINAS JARDIM;ONE - OCEAN NETWORK EXPRESS;NYK DAEDALUS;Finalizado;LOGX AGENCIAMENTO DE CARGAS LTDA;RESINA ISOFTALICA;FCL;0;2;40 HIGH CUBE;4
EM0391-25;EBKG13770148;31/07/2025 16:22;21/08/2025;12/10/2025;RIO GRANDE;VANCOUVER;MAPPER LOGISTICA DE COMERCIO EXTERIOR;MSC MEDITERRANEO;MSC DAMLA;Finalizado;IMS BRAZIL LTDA;ALIMENTOS EM GERAL;FCL;0;1;40 HIGH CUBE;2
EM0392-25;SSZ1664196;01/08/2025 17:25;25/08/2025;20/09/2025;RIO GRANDE;HEREDIA, CR - ALL TRUCK;MAPPER LOGISTICA DE COMERCIO EXTERIOR;CMA CGM DO BRASIL;LOG-IN JATOBA;Finalizado;CALCADOS MARTE LTDA;SAPATOS;FCL;0;1;40 HIGH CUBE;2
EM0394-25;GEHAM25034B;04/08/2025 08:35;28/08/2025;03/10/2025;SANTOS;HAMBURG;METALURGICA RIOSULENSE;MSL DO BRASIL AGENCIAMENTOS E TRANSPORTES LTDA.;MSC ELMA;Finalizado;METALURGICA RIOSULENSE;CARGA GERAL NAO PERIGOSA;LCL;0;0;;0
EM0395-25;2763682090;04/08/2025 10:06;09/08/2025;07/09/2025;SANTOS;PIRAEUS;ACAI VERAO COMERCIO E INDUSTRIA LTDA;OOCL;NAVIOS DOMINO;Finalizado;ACAI VERAO COMERCIO E INDUSTRIA LTDA;AÇAI;FCL;0;1;40 REEFER;2
EM0396-25;257865342;04/08/2025 16:41;23/08/2025;30/10/2025;VILA DO CONDE;ANTWERP;ROBINSON LUMBER COMPANY;MAERSK LINE;ALIANCA LEBLON;Finalizado;CINDEX - COMERCIO INDUSTRIA E EXPORTACAO DE MADEIRA UNIPESSOAL LTDA;LUMBER;FCL;0;1;40 HIGH CUBE;2
EM0397-25;SSZ1664751;04/08/2025 17:05;27/08/2025;27/09/2025;IMBITUBA;POINTE-A-PITRE;MAPPER LOGISTICA DE COMERCIO EXTERIOR;CMA CGM DO BRASIL;SWANSEA;Finalizado;CALCADOS BEIRA RIO S/A;SAPATOS;FCL;1;0;20 DRY BOX;1
EM0398-25;SSZ1664751;04/08/2025 17:18;27/08/2025;27/09/2025;IMBITUBA;POINTE-A-PITRE;MAPPER LOGISTICA DE COMERCIO EXTERIOR;CMA CGM DO BRASIL;SWANSEA;Finalizado;A. GRINGS S.A.;SAPATOS;FCL;1;0;20 DRY BOX;1
EM0399-25;SSZ1664751;05/08/2025 07:45;27/08/2025;27/09/2025;IMBITUBA;POINTE-A-PITRE;MAPPER LOGISTICA DE COMERCIO EXTERIOR;CMA CGM DO BRASIL;SWANSEA;Finalizado;LOGX AGENCIAMENTO DE CARGAS LTDA;SAPATOS;FCL;1;0;20 DRY BOX;1
EM0400-25;257865380;05/08/2025 10:49;03/09/2025;13/10/2025;PARANAGUA;ASHDOD;INTERNATIONAL FOREST PRODUCTS;MAERSK LINE;CMA CGM RODOLPHE;Finalizado;RIONILE MADEIRAS LTDA;MADEIRA;FCL;0;2;40 HIGH CUBE;4
EM0401-25;257859174;05/08/2025 10:51;11/09/2025;19/10/2025;PARANAGUA;ASHDOD;INTERNATIONAL FOREST PRODUCTS;MAERSK LINE;MAERSK LAMANAI;Finalizado;FORMATO COMPENSADOS LTDA;MADEIRA;FCL;0;2;40 HIGH CUBE;4
EM0402-25;257859201;05/08/2025 10:53;03/09/2025;13/10/2025;PARANAGUA;ASHDOD;INTERNATIONAL FOREST PRODUCTS;MAERSK LINE;CMA CGM RODOLPHE;Finalizado;LEVEL IMPORTACAO, EXPORTACAO E COMERCIO S/A;MADEIRA;FCL;0;2;40 HIGH CUBE;4
EM0403-25;25763265;05/08/2025 11:03;05/10/2025;11/11/2025;SALVADOR;MISURATA;MAPPER LOGISTICA DE COMERCIO EXTERIOR;HAPAG LLOYD;BREMERHAVEN EXPRESS;Finalizado;CALCADOS PEGADA NORDESTE LTDA;SAPATOS;FCL;0;1;40 HIGH CUBE;2
EM0404-25;2763926240;05/08/2025 14:34;13/08/2025;29/09/2025;ITAPOA;ASHDOD;M.A MANUFACTURING AND;OOCL;SEATTLE C;Finalizado;MADEIRAS NEDRI LTDA;MADEIRA;FCL;0;1;40 HIGH CUBE;2
EM0405-25;EBKG13841474;07/08/2025 14:42;26/08/2025;26/10/2025;NAVEGANTES;PORT LOUIS;MAPPER LOGISTICA DE COMERCIO EXTERIOR;MSC MEDITERRANEO;COPIAPO;Finalizado;CALCADOS RAMARIM LTDA;SAPATOS;FCL;1;0;20 DRY BOX;1
EM0406-25;EBKG13841474;07/08/2025 15:05;26/08/2025;26/10/2025;NAVEGANTES;PORT LOUIS;MAPPER LOGISTICA DE COMERCIO EXTERIOR;MSC MEDITERRANEO;COPIAPO;Finalizado;A. GRINGS S.A.;SAPATOS;FCL;1;0;20 DRY BOX;1
EM0407-25;EBKG13841474;07/08/2025 15:14;26/08/2025;26/10/2025;NAVEGANTES;PORT LOUIS;MAPPER LOGISTICA DE COMERCIO EXTERIOR;MSC MEDITERRANEO;COPIAPO;Finalizado;CALCADOS BEIRA RIO S/A;SAPATOS;FCL;1;0;20 DRY BOX;1
EM0408-25;EBKG13841474;07/08/2025 15:22;26/08/2025;26/10/2025;NAVEGANTES;PORT LOUIS;MAPPER LOGISTICA DE COMERCIO EXTERIOR;MSC MEDITERRANEO;COPIAPO;Finalizado;LOGX AGENCIAMENTO DE CARGAS LTDA;SAPATOS;FCL;1;0;20 DRY BOX;1
EM0409-25;;07/08/2025 15:41;05/09/2025;01/10/2025;RIO GRANDE;LEIXOES;RESINAS JARDIM;HAPAG LLOYD;MSC GISELLE;Cancelado;RESINAS JARDIM;RESINA ISOFTALICA;FCL;0;2;40 HIGH CUBE;4
EM0410-25;SAOF41372400;08/08/2025 11:45;29/08/2025;16/11/2025;RIO GRANDE;MELBOURNE;MAPPER LOGISTICA DE COMERCIO EXTERIOR;ONE - OCEAN NETWORK EXPRESS;HYUNDAI DYNASTY;Finalizado;IMS BRAZIL LTDA;ALIMENTOS EM GERAL;FCL;0;1;40 HIGH CUBE;2
EM0412-25;258089362;11/08/2025 16:42;06/09/2025;26/10/2025;PARANAGUA;ASHDOD;M. A. COMISSARIA;MAERSK LINE;MAERSK LINS;Finalizado;FABRICIO ANTONIO MOREIRA NETO LTDA;LUMBER;FCL;0;4;40 HIGH CUBE;8
EM0413-25;258143730;12/08/2025 09:31;09/09/2025;28/10/2025;ITAPOA;ASHDOD;INTERNATIONAL FOREST PRODUCTS;MAERSK LINE;MAERSK LAMANAI;Finalizado;LEVEL IMPORTACAO, EXPORTACAO E COMERCIO S/A;MADEIRA;FCL;0;1;40 HIGH CUBE;2
EM0414-25;258195360;12/08/2025 10:10;31/08/2025;07/10/2025;ITAPOA;PARAMARIBO;PATMO LUMBER TRADE;MAERSK LINE;CAPE SOREL;Finalizado;ESQUADRIBRAS - INDUSTRIA DE ESQUADRIAS LTDA;LUMBER;FCL;0;1;40 HIGH CUBE;2
EM0415-25;SAOA56675800;13/08/2025 08:28;04/09/2025;13/10/2025;RIO GRANDE;LAEM CHABANG;QINGDAO ZT INT'L SUPPLY CHAIN MANAGEMENT CO.,LTD;HYUNDAI;HYUNDAI INTEGRAL;Finalizado;ARLANXEO BRASIL S.A;;FCL;0;9;40 HIGH CUBE;18
EM0416-25;21786955;13/08/2025 15:11;30/08/2025;21/09/2025;RIO DE JANEIRO;ROTTERDAM;MELBRAS IMPORTADORA E EXPORTADORA AGROINDUSTRIA LTDA;HAPAG LLOYD;MSC ELMA;Finalizado;MELBRAS IMPORTADORA E EXPORTADORA AGROINDUSTRIA LTDA;MEL;FCL;2;0;20 DRY BOX;2
EM0417-25;258303783;14/08/2025 11:29;12/09/2025;06/11/2025;PARANAGUA;SHUWAIKH;AG - ASSESSORIA E AGENCIAMENTO EM COMERCIO EXTERIOR LTDA;MAERSK LINE;MAERSK LAMANAI;Finalizado;RONDONIA RURAL AGROINDUSTRIAL;LUMBER;FCL;0;1;40 HIGH CUBE;2
EM0418-25;258341994;15/08/2025 08:28;03/09/2025;01/10/2025;ITAPOA;HOUSTON;MADEIRAS SALAMONI LTDA;MAERSK LINE;MAERSK CHACHAI;Finalizado;MADEIRAS SALAMONI LTDA;MADEIRA;FCL;0;1;40 HIGH CUBE;2
EM0419-25;258417826;18/08/2025 17:04;18/09/2025;15/10/2025;ITAPOA;HOUSTON;MADEIRAS SALAMONI LTDA;MAERSK LINE;MSC PETRA;Finalizado;MADEIRAS SALAMONI LTDA;MADEIRA;FCL;0;1;40 HIGH CUBE;2
EM0420-25;258452545;19/08/2025 08:08;01/09/2025;04/11/2025;VITORIA (MARITIMO);HAIFA;SEAWAY LOGISTICS LTDA;MAERSK LINE;LOG-IN PANTANAL;Finalizado;NATURALE GRANITOS E MARMORES LTDA;MARMORE, GRANITO, PEDRAS;FCL;1;0;20 DRY BOX;1
EM0421-25;2764410470;19/08/2025 08:47;13/09/2025;15/10/2025;SANTOS;PIRAEUS;CUSTOMS SOLUTION EUROPEAN COMMUNITY SERVICES SINGLE MEMBER S.A.;OOCL;NAVIOS VERMILION;Finalizado;NKG STOCKLER;COFFEE;FCL;0;1;40 HIGH CUBE;2
EM0422-25;65179216;19/08/2025 10:58;22/09/2025;12/10/2025;SANTOS;HEREDIA, CR - ALL TRUCK;MAPPER LOGISTICA DE COMERCIO EXTERIOR;HAPAG LLOYD;DALIAN EXPRESS;Finalizado;CALCADOS RAMARIM LTDA;SAPATOS;FCL;0;1;40 HIGH CUBE;2
EM0423-25;258517428;20/08/2025 08:52;22/09/2025;28/10/2025;SANTOS;ASHDOD;JAPI S/A. INDUSTRIA E COMERCIO;MAERSK LINE;MAERSK LETICIA;Finalizado;JAPI S/A. INDUSTRIA E COMERCIO;POLYRESIN PLANTERS;FCL;0;2;40 HIGH CUBE;4
EM0424-25;EBKG13971721;20/08/2025 11:08;25/09/2025;31/10/2025;PARANAGUA;BALTIMORE;M. A. COMISSARIA;MSC MEDITERRANEO;MSC NERISSA V;Finalizado;IRUNA S.A.I.C.;;FCL;0;1;40 HIGH CUBE;2
EM0425-25;EBKG13962539;20/08/2025 15:29;05/09/2025;28/09/2025;PARANAGUA;ALTAMIRA;GRUPO FORESTAL IND. MEXICANO CORPORATIVO;MSC MEDITERRANEO;MAERSK CHACHAI;Finalizado;MADEIREIRA EK LTDA;MADEIRA;FCL;0;4;40 HIGH CUBE;8
EM0426-25;21634758;21/08/2025 11:01;14/09/2025;04/10/2025;PARANAGUA;ALTAMIRA;GRUPO FORESTAL IND. MEXICANO CORPORATIVO;HAPAG LLOYD;PALENA;Finalizado;MADEIREIRA EK LTDA;MADEIRA;;0;3;40 HIGH CUBE;6
EM0427-25;22081783;21/08/2025 11:35;20/09/2025;11/10/2025;PARANAGUA;ALTAMIRA;GRUPO FORESTAL IND. MEXICANO CORPORATIVO;HAPAG LLOYD;DALIAN EXPRESS;Finalizado;MADEIREIRA EK LTDA;MADEIRA;FCL;0;4;40 HIGH CUBE;8
EM0428-25;23114547;21/08/2025 15:50;25/09/2025;18/10/2025;ITAJAI;ALTAMIRA;GRUPO FORESTAL IND. MEXICANO CORPORATIVO;HAPAG LLOYD;LE HAVRE EXPRESS;Finalizado;MADEIREIRA GRAMADOS LTDA;MADEIRA;FCL;0;3;40 HIGH CUBE;6
EM0429-25;22138345;21/08/2025 15:54;25/09/2025;18/10/2025;ITAJAI;ALTAMIRA;GRUPO FORESTAL IND. MEXICANO CORPORATIVO;HAPAG LLOYD;LE HAVRE EXPRESS;Finalizado;MADEIREIRA GRAMADOS LTDA;MADEIRA;FCL;0;2;40 HIGH CUBE;4
EM0430-25;258637568;22/08/2025 09:48;18/09/2025;15/10/2025;ITAPOA;HOUSTON;MADEIRAS SALAMONI LTDA;MAERSK LINE;MSC PETRA;Finalizado;MADEIRAS SALAMONI LTDA;MADEIRA;FCL;0;1;40 HIGH CUBE;2
EM0431-25;258637604;22/08/2025 09:51;18/09/2025;15/10/2025;ITAPOA;HOUSTON;MADEIRAS SALAMONI LTDA;MAERSK LINE;MSC PETRA;Finalizado;MADEIRAS SALAMONI LTDA;MADEIRA;FCL;0;1;40 HIGH CUBE;2
EM0432-25;258636812;22/08/2025 10:14;03/10/2025;07/11/2025;PARANAGUA;SAVANNAH;M. A. COMISSARIA;MAERSK LINE;MSC VANCOUVER;Finalizado;IRUNA S.A.I.C.;;FCL;0;1;40 HIGH CUBE;2
EM0433-25;6428355230;22/08/2025 16:11;06/09/2025;27/09/2025;SANTOS;VERACRUZ;BGS - BESTWAY GLOBAL SERVICES S.A. DE C.V.;COSCO SHIPPING;CMA CGM MERCANTOUR;Finalizado;ROQUETTE BRASIL;;FCL;0;4;40 HIGH CUBE;8
EM0434-25;EBKG13988668;22/08/2025 16:48;05/09/2025;28/09/2025;PARANAGUA;ALTAMIRA;GRUPO FORESTAL IND. MEXICANO CORPORATIVO;MSC MEDITERRANEO;MAERSK CHACHAI;Finalizado;PINUSBRAS EXPORTACAO DE MADEIRA LTDA;MADEIRA;FCL;0;4;40 HIGH CUBE;8
EM0435-25;EBKG14000798;22/08/2025 17:14;25/09/2025;13/11/2025;PARANAGUA;SEATTLE;M. A. COMISSARIA;MSC MEDITERRANEO;MSC NERISSA V;Finalizado;IRUNA S.A.I.C.;;FCL;0;1;40 HIGH CUBE;2
EM0436-25;258707155;25/08/2025 09:48;29/09/2025;04/11/2025;SANTOS;HAIFA;JAPI S/A. INDUSTRIA E COMERCIO;MAERSK LINE;MAERSK LABREA;Finalizado;JAPI S/A. INDUSTRIA E COMERCIO;POLYRESIN PLANTERS;FCL;0;2;40 HIGH CUBE;4
EM0437-25;258712310;25/08/2025 10:00;09/09/2025;10/11/2025;VITORIA (MARITIMO);HAIFA;SEAWAY LOGISTICS LTDA;MAERSK LINE;LOG-IN PANTANAL;Finalizado;PBA SERVICOS E COMERCIO DE PEDRAS ORNAMENTAIS LTDA;MARMORE, GRANITO, PEDRAS;FCL;1;0;20 DRY BOX;1
EM0438-25;2764657150;25/08/2025 14:13;12/10/2025;11/12/2025;SANTOS;ASHDOD;JAPI S/A. INDUSTRIA E COMERCIO;OOCL;NAVIOS DOMINO;Finalizado;JAPI S/A. INDUSTRIA E COMERCIO;POLYRESIN PLANTERS;FCL;0;2;40 HIGH CUBE;4
EM0439-25;SAOF48166500;25/08/2025 17:06;14/10/2025;18/12/2025;PARANAGUA;LEIXOES;R4 COMEX;ONE - OCEAN NETWORK EXPRESS;NAVIOS DOMINO;Finalizado;FR IND E COM;MADEIRA;FCL;0;1;40 HIGH CUBE;2
EM0442-25;2764604430;25/08/2025 17:14;23/09/2025;04/11/2025;PARANAGUA;ASHDOD;INTERNATIONAL FOREST PRODUCTS;OOCL;XIN WEI HAI;Finalizado;RIONILE MADEIRAS LTDA;MADEIRA;FCL;0;3;40 HIGH CUBE;6
EM0443-25;SSZ1663622;26/08/2025 14:11;01/09/2025;12/10/2025;RIO GRANDE;NHAVA SHEVA;RESINAS JARDIM;CMA CGM DO BRASIL;MERCOSUL SUAPE;Finalizado;RESINAS JARDIM;RESINA;FCL;1;0;20 TANK;1
EM0444-25;SSZ1663619;26/08/2025 14:16;01/09/2025;12/10/2025;RIO GRANDE;NHAVA SHEVA;RESINAS JARDIM;CMA CGM DO BRASIL;MERCOSUL SUAPE;Finalizado;RESINAS JARDIM;RESINA ISOFTALICA;FCL;0;0;;0
EM0445-25;258781351;26/08/2025 17:35;20/09/2025;17/10/2025;PARANAGUA;ALTAMIRA;GRUPO FORESTAL IND. MEXICANO CORPORATIVO;MAERSK LINE;GSL ARCADIA;Finalizado;MADEIREIRA EK LTDA;LUMBER;FCL;0;6;40 HIGH CUBE;12
EM0446-25;258781367;26/08/2025 17:42;20/09/2025;17/10/2025;PARANAGUA;ALTAMIRA;GRUPO FORESTAL IND. MEXICANO CORPORATIVO;MAERSK LINE;GSL ARCADIA;Finalizado;MADEIREIRA EK LTDA;LUMBER;FCL;0;3;40 HIGH CUBE;6
EM0447-25;258781321;26/08/2025 18:06;05/09/2025;03/10/2025;PARANAGUA;PUERTO PROGRESO;GRUPO FORESTAL IND. MEXICANO CORPORATIVO;MAERSK LINE;MAERSK CHACHAI;Finalizado;MADEIREIRA EK LTDA;LUMBER;FCL;0;1;40 HIGH CUBE;2
EM0448-25;92768442;27/08/2025 09:11;10/10/2025;13/12/2025;NAVEGANTES;VIGO;DIRECT TIMBER COMERCIO DE MADEIRAS LTDA;HAPAG LLOYD;MSC INSA;Finalizado;DIRECT TIMBER COMERCIO DE MADEIRAS LTDA;LUMBER;FCL;0;2;40 HIGH CUBE;4
EM0449-25;ZIMUPGU8023504;27/08/2025 09:51;07/09/2025;04/10/2025;PARANAGUA;ALTAMIRA;GRUPO FORESTAL IND. MEXICANO CORPORATIVO;ZIM;LONCOMILLA;Finalizado;MADEIREIRA EK LTDA;LUMBER;FCL;0;4;40 HIGH CUBE;8
EM0450-25;258782132;27/08/2025 11:47;07/09/2025;25/09/2025;PECEM;PORT EVERGLADES;KCE LOGISTICS USA;MAERSK LINE;MAERSK MONTE PASCOAL;Finalizado;PARAIPABA AGROINDUSTRIAL LTDA;ALIMENTOS EM GERAL;FCL;0;2;40 HIGH CUBE;4
EM0451-25;2764714890;27/08/2025 17:23;27/09/2025;28/11/2025;NAVEGANTES;JEBEL ALI;INTERNATIONAL FOREST PRODUCTS;OOCL;COSCO SHIPPING CHILE;Finalizado;LEVEL IMPORTACAO, EXPORTACAO E COMERCIO S/A;MADEIRA;FCL;0;3;40 HIGH CUBE;6
EM0452-25;2764715110;27/08/2025 17:30;27/09/2025;28/11/2025;NAVEGANTES;JEBEL ALI;INTERNATIONAL FOREST PRODUCTS;OOCL;COSCO SHIPPING CHILE;Finalizado;LEVEL IMPORTACAO, EXPORTACAO E COMERCIO S/A;MADEIRA;FCL;0;5;40 HIGH CUBE;10
EM0453-25;EBKG14049841;28/08/2025 14:00;20/09/2025;15/11/2025;RIO GRANDE;VANCOUVER;MAPPER LOGISTICA DE COMERCIO EXTERIOR;MSC MEDITERRANEO;MSC NERISSA V;Finalizado;IMS BRAZIL LTDA;ALIMENTOS EM GERAL;FCL;1;0;20 DRY BOX;1
EM0454-25;28996303;28/08/2025 16:01;19/09/2025;01/11/2025;SANTOS;AL KHOMS;MAPPER LOGISTICA DE COMERCIO EXTERIOR;HAPAG LLOYD;MSC GISELLE;Finalizado;SHOES EXPORTADORA E IMPORTADORA LTDA;SAPATOS;FCL;0;1;40 HIGH CUBE;2
EM0455-25;28996303;28/08/2025 16:04;19/09/2025;02/11/2025;SANTOS;AL KHOMS;MAPPER LOGISTICA DE COMERCIO EXTERIOR;HAPAG LLOYD;MSC GISELLE;Finalizado;VERENNA ARTEFATOS DE COURO LTDA;SAPATOS;FCL;0;1;40 HIGH CUBE;2
EM0456-25;6428884100;28/08/2025 17:50;21/09/2025;09/11/2025;PARANAGUA;KINGSTON;INTERNATIONAL FOREST PRODUCTS;COSCO SHIPPING;HANS SCHULTE;Finalizado;FAGANELLO INDUSTRIA DE COMPENSADOS;MADEIRA;FCL;0;2;40 HIGH CUBE;4
EM0457-25;EBKG14248326;29/08/2025 14:27;05/10/2025;14/11/2025;PARANAGUA;SAVANNAH;M. A. COMISSARIA;MSC MEDITERRANEO;MSC MAGNUM VII;Finalizado;IRUNA S.A.I.C.;;FCL;0;1;40 HIGH CUBE;2
EM0458-25;2764806540;29/08/2025 14:54;05/10/2025;09/11/2025;SANTOS;PIRAEUS;CUSTOMS SOLUTION EUROPEAN COMMUNITY SERVICES SINGLE MEMBER S.A.;OOCL;XIN CHONG QING;Finalizado;COOPERATIVA REGIONAL DE CAFEICULTORES EM GUAXUPE LTDA;COFFEE;FCL;0;1;40 HIGH CUBE;2
EM0459-25;6429398980;29/08/2025 16:48;13/09/2025;28/09/2025;SANTOS;KINGSTON;AB TRADING COMMODITIES LTDA;COSCO SHIPPING;CMA CGM BERLIOZ;Finalizado;AB TRADING COMMODITIES LTDA;AÇÚCAR;FCL;2;0;20 DRY BOX;2
EM0460-25;69152126;31/08/2025 09:33;20/09/2025;11/10/2025;PARANAGUA;ALTAMIRA;GRUPO FORESTAL IND. MEXICANO CORPORATIVO;HAPAG LLOYD;DALIAN EXPRESS;Finalizado;PINUSBRAS EXPORTACAO DE MADEIRA LTDA;MADEIRA;FCL;0;4;40 HIGH CUBE;8
EM0461-25;13068828;31/08/2025 09:44;20/09/2025;11/10/2025;PARANAGUA;ALTAMIRA;GRUPO FORESTAL IND. MEXICANO CORPORATIVO;HAPAG LLOYD;DALIAN EXPRESS;Finalizado;PINUSBRAS EXPORTACAO DE MADEIRA LTDA;MADEIRA;FCL;0;3;40 HIGH CUBE;6
EM0462-25;24377813;31/08/2025 10:20;12/09/2025;28/09/2025;ITAPOA;SAN ANTONIO;INDUSFLORA PRODUTOS FLORESTAIS S/A;HAPAG LLOYD;MAERSK EVERGLADES;Finalizado;INDUSFLORA PRODUTOS FLORESTAIS S/A;MADEIRA;FCL;0;2;40 HIGH CUBE;4
EM0463-25;25778865;31/08/2025 10:26;19/09/2025;07/10/2025;ITAPOA;SAN ANTONIO;INDUSFLORA PRODUTOS FLORESTAIS S/A;HAPAG LLOYD;AMSTERDAM EXPRESS;Finalizado;INDUSFLORA PRODUTOS FLORESTAIS S/A;MADEIRA;FCL;0;5;40 HIGH CUBE;10
EM0464-25;259001036;01/09/2025 10:06;22/10/2025;16/11/2025;SANTOS;ASHDOD;JAPI S/A. INDUSTRIA E COMERCIO;MAERSK LINE;MAERSK LAGUNA;Finalizado;JAPI S/A. INDUSTRIA E COMERCIO;POLYRESIN PLANTERS;FCL;0;1;40 HIGH CUBE;2
EM0465-25;EBKG14075124;01/09/2025 11:30;06/10/2025;09/11/2025;ITAJAI;ALTAMIRA;GRUPO FORESTAL IND. MEXICANO CORPORATIVO;MSC MEDITERRANEO;MSC MAGNUM VII;Finalizado;ILHA BD INDUSTRIA E COMERCIO DE MADEIRAS LTDA;MADEIRA;FCL;0;4;40 HIGH CUBE;8
EM0466-25;258930741;01/09/2025 14:09;15/09/2025;31/10/2025;ITAPOA;LIVERPOOL;MASTER COMERCIO EXTERIOR LTDA.;MAERSK LINE;MAERSK LEON;Finalizado;SOUTH SERVICE TRADING SA;MADEIRA;FCL;0;1;40 HIGH CUBE;2
EM0467-25;SSZ1676275;01/09/2025 14:53;27/09/2025;04/11/2025;NAVEGANTES;MUNDRA;INTERNATIONAL FOREST PRODUCTS;CMA CGM DO BRASIL;COSCO SHIPPING CHILE;Finalizado;BLUE FOREST INDUSTRIA E COMERCIO LTDA;MADEIRA;FCL;0;5;40 HIGH CUBE;10
EM0470-25;6429135670;02/09/2025 11:37;22/09/2025;05/11/2025;IMBITUBA;SANTO TOMAS DE CASTILLA;MANOEL MARCHETTI;COSCO SHIPPING;HANS SCHULTE;Finalizado;MANOEL MARCHETTI;MADEIRA;FCL;0;1;40 HIGH CUBE;2
EM0471-25;BUEF10547300;02/09/2025 14:46;12/09/2025;11/10/2025;BUENOS AIRES;ALTAMIRA;GRUPO FORESTAL IND. MEXICANO CORPORATIVO;ONE - OCEAN NETWORK EXPRESS;DALIAN EXPRESS;Finalizado;RAUL E. FERNANDEZ S.A;MADEIRA;FCL;0;2;40 HIGH CUBE;4
EM0472-25;BUEF10287400;02/09/2025 14:52;25/09/2025;25/10/2025;BUENOS AIRES;ALTAMIRA;GRUPO FORESTAL IND. MEXICANO CORPORATIVO;ONE - OCEAN NETWORK EXPRESS;COSTA RICA EXPRESS;Finalizado;VIRASORO MADERAS;MADEIRA;FCL;0;2;40 HIGH CUBE;4
EM0473-25;2764936240;02/09/2025 16:23;05/10/2025;09/11/2025;SANTOS;PIRAEUS;CUSTOMS SOLUTION EUROPEAN COMMUNITY SERVICES SINGLE MEMBER S.A.;OOCL;XIN CHONG QING;Finalizado;COFFEE SENSES LTDA;COFFEE;FCL;0;1;40 HIGH CUBE;2
EM0474-25;EBKG14100212;02/09/2025 17:14;29/09/2025;02/11/2025;ITAJAI;ALTAMIRA;GRUPO FORESTAL IND. MEXICANO CORPORATIVO;MSC MEDITERRANEO;MSC NERISSA V;Finalizado;SÃO CAETANO IND. DE LAM. E COMPENSADOS LTDA;MADEIRA;FCL;0;4;40 HIGH CUBE;8
EM0475-25;EBKG14113891;03/09/2025 15:45;29/09/2025;31/10/2025;ITAJAI;VERACRUZ;ILHA BD INDUSTRIA E COMERCIO DE MADEIRAS LTDA;MSC MEDITERRANEO;MSC NERISSA V;Finalizado;ILHA BD INDUSTRIA E COMERCIO DE MADEIRAS LTDA;MADEIRA;FCL;0;4;40 HIGH CUBE;8
EM0476-25;33406701;03/09/2025 16:46;17/09/2025;10/10/2025;RIO GRANDE;HEREDIA, CR - ALL TRUCK;MAPPER LOGISTICA DE COMERCIO EXTERIOR;HAPAG LLOYD;DALIAN EXPRESS;Finalizado;CALCADOS MARTE LTDA;SAPATOS;FCL;0;1;40 HIGH CUBE;2
EM0477-25;259121179;03/09/2025 17:06;18/09/2025;26/10/2025;ITAPOA;PARAMARIBO;PATMO LUMBER TRADE;MAERSK LINE;MSC PETRA;Finalizado;ESQUADRIBRAS - INDUSTRIA DE ESQUADRIAS LTDA;LUMBER;FCL;0;1;40 HIGH CUBE;2
EM0478-25;259120858;03/09/2025 17:21;25/09/2025;04/11/2025;ITAPOA;PARAMARIBO;PATMO LUMBER TRADE;MAERSK LINE;GSL ARCADIA;Finalizado;ESQUADRIBRAS - INDUSTRIA DE ESQUADRIAS LTDA;LUMBER;FCL;0;1;40 HIGH CUBE;2
EM0479-25;6430119380;03/09/2025 17:40;26/09/2025;17/10/2025;RIO DE JANEIRO;HAMBURG;MELBRAS IMPORTADORA E EXPORTADORA AGROINDUSTRIA LTDA;COSCO SHIPPING;XIN WEI HAI;Finalizado;MELBRAS IMPORTADORA E EXPORTADORA AGROINDUSTRIA LTDA;MEL;FCL;0;1;40 REEFER;2
EM0480-25;259160656;04/09/2025 08:49;13/10/2025;24/11/2025;SANTOS;HAIFA;JAPI S/A. INDUSTRIA E COMERCIO;MAERSK LINE;MAERSK LANCO;Finalizado;JAPI S/A. INDUSTRIA E COMERCIO;POLYRESIN PLANTERS;FCL;0;2;40 HIGH CUBE;4
EM0481-25;ZIMUPGU8023678;04/09/2025 16:01;29/09/2025;16/10/2025;PARANAGUA;CARTAGENA, CO;FECULARIA ELDORADO LTDA;ZIM;GSL ROSSI;Finalizado;AMIDOS BRASIL COMERCIO E DISTRIBUICAO LTDA;ALIMENTOS EM GERAL;FCL;0;1;40 HIGH CUBE;2
EM0482-25;6429520620;04/09/2025 16:08;30/09/2025;17/10/2025;PARANAGUA;CARTAGENA, CO;FECULARIA ELDORADO LTDA;COSCO SHIPPING;ENSENADA;Finalizado;AMIDOS BRASIL COMERCIO E DISTRIBUICAO LTDA;ALIMENTOS EM GERAL;FCL;0;1;40 HIGH CUBE;2
EM0483-25;35741405;04/09/2025 16:41;30/09/2025;29/11/2025;RIO GRANDE;JEBEL ALI;INTERNATIONAL FOREST PRODUCTS;HAPAG LLOYD;MSC AVNI;Finalizado;LEVEL IMPORTACAO, EXPORTACAO E COMERCIO S/A;MADEIRA;FCL;0;2;40 HIGH CUBE;4
EM0484-25;259164207;04/09/2025 17:38;02/10/2025;11/11/2025;PARANAGUA;AQABA;FECULARIA ELDORADO LTDA;MAERSK LINE;SANTA INES;Finalizado;AMIDOS BRASIL COMERCIO E DISTRIBUICAO LTDA;ALIMENTOS EM GERAL;FCL;0;1;40 HIGH CUBE;2
EM0485-25;259175349;04/09/2025 17:51;19/10/2025;13/11/2025;SANTOS;PORT EVERGLADES;GREAT BLEND LLC;MAERSK LINE;MAERSK FRANKFURT;Finalizado;FLORÃO ALIMENTOS LTDA;COFFEE;FCL;0;2;40 HIGH CUBE;4
EM0486-25;6429655750;05/09/2025 14:26;14/09/2025;31/10/2025;PARANAGUA;PORT OF SPAIN;INTERNATIONAL FOREST PRODUCTS;COSCO SHIPPING;ALESSIA;Finalizado;FAGANELLO INDUSTRIA DE COMPENSADOS;MADEIRA;FCL;0;4;40 HIGH CUBE;8
EM0488-25;259332515;09/09/2025 09:11;12/11/2025;30/12/2025;ITAPOA;ASHDOD;M.A MANUFACTURING AND;MAERSK LINE;SANTA INES;Finalizado;MADEIRAS NEDRI LTDA;MADEIRA;FCL;0;1;40 HIGH CUBE;2
EM0489-25;259334898;09/09/2025 09:45;22/10/2025;16/11/2025;SANTOS;ASHDOD;JAPI S/A. INDUSTRIA E COMERCIO;MAERSK LINE;MAERSK LAGUNA;Finalizado;JAPI S/A. INDUSTRIA E COMERCIO;POLYRESIN PLANTERS;FCL;0;2;40 HIGH CUBE;4
EM0490-25;ZIMUPGU8023653;09/09/2025 10:13;29/09/2025;05/11/2025;PARANAGUA;HALIFAX;ARAUCO INDUSTRIA DE PAINEIS S.A. - PIEN;ZIM;GSL ROSSI;Finalizado;ARAUCO INDUSTRIA DE PAINEIS S.A. - PIEN;MADEIRA;FCL;0;1;40 HIGH CUBE;2
EM0491-25;2765069730;09/09/2025 16:27;11/10/2025;10/12/2025;NAVEGANTES;JEBEL ALI;INTERNATIONAL FOREST PRODUCTS;OOCL;CMA CGM BUZIOS;Finalizado;LEVEL IMPORTACAO, EXPORTACAO E COMERCIO S/A;MADEIRA;FCL;0;4;40 HIGH CUBE;8
EM0492-25;2765069760;09/09/2025 16:36;11/10/2025;18/12/2025;NAVEGANTES;JEBEL ALI;INTERNATIONAL FOREST PRODUCTS;OOCL;CMA CGM BUZIOS;Finalizado;LEVEL IMPORTACAO, EXPORTACAO E COMERCIO S/A;MADEIRA;FCL;0;3;40 HIGH CUBE;6
EM0493-25;259347067;09/09/2025 17:38;01/10/2025;04/11/2025;SANTOS;PARAMARIBO;BTOTH COMEX;MAERSK LINE;MAERSK JAIPUR;Finalizado;ECTX S/A - EUCATEX;LUMBER;FCL;2;0;20 DRY BOX;2
EM0494-25;259347133;10/09/2025 08:52;01/10/2025;04/11/2025;SANTOS;PARAMARIBO;BTOTH COMEX;MAERSK LINE;MAERSK JAIPUR;Finalizado;ECTX S/A - EUCATEX;LUMBER;FCL;0;2;40 HIGH CUBE;4
EM0495-25;259347206;10/09/2025 09:22;26/09/2025;19/10/2025;ITAPOA;MONTREAL, QC - RAIL;LA FORESTAL ALTO PARANA S.A.;MAERSK LINE;MAERSK MONTE ALEGRE;Finalizado;LA FORESTAL ALTO PARANA S.A.;MADEIRA;FCL;0;1;40 HIGH CUBE;2
EM0496-25;259347263;10/09/2025 09:30;31/10/2025;25/11/2025;ITAPOA;MONTREAL, QC - RAIL;LA FORESTAL ALTO PARANA S.A.;MAERSK LINE;MAERSK EVERGLADES;Finalizado;LA FORESTAL ALTO PARANA S.A.;MADEIRA;FCL;0;1;40 HIGH CUBE;2
EM0497-25;6430119480;10/09/2025 10:14;22/09/2025;09/11/2025;PARANAGUA;KINGSTON;INTERNATIONAL FOREST PRODUCTS;COSCO SHIPPING;HANS SCHULTE;Finalizado;FAGANELLO INDUSTRIA DE COMPENSADOS;MADEIRA;FCL;0;2;40 HIGH CUBE;4
EM0498-25;259399011;10/09/2025 14:46;17/10/2025;12/11/2025;PARANAGUA;PUERTO CABELLO;LABORATORIOS CALBOS LTDA;MAERSK LINE;MAERSK CHAMBAL;Finalizado;LABORATORIOS CALBOS LTDA;PRODUTOS VETERINARIOS;FCL;0;2;40 HIGH CUBE;4
EM0501-25;6430262910;11/09/2025 11:23;29/10/2025;30/11/2025;PARANAGUA;LISBOA;FECULARIA ELDORADO LTDA;COSCO SHIPPING;BROOKLYN BRIDGE;Finalizado;FECULARIA ELDORADO LTDA;ALIMENTOS EM GERAL;FCL;1;0;20 DRY BOX;1
EM0502-25;2765255100;11/09/2025 12:01;08/10/2025;14/11/2025;ITAPOA;PIRAEUS;INTERNATIONAL FOREST PRODUCTS;OOCL;NAVIOS DOMINO;Finalizado;LEVEL IMPORTACAO, EXPORTACAO E COMERCIO S/A;MADEIRA;FCL;0;2;40 HIGH CUBE;4
EM0503-25;2765255090;11/09/2025 12:04;08/10/2025;14/11/2025;ITAPOA;PIRAEUS;INTERNATIONAL FOREST PRODUCTS;OOCL;NAVIOS DOMINO;Finalizado;LEVEL IMPORTACAO, EXPORTACAO E COMERCIO S/A;MADEIRA;FCL;0;3;40 HIGH CUBE;6
EM0504-25;13608339;12/09/2025 09:30;03/10/2025;18/10/2025;ITAPOA;SAN ANTONIO;INDUSFLORA PRODUTOS FLORESTAIS S/A;HAPAG LLOYD;LORI;Finalizado;INDUSFLORA PRODUTOS FLORESTAIS S/A;MADEIRA;FCL;0;3;40 HIGH CUBE;6
EM0505-25;2765254100;12/09/2025 11:37;23/09/2025;27/10/2025;PARANAGUA;FELIXSTOWE;MASTER COMERCIO EXTERIOR LTDA.;OOCL;XIN WEI HAI;Finalizado;REPINHO REFLORESTADORA MADEIRAS E COMPENSADOS LTDA;MADEIRA;FCL;0;3;40 HIGH CUBE;6
EM0506-25;EBKG14214602;12/09/2025 17:19;08/10/2025;04/12/2025;NAVEGANTES;POINTE DE GALETS;MAPPER LOGISTICA DE COMERCIO EXTERIOR;MSC MEDITERRANEO;MSC INSA;Finalizado;LOGX AGENCIAMENTO DE CARGAS LTDA;SAPATOS;FCL;1;0;20 DRY BOX;1
EM0507-25;259490894;15/09/2025 09:05;24/10/2025;29/11/2025;PARANAGUA;PHILIPSBURG;MAPPER LOGISTICA DE COMERCIO EXTERIOR;MAERSK LINE;MSC LOS ANGELES;Finalizado;LOGX AGENCIAMENTO DE CARGAS LTDA;SAPATOS;FCL;1;0;20 DRY BOX;1
EM0508-25;6430586600;15/09/2025 10:27;22/09/2025;09/11/2025;PARANAGUA;KINGSTON;INTERNATIONAL FOREST PRODUCTS;COSCO SHIPPING;HANS SCHULTE;Finalizado;CARPISO IND.DE PAINEIS E REVEST.DE MAD.LTDA;MADEIRA;FCL;0;5;40 HIGH CUBE;10
EM0509-25;ZIMUPGU8023708;15/09/2025 10:52;13/10/2025;08/11/2025;PARANAGUA;ALTAMIRA;GRUPO FORESTAL IND. MEXICANO CORPORATIVO;ZIM;ZIM BALTIMORE;Finalizado;MADEIREIRA EK LTDA;LUMBER;FCL;0;6;40 HIGH CUBE;12
EM0510-25;ZIMUPGU8023707;15/09/2025 11:00;29/09/2025;24/10/2025;PARANAGUA;ALTAMIRA;GRUPO FORESTAL IND. MEXICANO CORPORATIVO;ZIM;GSL ROSSI;Finalizado;MADEIREIRA EK LTDA;LUMBER;FCL;0;5;40 HIGH CUBE;10
EM0511-25;259490894;15/09/2025 13:29;24/10/2025;29/11/2025;PARANAGUA;PHILIPSBURG;MAPPER LOGISTICA DE COMERCIO EXTERIOR;MAERSK LINE;MSC LOS ANGELES;Finalizado;CALCADOS BEIRA RIO S/A;SAPATOS;FCL;1;0;20 DRY BOX;1
EM0512-25;259490894;15/09/2025 13:36;24/10/2025;29/11/2025;PARANAGUA;PHILIPSBURG;MAPPER LOGISTICA DE COMERCIO EXTERIOR;MAERSK LINE;MSC LOS ANGELES;Finalizado;FACCINE IND E COM DE CALCADOS LTDA;SAPATOS;FCL;1;0;20 DRY BOX;1
EM0513-25;259490894;15/09/2025 13:41;24/10/2025;29/11/2025;PARANAGUA;PHILIPSBURG;MAPPER LOGISTICA DE COMERCIO EXTERIOR;MAERSK LINE;MSC LOS ANGELES;Finalizado;SHOES EXPORTADORA E IMPORTADORA LTDA;SAPATOS;FCL;1;0;20 DRY BOX;1
EM0514-25;SAOF50045800;15/09/2025 13:56;03/10/2025;25/10/2025;ITAJAI;ALTAMIRA;GRUPO FORESTAL IND. MEXICANO CORPORATIVO;ONE - OCEAN NETWORK EXPRESS;COSTA RICA EXPRESS;Finalizado;SÃO CAETANO IND. DE LAM. E COMPENSADOS LTDA;LUMBER;FCL;0;6;40 HIGH CUBE;12
EM0515-25;EBKG14214602;15/09/2025 14:12;08/10/2025;04/12/2025;NAVEGANTES;POINTE DE GALETS;MAPPER LOGISTICA DE COMERCIO EXTERIOR;MSC MEDITERRANEO;MSC INSA;Finalizado;CALCADOS BEIRA RIO S/A;SAPATOS;FCL;1;0;20 DRY BOX;1
EM0516-25;EBKG14214602;15/09/2025 14:22;08/10/2025;04/12/2025;NAVEGANTES;POINTE DE GALETS;MAPPER LOGISTICA DE COMERCIO EXTERIOR;MSC MEDITERRANEO;MSC INSA;Finalizado;SHOES EXPORTADORA E IMPORTADORA LTDA;SAPATOS;FCL;1;0;20 DRY BOX;1
EM0517-25;259500186;15/09/2025 14:40;28/09/2025;06/11/2025;PARANAGUA;PUERTO PROGRESO;GRUPO FORESTAL IND. MEXICANO CORPORATIVO;MAERSK LINE;MAERSK JAIPUR;Finalizado;MADEIREIRA EK LTDA;LUMBER;FCL;0;3;40 HIGH CUBE;6
EM0520-25;SAOA93070900;15/09/2025 15:22;20/10/2025;04/12/2025;RIO GRANDE;QINGDAO;ARAUCO INDUSTRIA DE PAINEIS S.A. - PIEN;HYUNDAI;HYUNDAI FAITH;Finalizado;ARAUCO INDUSTRIA DE PAINEIS S.A. - PIEN;LUMBER;FCL;0;10;40 HIGH CUBE;20
EM0521-25;2765302940;15/09/2025 15:42;28/10/2025;18/11/2025;PARANAGUA;FELIXSTOWE;MASTER COMERCIO EXTERIOR LTDA.;OOCL;BROOKLYN BRIDGE;Finalizado;REPINHO REFLORESTADORA MADEIRAS E COMPENSADOS LTDA;MADEIRA;FCL;0;2;40 HIGH CUBE;4
EM0522-25;2765302920;15/09/2025 16:31;14/10/2025;04/11/2025;PARANAGUA;FELIXSTOWE;MASTER COMERCIO EXTERIOR LTDA.;OOCL;NAVIOS DOMINO;Finalizado;REPINHO REFLORESTADORA MADEIRAS E COMPENSADOS LTDA;MADEIRA;FCL;0;2;40 HIGH CUBE;4
EM0523-25;259561659;15/09/2025 17:10;12/11/2025;16/12/2025;ITAPOA;LIVERPOOL;MASTER COMERCIO EXTERIOR LTDA.;MAERSK LINE;SANTA INES;Finalizado;SOUTH SERVICE TRADING SA;MADEIRA;FCL;0;1;40 HIGH CUBE;2
EM0524-25;2765353330;15/09/2025 17:36;28/10/2025;18/11/2025;PARANAGUA;FELIXSTOWE;MASTER COMERCIO EXTERIOR LTDA.;OOCL;BROOKLYN BRIDGE;Finalizado;REPINHO REFLORESTADORA MADEIRAS E COMPENSADOS LTDA;MADEIRA;FCL;0;2;40 HIGH CUBE;4
EM0525-25;SAOA88263100;16/09/2025 11:41;13/11/2025;14/01/2026;NAVEGANTES;HO CHI MINH CITY;DAZ COMERCIO, IMPORTACAO E EXPORTACAO LTDA;HYUNDAI;HYUNDAI HONG KONG;Finalizado;DAZ COMERCIO, IMPORTACAO E EXPORTACAO LTDA;MADEIRA;FCL;0;1;40 HIGH CUBE;2
EM0526-25;SAOF50503700;16/09/2025 14:41;03/10/2025;25/10/2025;ITAJAI;ALTAMIRA;GRUPO FORESTAL IND. MEXICANO CORPORATIVO;ONE - OCEAN NETWORK EXPRESS;COSTA RICA EXPRESS;Finalizado;SÃO CAETANO IND. DE LAM. E COMPENSADOS LTDA;MADEIRA;FCL;0;6;40 HIGH CUBE;12
EM0527-25;EBKG14248016;17/09/2025 08:51;16/10/2025;27/11/2025;PARANAGUA;SEATTLE;M. A. COMISSARIA;MSC MEDITERRANEO;MSC URSULA VI;Finalizado;IRUNA S.A.I.C.;;FCL;0;1;40 HIGH CUBE;2
EM0528-25;EBKG14248022;17/09/2025 08:57;18/10/2025;04/12/2025;PARANAGUA;SEATTLE;M. A. COMISSARIA;MSC MEDITERRANEO;MSC YAMUNA VI;Finalizado;IRUNA S.A.I.C.;;FCL;0;1;40 HIGH CUBE;2
EM0529-25;EBKG14248025;17/09/2025 09:02;18/10/2025;04/12/2025;PARANAGUA;SEATTLE;M. A. COMISSARIA;MSC MEDITERRANEO;MSC YAMUNA VI;Finalizado;IRUNA S.A.I.C.;;FCL;0;1;40 HIGH CUBE;2
EM0530-25;EBKG14248032;17/09/2025 09:05;26/11/2025;12/01/2026;PARANAGUA;SEATTLE;M. A. COMISSARIA;MSC MEDITERRANEO;EUROPE;Finalizado;IRUNA S.A.I.C.;;FCL;0;1;40 HIGH CUBE;2
EM0531-25;SAOA33383100;17/09/2025 09:37;20/10/2025;04/12/2025;RIO GRANDE;QINGDAO;ARAUCO INDUSTRIA DE PAINEIS S.A. - PIEN;HYUNDAI;HYUNDAI FAITH;Finalizado;ARAUCO INDUSTRIA DE PAINEIS S.A. - PIEN;MADEIRA;FCL;0;5;40 HIGH CUBE;10
EM0532-25;259657265;17/09/2025 11:35;03/10/2025;27/10/2025;ITAPOA;CHARLESTON;GLOBAL TRADING, LLC;MAERSK LINE;RDO FORTUNE;Finalizado;"INTERPLAQUEL EXPORTACAO E IMPORTACAO LTDA
";MADEIRA;FCL;0;1;40 HIGH CUBE;2
EM0533-25;BUEF11190500;17/09/2025 14:16;03/10/2025;05/11/2025;BUENOS AIRES;ALTAMIRA;GRUPO FORESTAL IND. MEXICANO CORPORATIVO;ONE - OCEAN NETWORK EXPRESS;MSC PHOENIX;Finalizado;RAUL E. FERNANDEZ S.A;MADEIRA;FCL;0;3;40 HIGH CUBE;6
EM0534-25;259667907;18/09/2025 08:52;23/10/2025;09/12/2025;ITAPOA;PARAMARIBO;ELEVA GESTAO DE PROCESSOS ADUANEIROS LTDA;MAERSK LINE;MSC LOS ANGELES;Finalizado;CLARICE ELETRODOMESTICOS LTDA;PARTES E PEÇAS;FCL;0;1;40 HIGH CUBE;2
EM0535-25;259705928;18/09/2025 09:22;13/10/2025;08/12/2025;VITORIA (MARITIMO);HAIFA;SEAWAY LOGISTICS LTDA;MAERSK LINE;LOG-IN PANTANAL;Finalizado;NATURALE GRANITOS E MARMORES LTDA;MARMORE, GRANITO, PEDRAS;FCL;1;0;20 DRY BOX;1
EM0536-25;ZIMUITJ8051445;18/09/2025 11:31;05/10/2025;02/11/2025;ITAPOA;ALTAMIRA;GRUPO FORESTAL IND. MEXICANO CORPORATIVO;ZIM;AS CAROLINA;Finalizado;COMPENSADOS NOVO MILENIO LTDA;MADEIRA;FCL;0;2;40 HIGH CUBE;4
EM0537-25;259666255;18/09/2025 12:16;29/10/2025;27/11/2025;ITAPOA;PUERTO PROGRESO;GRUPO FORESTAL IND. MEXICANO CORPORATIVO;MAERSK LINE;MAERSK CHACHAI;Finalizado;SÃO CAETANO IND. DE LAM. E COMPENSADOS LTDA;MADEIRA;FCL;0;4;40 HIGH CUBE;8
EM0539-25;SAOA32367500;18/09/2025 14:57;29/01/2026;26/03/2026;RIO GRANDE;SHATIAN;SERRA MORENA CORRETORA LTDA;HYUNDAI;MOL EARNEST;Desembarcado;SERRA MORENA CORRETORA LTDA;MADEIRA;FCL;0;12;40 HIGH CUBE;24
EM0540-25;259710918;18/09/2025 18:02;18/10/2025;01/12/2025;ASUNCION;CHARLESTON;M. A. COMISSARIA;MAERSK LINE;BARGE PAR 13001;Finalizado;"MARGO Y CIA. S.A.
";MADEIRA;FCL;0;3;40 HIGH CUBE;6
EM0541-25;259680548;18/09/2025 21:58;30/09/2025;25/11/2025;VITORIA (MARITIMO);HAIPHONG;LANDSTARS SHIPPING COMPANY LIMITED;MAERSK LINE;LOG-IN PANTANAL;Finalizado;FERRAZ BRASIL MARMORES E GRANITOS LTDA - SERRA;MARMORE, GRANITO, PEDRAS;FCL;2;0;20 DRY BOX;2
EM0542-25;2765438770;19/09/2025 08:09;14/10/2025;11/12/2025;PARANAGUA;ASHDOD;INTERNATIONAL FOREST PRODUCTS;OOCL;NAVIOS DOMINO;Finalizado;FORMATO COMPENSADOS LTDA;MADEIRA;FCL;0;2;40 HIGH CUBE;4
EM0543-25;6431039440;19/09/2025 11:27;06/10/2025;23/12/2025;IMBITUBA;GEORGETOWN, GY;MANOEL MARCHETTI;COSCO SHIPPING;APL NEW JERSEY;Finalizado;MANOEL MARCHETTI;MADEIRA;FCL;0;1;40 HIGH CUBE;2
EM0544-25;2765522640;19/09/2025 16:52;11/10/2025;18/12/2025;NAVEGANTES;JEBEL ALI;INTERNATIONAL FOREST PRODUCTS;OOCL;CMA CGM BUZIOS;Finalizado;LEVEL IMPORTACAO, EXPORTACAO E COMERCIO S/A;MADEIRA;FCL;0;4;40 HIGH CUBE;8
EM0545-25;6428884110;19/09/2025 17:36;12/10/2025;06/11/2025;PARANAGUA;CARTAGENA, CO;FECULARIA ELDORADO LTDA;COSCO SHIPPING;CARDIFF;Finalizado;AMIDOS BRASIL COMERCIO E DISTRIBUICAO LTDA;ALIMENTOS EM GERAL;FCL;0;2;40 HIGH CUBE;4
EM0546-25;23116600;22/09/2025 10:58;21/11/2026;30/12/2026;SANTOS;NINGBO;CIL (ASIA) LIMITED;HAPAG LLOYD;ONE AMAZON;Aguardando prontidão da mercadoria;BHR COMÉRCIO E SERVIÇOS LTDA;CARGA GERAL NAO PERIGOSA;FCL;3;0;20 DRY BOX;3
EM0547-25;SAOF51684400;22/09/2025 15:14;22/10/2025;27/12/2025;RIO GRANDE;MELBOURNE;MAPPER LOGISTICA DE COMERCIO EXTERIOR;ONE - OCEAN NETWORK EXPRESS;NYK RUMINA;Finalizado;IMS BRAZIL LTDA;ALIMENTOS EM GERAL;FCL;0;1;40 HIGH CUBE;2
EM0548-25;6431313210;22/09/2025 15:47;03/10/2025;25/10/2025;SANTOS;VERACRUZ;BGS - BESTWAY GLOBAL SERVICES S.A. DE C.V.;COSCO SHIPPING;ENSENADA;Finalizado;ROQUETTE BRASIL;;FCL;0;4;40 HIGH CUBE;8
EM0549-25;SSZ1686883;23/09/2025 09:34;11/10/2025;17/01/2026;SANTOS;BRIDGETOWN;MAPPER LOGISTICA DE COMERCIO EXTERIOR;CMA CGM DO BRASIL;APL NEW JERSEY;Finalizado;LOGX AGENCIAMENTO DE CARGAS LTDA;SAPATOS;FCL;1;0;20 DRY BOX;1
EM0550-25;SSZ1686883;23/09/2025 09:51;11/10/2025;17/01/2026;SANTOS;BRIDGETOWN;MAPPER LOGISTICA DE COMERCIO EXTERIOR;CMA CGM DO BRASIL;APL NEW JERSEY;Finalizado;CALCADOS RAMARIM LTDA;SAPATOS;FCL;1;0;20 DRY BOX;1
EM0552-25;SSZRON2509001;23/09/2025 13:50;10/10/2025;16/12/2025;SANTOS;REUNION;MAPPER LOGISTICA DE COMERCIO EXTERIOR;CRAFT MULTIMODAL LTDA;VELIKA;Finalizado;CALCADOS RAMARIM LTDA;ALIMENTOS EM GERAL;FCL;0;1;40 HIGH CUBE;2
EM0553-25;SSZ1686883;23/09/2025 14:22;11/10/2025;17/01/2026;SANTOS;BRIDGETOWN;MAPPER LOGISTICA DE COMERCIO EXTERIOR;CMA CGM DO BRASIL;APL NEW JERSEY;Finalizado;CALCADOS BEIRA RIO S/A;SAPATOS;FCL;1;0;20 DRY BOX;1
EM0555-25;BUEF11484400;23/09/2025 15:08;10/10/2025;12/11/2025;BUENOS AIRES;ALTAMIRA;GRUPO FORESTAL IND. MEXICANO CORPORATIVO;ONE - OCEAN NETWORK EXPRESS;JAZAN;Finalizado;RAUL E. FERNANDEZ S.A;MADEIRA;FCL;0;3;40 HIGH CUBE;6
EM0556-25;SAO500797300;23/09/2025 16:34;20/10/2025;16/12/2025;SANTOS;MUNDRA;TRIUNFO COMEX ASSESSORIA ADUANEIRA LTDA;PIL - PACIFIC INTERNATIONAL LINES;COSCO SHIPPING BRASIL;Finalizado;ROHAN GROUP LLC;CARGA GERAL NAO PERIGOSA;FCL;4;0;20 DRY BOX;4
EM0558-25;6429005620;23/09/2025 18:04;05/10/2025;04/12/2025;PARANAGUA;KINGSTON;INTERNATIONAL FOREST PRODUCTS;COSCO SHIPPING;APL NEW JERSEY;Finalizado;CARPISO IND.DE PAINEIS E REVEST.DE MAD.LTDA;MADEIRA;FCL;0;3;40 HIGH CUBE;6
EM0559-25;259925711;24/09/2025 08:49;29/10/2025;24/11/2025;ITAPOA;CAUCEDO;METALURGICA TRAPP LTDA;MAERSK LINE;MAERSK CHACHAI;Finalizado;METALURGICA TRAPP LTDA;MAQUINARIOS;FCL;0;1;40 HIGH CUBE;2
EM0561-25;SAOA38921400;24/09/2025 10:57;19/11/2025;17/01/2026;RIO GRANDE;NANSHA;SERRA MORENA CORRETORA LTDA;HYUNDAI;HMM JUNIPER;Finalizado;SERRA MORENA CORRETORA LTDA;MADEIRA;FCL;0;1;40 HIGH CUBE;2
EM0562-25;6431464980;24/09/2025 11:09;12/10/2025;19/12/2025;PARANAGUA;PORT OF SPAIN;M. A. COMISSARIA;COSCO SHIPPING;CARDIFF;Finalizado;FABRICIO ANTONIO MOREIRA NETO LTDA;MADEIRA;FCL;0;2;40 HIGH CUBE;4
EM0563-25;259988264;25/09/2025 10:36;10/11/2025;04/12/2025;SANTOS;PORT EVERGLADES;GREAT BLEND LLC;MAERSK LINE;MAERSK MONTE AZUL;Finalizado;FLORÃO ALIMENTOS LTDA;COFFEE;FCL;0;2;40 HIGH CUBE;4
EM0564-25;259664909;25/09/2025 14:14;22/10/2025;01/12/2025;ITAPOA;ASHDOD;MAPPER LOGISTICA DE COMERCIO EXTERIOR;MAERSK LINE;MAERSK LAMANAI;Finalizado;LOGX AGENCIAMENTO DE CARGAS LTDA;SAPATOS;FCL;1;0;20 DRY BOX;1
EM0565-25;259664909;25/09/2025 14:44;22/10/2025;01/12/2025;ITAPOA;ASHDOD;MAPPER LOGISTICA DE COMERCIO EXTERIOR;MAERSK LINE;MAERSK LAMANAI;Finalizado;CALCADOS MARTE LTDA;SAPATOS;FCL;1;0;20 DRY BOX;1
EM0566-25;259664909;25/09/2025 14:52;22/10/2025;01/12/2025;ITAPOA;ASHDOD;MAPPER LOGISTICA DE COMERCIO EXTERIOR;MAERSK LINE;MAERSK LAMANAI;Finalizado;USAFLEX - INDUSTRIA & COMERCIO S/A;SAPATOS;FCL;1;0;20 DRY BOX;1
EM0567-25;259664909;25/09/2025 14:57;22/10/2025;01/12/2025;ITAPOA;ASHDOD;MAPPER LOGISTICA DE COMERCIO EXTERIOR;MAERSK LINE;MAERSK LAMANAI;Finalizado;KLIN PRODUTOS INFANTIS LTDA;SAPATOS;FCL;1;0;20 DRY BOX;1
EM0568-25;259994932;25/09/2025 15:07;17/10/2025;11/11/2025;PARANAGUA;ALTAMIRA;GRUPO FORESTAL IND. MEXICANO CORPORATIVO;MAERSK LINE;MAERSK CHAMBAL;Finalizado;MADEIREIRA EK LTDA;LUMBER;FCL;0;4;40 HIGH CUBE;8
EM0569-25;62330388;25/09/2025 15:26;24/10/2025;27/11/2025;SANTOS;LUANDA;MAPPER LOGISTICA DE COMERCIO EXTERIOR;HAPAG LLOYD;IRENES RESOLVE;Finalizado;CALCADOS PEGADA NORDESTE LTDA;SAPATOS;FCL;0;1;40 HIGH CUBE;2
EM0570-25;259994886;25/09/2025 15:46;10/10/2025;04/11/2025;PARANAGUA;ALTAMIRA;GRUPO FORESTAL IND. MEXICANO CORPORATIVO;MAERSK LINE;MAERSK KARUN;Finalizado;MADEIREIRA EK LTDA;LUMBER;FCL;0;4;40 HIGH CUBE;8
EM0572-25;SAOA03680200;26/09/2025 09:43;31/10/2025;10/01/2026;RIO GRANDE;CHONGQING;ARAUCO INDUSTRIA DE PAINEIS S.A. - PIEN;HYUNDAI;HYUNDAI HONG KONG;Finalizado;ARAUCO INDUSTRIA DE PAINEIS S.A. - PIEN;LUMBER;FCL;0;5;40 HIGH CUBE;10
EM0573-25;260040529;26/09/2025 10:20;19/11/2025;01/01/2025;RIO GRANDE;LISBOA;MAPPER LOGISTICA DE COMERCIO EXTERIOR;MAERSK LINE;MAERSK LETICIA;Finalizado;CALCADOS MARTE LTDA;SAPATOS;FCL;0;1;40 HIGH CUBE;2
EM0574-25;47416300;26/09/2025 10:59;01/11/2025;07/12/2025;PARANAGUA;ALGIERS;FECULARIA ELDORADO LTDA;HAPAG LLOYD;MSC NAIROBI X;Finalizado;FECULARIA ELDORADO LTDA;ALIMENTOS EM GERAL;FCL;0;3;40 HIGH CUBE;6
EM0575-25;39384834;26/09/2025 11:39;06/12/2025;17/02/2026;PARANAGUA;ALGIERS;FECULARIA ELDORADO LTDA;HAPAG LLOYD;MSC HORTENSE;Finalizado;FECULARIA ELDORADO LTDA;ALIMENTOS EM GERAL;FCL;0;2;40 HIGH CUBE;4
EM0576-25;90483928;26/09/2025 14:50;08/11/2025;24/12/2025;PARANAGUA;ALGIERS;FECULARIA ELDORADO LTDA;HAPAG LLOYD;MSC YASHI B;Finalizado;FECULARIA ELDORADO LTDA;ALIMENTOS EM GERAL;FCL;0;3;40 HIGH CUBE;6
EM0577-25;262245327;26/09/2025 17:09;28/11/2025;01/01/2026;PARANAGUA;PUERTO CABELLO;LABORATORIOS CALBOS LTDA;MAERSK LINE;MSC VANCOUVER;Finalizado;LABORATORIOS CALBOS LTDA;PRODUTOS VETERINARIOS;FCL;0;3;40 HIGH CUBE;6
EM0578-25;.;28/09/2025 22:09;21/10/2025;01/01/2025;IMBITUBA;DEGRAD DES CANNES;MAPPER LOGISTICA DE COMERCIO EXTERIOR;CMA CGM DO BRASIL;SWANSEA;Finalizado;;SAPATOS;FCL;1;0;20 DRY BOX;1
EM0583-25;2765713470;29/09/2025 15:04;06/11/2025;09/01/2026;NAVEGANTES;JEBEL ALI;INTERNATIONAL FOREST PRODUCTS;OOCL;CMA CGM AMAZONIA;Finalizado;LEVEL IMPORTACAO, EXPORTACAO E COMERCIO S/A;MADEIRA;FCL;0;5;40 HIGH CUBE;10
EM0584-25;2765713500;29/09/2025 15:18;24/11/2025;14/02/2026;NAVEGANTES;JEBEL ALI;INTERNATIONAL FOREST PRODUCTS;OOCL;CMA CGM BELEM;Finalizado;LEVEL IMPORTACAO, EXPORTACAO E COMERCIO S/A;MADEIRA;FCL;0;6;40 HIGH CUBE;12
EM0585-25;260180273;30/09/2025 16:54;15/10/2025;12/11/2025;PARANAGUA;PUERTO CABELLO;LABORATORIOS CALBOS LTDA;MAERSK LINE;CAPE SOREL;Finalizado;LABORATORIOS CALBOS LTDA;FARMACEUTICOS;FCL;0;1;40 HIGH CUBE;2
EM0586-25;SAOF54270500;30/09/2025 17:00;16/10/2025;11/11/2025;ITAJAI;ALTAMIRA;GRUPO FORESTAL IND. MEXICANO CORPORATIVO;ONE - OCEAN NETWORK EXPRESS;JAZAN;Finalizado;SÃO CAETANO IND. DE LAM. E COMPENSADOS LTDA;LUMBER;FCL;0;2;40 HIGH CUBE;4
EM0587-25;SAOF59809400;30/09/2025 17:39;13/11/2025;06/12/2025;ITAJAI;ALTAMIRA;GRUPO FORESTAL IND. MEXICANO CORPORATIVO;ONE - OCEAN NETWORK EXPRESS;SANTA VANESSA;Cancelado;MADEIREIRA GRAMADOS LTDA;LUMBER;FCL;0;3;40 HIGH CUBE;6
EM0588-25;SAOF57062700;30/09/2025 17:50;17/11/2025;12/12/2025;ITAJAI;ALTAMIRA;GRUPO FORESTAL IND. MEXICANO CORPORATIVO;ONE - OCEAN NETWORK EXPRESS;SANTA VANESSA;Finalizado;MADEIREIRA GRAMADOS LTDA;LUMBER;FCL;0;3;40 HIGH CUBE;6
EM0589-25;SAOF54268500;30/09/2025 18:04;29/10/2025;22/11/2025;ITAJAI;ALTAMIRA;GRUPO FORESTAL IND. MEXICANO CORPORATIVO;ONE - OCEAN NETWORK EXPRESS;WIDE HOTEL;Finalizado;ILHA BD INDUSTRIA E COMERCIO DE MADEIRAS LTDA;MADEIRA;FCL;0;4;40 HIGH CUBE;8
EM0590-25;260207208;30/09/2025 18:20;24/10/2025;08/11/2025;ITAPOA;SAN ANTONIO;INDUSFLORA PRODUTOS FLORESTAIS S/A;MAERSK LINE;WIELAND;Finalizado;INDUSFLORA PRODUTOS FLORESTAIS S/A;MADEIRA;FCL;0;5;40 HIGH CUBE;10
EM0591-25;ZIMUPGU8023917;30/09/2025 18:21;12/11/2025;11/12/2025;PARANAGUA;ALTAMIRA;GRUPO FORESTAL IND. MEXICANO CORPORATIVO;ZIM;LONCOMILLA;Finalizado;PINUSTAN INDUSTRIA E COMERCIO DE MADEIRAS LTDA;LUMBER;FCL;0;2;40 HIGH CUBE;4
EM0592-25;260207131;30/09/2025 18:23;24/10/2025;08/11/2025;ITAPOA;SAN ANTONIO;INDUSFLORA PRODUTOS FLORESTAIS S/A;MAERSK LINE;WIELAND;Finalizado;INDUSFLORA PRODUTOS FLORESTAIS S/A;MADEIRA;FCL;0;5;40 HIGH CUBE;10
EM0593-25;260205810;01/10/2025 09:07;17/10/2025;09/11/2025;SANTOS;CAUCEDO;JAPI S/A. INDUSTRIA E COMERCIO;MAERSK LINE;CAPE SOREL;Finalizado;JAPI S/A. INDUSTRIA E COMERCIO;POLYRESIN PLANTERS;FCL;0;1;40 HIGH CUBE;2
EM0594-25;260182646;01/10/2025 11:55;12/11/2025;09/12/2025;ITAPOA;LONDON;PLYLOG;MAERSK LINE;SANTA INES;Finalizado;INDUSTRIA DE COMPENSADOS GUARARAPES LTDA;MADEIRA;FCL;0;7;40 HIGH CUBE;14
EM0595-25;6432238610;01/10/2025 14:18;18/10/2025;16/11/2025;PARANAGUA;VERACRUZ;FECULARIA ELDORADO LTDA;COSCO SHIPPING;SWANSEA;Finalizado;AMIDOS BRASIL COMERCIO E DISTRIBUICAO LTDA;ALIMENTOS EM GERAL;FCL;0;1;40 HIGH CUBE;2
EM0597-25;SS0925PA00550;01/10/2025 15:50;25/10/2025;18/11/2025;SANTOS;ANTWERP;MAPPER LOGISTICA DE COMERCIO EXTERIOR;ALLINK TRANSPORTES INTERNACIONAIS LTDA;BROOKLYN BRIDGE;Finalizado;CALCADOS MARTE LTDA;ALIMENTOS EM GERAL;FCL;0;1;40 HIGH CUBE;2
EM0598-25;SS0925PA00550;01/10/2025 15:59;25/10/2025;18/11/2025;SANTOS;ANTWERP;MAPPER LOGISTICA DE COMERCIO EXTERIOR;ALLINK TRANSPORTES INTERNACIONAIS LTDA;BROOKLYN BRIDGE;Finalizado;CALCADOS BEIRA RIO S/A;ALIMENTOS EM GERAL;FCL;0;1;40 HIGH CUBE;2
EM0600-25;EBKGQ0014A0A;01/10/2025 16:25;18/10/2025;14/11/2025;RIO DE JANEIRO;LONDON GATEWAY PORT;MELBRAS IMPORTADORA E EXPORTADORA AGROINDUSTRIA LTDA;MSC MEDITERRANEO;CZECH;Finalizado;MELBRAS IMPORTADORA E EXPORTADORA AGROINDUSTRIA LTDA;MEL;FCL;1;0;20 DRY BOX;1
EM0601-25;ZIMUPGU8023927;01/10/2025 17:17;27/10/2025;11/11/2025;PARANAGUA;CARTAGENA, CO;FECULARIA ELDORADO LTDA;ZIM;SUNNY PHOENIX;Finalizado;AMIDOS BRASIL COMERCIO E DISTRIBUICAO LTDA;ALIMENTOS EM GERAL;FCL;0;1;40 HIGH CUBE;2
EM0602-25;260181987;02/10/2025 11:00;12/11/2025;30/12/2025;ITAPOA;ASHDOD;SAGOL MARKETING & INVESTIMENT LTD;MAERSK LINE;SANTA INES;Finalizado;FORT EXPORTAÇÃO - NAO UTILIZAR CADASTRO;MADEIRA;FCL;0;2;40 HIGH CUBE;4
EM0603-25;260249776;02/10/2025 16:01;21/11/2025;09/12/2025;ITAPOA;NEWARK;MANOEL MARCHETTI;MAERSK LINE;RDO FORTUNE;Finalizado;MANOEL MARCHETTI;MADEIRA;FCL;0;1;40 HIGH CUBE;2
EM0604-25;260240496;06/10/2025 08:20;25/10/2025;21/12/2025;ASUNCION;CHARLESTON;M. A. COMISSARIA;MAERSK LINE;BARGE;Finalizado;"MARGO Y CIA. S.A.
";MADEIRA;FCL;0;4;40 HIGH CUBE;8
EM0605-25;EBKG14463666;06/10/2025 08:30;18/10/2025;11/01/2026;ASUNCION;SEATTLE;M. A. COMISSARIA;MSC MEDITERRANEO;TBN;Finalizado;"MARGO Y CIA. S.A.
";MADEIRA;FCL;0;1;40 HIGH CUBE;2
EM0606-25;EBKG14463611;06/10/2025 08:38;18/10/2025;11/01/2026;ASUNCION;SEATTLE;M. A. COMISSARIA;MSC MEDITERRANEO;TBN;Finalizado;"MARGO Y CIA. S.A.
";MADEIRA;FCL;0;1;40 HIGH CUBE;2
EM0607-25;EBKG14554034;06/10/2025 08:47;11/11/2025;28/01/2026;ASUNCION;SEATTLE;M. A. COMISSARIA;MSC MEDITERRANEO;TBN;Finalizado;"MARGO Y CIA. S.A.
";MADEIRA;FCL;0;2;40 HIGH CUBE;4
EM0608-25;SSZ1693722;06/10/2025 15:19;21/10/2025;29/01/2026;IMBITUBA;DEGRAD DES CANNES;MAPPER LOGISTICA DE COMERCIO EXTERIOR;CMA CGM DO BRASIL;SWANSEA;Finalizado;LOGX AGENCIAMENTO DE CARGAS LTDA;SAPATOS;FCL;1;0;20 DRY BOX;1
EM0609-25;SSZ1693722;06/10/2025 15:24;21/10/2025;29/01/2026;IMBITUBA;DEGRAD DES CANNES;MAPPER LOGISTICA DE COMERCIO EXTERIOR;CMA CGM DO BRASIL;SWANSEA;Finalizado;CALCADOS BEIRA RIO S/A;SAPATOS;FCL;1;0;20 DRY BOX;1
EM0610-25;SSZ1693722;06/10/2025 15:29;21/10/2025;29/01/2026;IMBITUBA;DEGRAD DES CANNES;MAPPER LOGISTICA DE COMERCIO EXTERIOR;CMA CGM DO BRASIL;SWANSEA;Finalizado;ESTACAO BRASIL CALCADOS LTDA;SAPATOS;FCL;1;0;20 DRY BOX;1
EM0611-25;BUEF12107400;08/10/2025 09:45;31/10/2025;29/11/2025;BUENOS AIRES;ALTAMIRA;GRUPO FORESTAL IND. MEXICANO CORPORATIVO;ONE - OCEAN NETWORK EXPRESS;SEASPAN EMPIRE;Finalizado;RAUL E. FERNANDEZ S.A;MADEIRA;FCL;0;2;40 HIGH CUBE;4
EM0612-25;260372642;08/10/2025 10:07;17/10/2025;11/11/2025;PARANAGUA;ALTAMIRA;GRUPO FORESTAL IND. MEXICANO CORPORATIVO;MAERSK LINE;MAERSK CHAMBAL;Finalizado;COMPENSADOS NOVO MILENIO LTDA;LUMBER;FCL;0;4;40 HIGH CUBE;8
EM0613-25;260412897;08/10/2025 22:08;17/10/2025;13/11/2025;ITAPOA;COLLEGE POINT , NY 11356 (door delivery);DOORINABOX;MAERSK LINE;MAERSK FRANKFURT;Finalizado;ESQUADRIBRAS - INDUSTRIA DE ESQUADRIAS LTDA;LUMBER;FCL;0;1;40 HIGH CUBE;2
EM0614-25;260408066;09/10/2025 10:22;09/11/2025;08/12/2025;PARANAGUA;ASHDOD;M. A. COMISSARIA;MAERSK LINE;MAERSK LINS;Finalizado;BRASNILE INDUSTRIAL LTDA;MADEIRA;FCL;0;6;40 HIGH CUBE;12
EM0616-25;260455454;09/10/2025 10:50;20/10/2025;07/12/2025;RIO GRANDE;HO CHI MINH CITY;QINGDAO ZT INT'L SUPPLY CHAIN MANAGEMENT CO.,LTD;MAERSK LINE;BARTOLOMEU DIAS;Finalizado;ARLANXEO BRASIL S.A;;FCL;0;3;40 HIGH CUBE;6
EM0617-25;SAOA75070100;09/10/2025 11:10;22/12/2025;28/02/2026;RIO GRANDE;QINGDAO;ARAUCO INDUSTRIA DE PAINEIS S.A. - PIEN;HYUNDAI;HMM IVY;Finalizado;ARAUCO INDUSTRIA DE PAINEIS S.A. - PIEN;MADEIRA;FCL;0;5;40 HIGH CUBE;10
EM0618-25;SAOF56541800;09/10/2025 14:29;29/10/2025;22/11/2025;ITAJAI;ALTAMIRA;GRUPO FORESTAL IND. MEXICANO CORPORATIVO;ONE - OCEAN NETWORK EXPRESS;WIDE HOTEL;Finalizado;SÃO CAETANO IND. DE LAM. E COMPENSADOS LTDA;LUMBER;FCL;0;4;40 HIGH CUBE;8
EM0619-25;6432481230;10/10/2025 11:28;21/10/2025;26/12/2025;IMBITUBA;PARAMARIBO;NV VSH LOGISTICS;COSCO SHIPPING;SWANSEA;Finalizado;METALURGICA TRAPP LTDA;LUMBER;FCL;0;1;40 HIGH CUBE;2
EM0620-25;6432481230;10/10/2025 11:54;21/10/2025;26/12/2025;IMBITUBA;PARAMARIBO;NV VSH LOGISTICS;COSCO SHIPPING;SWANSEA;Finalizado;METALURGICA SIEMSEN LTDA;MAQUINARIOS;FCL;0;1;40 HIGH CUBE;2
EM0621-25;260533267;10/10/2025 14:40;24/10/2025;16/11/2025;PARANAGUA;ALTAMIRA;GRUPO FORESTAL IND. MEXICANO CORPORATIVO;MAERSK LINE;MSC LOS ANGELES;Finalizado;MADEIREIRA EK LTDA;LUMBER;FCL;0;4;40 HIGH CUBE;8
EM0622-25;260533211;10/10/2025 15:01;24/10/2025;16/11/2025;PARANAGUA;ALTAMIRA;GRUPO FORESTAL IND. MEXICANO CORPORATIVO;MAERSK LINE;MSC LOS ANGELES;Finalizado;MADEIREIRA EK LTDA;LUMBER;FCL;0;5;40 HIGH CUBE;10
EM0623-25;ZIMUITJ8051791;10/10/2025 15:59;26/10/2025;03/12/2025;ITAPOA;BARCADERA;PATMO LUMBER TRADE;ZIM;SUNNY PHOENIX;Finalizado;INDUSTRIA DE COMPENSADOS GUARARAPES LTDA;MADEIRA;FCL;0;1;40 HIGH CUBE;2
EM0624-25;260461436;13/10/2025 16:37;03/11/2025;08/12/2025;ITAPOA;LEIXOES;LA FORESTAL;MAERSK LINE;CMA CGM YUKON;Finalizado;LA FORESTAL;MADEIRA;FCL;0;1;40 HIGH CUBE;2
EM0625-25;6433055480;13/10/2025 16:44;17/11/2025;24/12/2025;PARANAGUA;LISBOA;FECULARIA ELDORADO LTDA;COSCO SHIPPING;NYK DIANA;Finalizado;FECULARIA ELDORADO LTDA;ALIMENTOS EM GERAL;FCL;1;0;20 DRY BOX;1
EM0626-25;BUEF12285400;13/10/2025 17:50;31/10/2025;29/11/2025;BUENOS AIRES;ALTAMIRA;GRUPO FORESTAL IND. MEXICANO CORPORATIVO;ONE - OCEAN NETWORK EXPRESS;CAPE PIONEER;Finalizado;RAUL E. FERNANDEZ S.A;MADEIRA;FCL;0;3;40 HIGH CUBE;6
EM0627-25;260686400;14/10/2025 15:22;24/10/2025;14/11/2025;ITAPOA;COLLEGE POINT , NY 11356 (door delivery);DOORINABOX;MAERSK LINE;MALIAKOS;Finalizado;ESQUADRIBRAS - INDUSTRIA DE ESQUADRIAS LTDA;LUMBER;FCL;0;1;40 HIGH CUBE;2
EM0628-25;260686423;14/10/2025 15:29;31/10/2025;18/11/2025;ITAPOA;NEWARK;DOORINABOX;MAERSK LINE;MAERSK EVERGLADES;Finalizado;ESQUADRIBRAS - INDUSTRIA DE ESQUADRIAS LTDA;LUMBER;FCL;0;1;40 HIGH CUBE;2
EM0629-25;260686448;14/10/2025 15:37;31/10/2025;18/11/2025;ITAPOA;NEWARK;DOORINABOX;MAERSK LINE;MAERSK EVERGLADES;Finalizado;ESQUADRIBRAS - INDUSTRIA DE ESQUADRIAS LTDA;LUMBER;FCL;0;1;40 HIGH CUBE;2
EM0630-25;SAOF57508500;14/10/2025 16:45;17/11/2025;12/12/2025;ITAJAI;ALTAMIRA;GRUPO FORESTAL IND. MEXICANO CORPORATIVO;ONE - OCEAN NETWORK EXPRESS;SANTA VANESSA;Finalizado;SÃO CAETANO IND. DE LAM. E COMPENSADOS LTDA;LUMBER;FCL;0;6;40 HIGH CUBE;12
EM0631-25;SAOF57504800;14/10/2025 16:52;17/11/2025;12/12/2025;ITAJAI;ALTAMIRA;GRUPO FORESTAL IND. MEXICANO CORPORATIVO;ONE - OCEAN NETWORK EXPRESS;SANTA VANESSA;Finalizado;SÃO CAETANO IND. DE LAM. E COMPENSADOS LTDA;LUMBER;FCL;0;6;40 HIGH CUBE;12
EM0632-25;SAOF57511600;14/10/2025 17:15;22/11/2025;13/12/2025;ITAJAI;ALTAMIRA;GRUPO FORESTAL IND. MEXICANO CORPORATIVO;ONE - OCEAN NETWORK EXPRESS;PALENA;Finalizado;ILHA BD INDUSTRIA E COMERCIO DE MADEIRAS LTDA;MADEIRA;FCL;0;4;40 HIGH CUBE;8
EM0633-25;ZIMUPGU8024035;14/10/2025 17:39;12/11/2025;12/12/2025;PARANAGUA;ALTAMIRA;GRUPO FORESTAL IND. MEXICANO CORPORATIVO;ZIM;LONCOMILLA;Finalizado;MADEIREIRA EK LTDA;LUMBER;FCL;0;5;40 HIGH CUBE;10
EM0634-25;ZIMUPGU8024036;14/10/2025 17:46;12/11/2025;12/12/2025;PARANAGUA;ALTAMIRA;GRUPO FORESTAL IND. MEXICANO CORPORATIVO;ZIM;LONCOMILLA;Finalizado;MADEIREIRA EK LTDA;LUMBER;FCL;0;6;40 HIGH CUBE;12
EM0635-25;SAOA59466000;15/10/2025 09:24;14/11/2025;17/12/2025;NAVEGANTES;HO CHI MINH CITY;DAZ COMERCIO, IMPORTACAO E EXPORTACAO LTDA;HYUNDAI;HYUNDAI HONG KONG;Finalizado;DAZ COMERCIO, IMPORTACAO E EXPORTACAO LTDA;PARTES E PEÇAS;FCL;1;0;20 DRY BOX;1
EM0636-25;6433486500;16/10/2025 15:21;13/11/2025;05/01/2026;IMBITUBA;PORT OF SPAIN;INTERNATIONAL FOREST PRODUCTS;COSCO SHIPPING;ALESSIA;Finalizado;BERNECK S.A. PAINEIS E SERRADOS;ESPETOS DE MADEIRA;FCL;0;1;40 HIGH CUBE;2
EM0637-25;SAOF57763800;16/10/2025 16:37;05/12/2025;27/12/2025;ITAJAI;ALTAMIRA;GRUPO FORESTAL IND. MEXICANO CORPORATIVO;ONE - OCEAN NETWORK EXPRESS;LE HAVRE EXPRESS;Finalizado;MADEIREIRA FABRICIO;MADEIRA;FCL;0;4;40 HIGH CUBE;8
EM0638-25;6429005700;17/10/2025 10:52;06/11/2025;03/12/2025;SANTOS;VERACRUZ;BGS - BESTWAY GLOBAL SERVICES S.A. DE C.V.;COSCO SHIPPING;CMA CGM BERLIOZ;Finalizado;ROQUETTE BRASIL;;FCL;0;2;40 HIGH CUBE;4
EM0639-25;6433616370;17/10/2025 14:46;25/11/2025;13/01/2026;IMBITUBA;PORT OF SPAIN;INTERNATIONAL FOREST PRODUCTS;COSCO SHIPPING;ENSENADA;Finalizado;BERNECK S.A. PAINEIS E SERRADOS;ESPETOS DE MADEIRA;FCL;0;1;40 HIGH CUBE;2
EM0640-25;SSZ1699016;20/10/2025 08:02;23/11/2025;17/01/2026;SANTOS;TRIPOLI, LB;MAPPER LOGISTICA DE COMERCIO EXTERIOR;CMA CGM DO BRASIL;MAERSK LOTA;Finalizado;LOGX AGENCIAMENTO DE CARGAS LTDA;SAPATOS;FCL;0;1;40 HIGH CUBE;2
EM0641-25;SSZ1699016;20/10/2025 08:09;23/11/2025;17/01/2026;SANTOS;TRIPOLI, LB;MAPPER LOGISTICA DE COMERCIO EXTERIOR;CMA CGM DO BRASIL;MAERSK LOTA;Finalizado;LOGX AGENCIAMENTO DE CARGAS LTDA;SAPATOS;FCL;0;1;40 HIGH CUBE;2
EM0642-25;SSZ1699022;20/10/2025 10:10;08/11/2025;19/12/2025;SANTOS;TRIPOLI, LB;MAPPER LOGISTICA DE COMERCIO EXTERIOR;CMA CGM DO BRASIL;CMA CGM YUKON;Finalizado;LOGX AGENCIAMENTO DE CARGAS LTDA;SAPATOS;FCL;0;1;40 HIGH CUBE;2
EM0643-25;6433777220;20/10/2025 15:21;17/11/2025;06/12/2025;PARANAGUA;KINGSTON;INTERNATIONAL FOREST PRODUCTS;COSCO SHIPPING;HANS SCHULTE;Finalizado;CARPISO IND.DE PAINEIS E REVEST.DE MAD.LTDA;MADEIRA;FCL;0;2;40 HIGH CUBE;4
EM0644-25;27976238;20/10/2025 17:25;03/01/2026;25/01/2026;PARANAGUA;ALTAMIRA;GRUPO FORESTAL IND. MEXICANO CORPORATIVO;HAPAG LLOYD;JAZAN;Finalizado;PINUSTAN INDUSTRIA E COMERCIO DE MADEIRAS LTDA;LUMBER;FCL;0;3;40 HIGH CUBE;6
EM0645-25;SSZ1714425;20/10/2025 17:33;18/12/2025;02/02/2026;PARANAGUA;ALTAMIRA;GRUPO FORESTAL IND. MEXICANO CORPORATIVO;CMA CGM DO BRASIL;SWANSEA;Finalizado;PINUSTAN INDUSTRIA E COMERCIO DE MADEIRAS LTDA;LUMBER;FCL;0;2;40 HIGH CUBE;4
EM0646-25;94750971;20/10/2025 17:39;30/11/2025;20/12/2025;PARANAGUA;ALTAMIRA;GRUPO FORESTAL IND. MEXICANO CORPORATIVO;HAPAG LLOYD;DALIAN EXPRESS;Finalizado;PINUSTAN INDUSTRIA E COMERCIO DE MADEIRAS LTDA;LUMBER;FCL;0;2;40 HIGH CUBE;4
EM0647-25;260864497;20/10/2025 17:45;21/11/2025;14/12/2025;PARANAGUA;ALTAMIRA;GRUPO FORESTAL IND. MEXICANO CORPORATIVO;MAERSK LINE;MAERSK RUBICON;Finalizado;PINUSTAN INDUSTRIA E COMERCIO DE MADEIRAS LTDA;LUMBER;FCL;0;2;40 HIGH CUBE;4
EM0648-25;260962663;21/10/2025 10:55;26/10/2025;20/11/2025;SANTOS;PORT EVERGLADES;GREAT BLEND LLC;MAERSK LINE;MALIAKOS;Finalizado;FLORÃO ALIMENTOS LTDA;COFFEE;FCL;0;2;40 HIGH CUBE;4
EM0649-25;260969356;21/10/2025 16:59;07/11/2025;03/12/2025;PARANAGUA;ALTAMIRA;GRUPO FORESTAL IND. MEXICANO CORPORATIVO;MAERSK LINE;MSC PETRA;Finalizado;INDUSTRIA E COM. DE COMPENSADOS SUL PARANÁ LTDA;MADEIRA;FCL;0;5;40 HIGH CUBE;10
EM0650-25;260972265;21/10/2025 17:28;08/11/2025;04/12/2025;ITAPOA;PORT EVERGLADES;DOORINABOX;MAERSK LINE;MAERSK MONTE AZUL;Finalizado;ESQUADRIBRAS - INDUSTRIA DE ESQUADRIAS LTDA;LUMBER;FCL;0;1;40 HIGH CUBE;2
EM0651-25;261010939;22/10/2025 16:32;21/11/2025;22/12/2025;PARANAGUA;BALTIMORE;M. A. COMISSARIA;MAERSK LINE;MAERSK RUBICON;Finalizado;IRUNA S.A.I.C.;;FCL;0;1;40 HIGH CUBE;2
EM0652-25;EBKG14633533;22/10/2025 17:48;14/11/2025;06/01/2026;MANAUS;HAIFA;NESTOR SILVIO ZEILICOVICH;MSC MEDITERRANEO;VIVALDI;Finalizado;O.P.BADOTTI EIRELI – ME;MADEIRA;FCL;0;1;40 HIGH CUBE;2
EM0653-25;SAOA35431900;23/10/2025 08:36;20/11/2025;03/01/2026;RIO GRANDE;LAEM CHABANG;QINGDAO ZT INT'L SUPPLY CHAIN MANAGEMENT CO.,LTD;HYUNDAI;HMM JUNIPER;Finalizado;ARLANXEO BRASIL S.A;;FCL;0;5;40 HIGH CUBE;10
EM0654-25;66547972;23/10/2025 09:52;06/12/2025;02/02/2026;PARANAGUA;ALGIERS;FECULARIA ELDORADO LTDA;HAPAG LLOYD;MSC HORTENSE;Finalizado;FECULARIA ELDORADO LTDA;ALIMENTOS EM GERAL;FCL;0;2;40 HIGH CUBE;4
EM0655-25;EBKG14633533;23/10/2025 10:35;14/11/2025;06/01/2026;MANAUS;HAIFA;NESTOR SILVIO ZEILICOVICH;MSC MEDITERRANEO;VIVALDI;Finalizado;O.P.BADOTTI EIRELI – ME;MADEIRA;FCL;0;1;40 HIGH CUBE;2
EM0656-25;EBKG14644007;23/10/2025 14:45;11/11/2025;04/01/2026;RIO GRANDE;VANCOUVER;MAPPER LOGISTICA DE COMERCIO EXTERIOR;MSC MEDITERRANEO;MSC DAMLA;Finalizado;IMS BRAZIL LTDA;ALIMENTOS EM GERAL;FCL;1;0;20 DRY BOX;1
EM0657-25;EBKG14629715;24/10/2025 10:51;26/11/2025;12/01/2026;PARANAGUA;SEATTLE;M. A. COMISSARIA;MSC MEDITERRANEO;EUROPE;Finalizado;IRUNA S.A.I.C.;;FCL;0;1;40 HIGH CUBE;2
EM0658-25;EBKG14629731;24/10/2025 11:02;26/11/2025;12/01/2026;PARANAGUA;SEATTLE;M. A. COMISSARIA;MSC MEDITERRANEO;EUROPE;Finalizado;IRUNA S.A.I.C.;;FCL;0;1;40 HIGH CUBE;2
EM0659-25;EBKG14629737;24/10/2025 11:07;26/11/2025;12/01/2026;PARANAGUA;SEATTLE;M. A. COMISSARIA;MSC MEDITERRANEO;EUROPE;Finalizado;IRUNA S.A.I.C.;;FCL;0;1;40 HIGH CUBE;2
EM0661-25;EBKG14618502;24/10/2025 16:33;15/11/2025;29/12/2025;ITAJAI;OAKLAND;BROTHERS INTERNATIONAL COMERCIAL E EXPORTADORA DE MADEIRAS LTDA;MSC MEDITERRANEO;MSC DAMLA;Finalizado;NADERER COMERCIO EXPORTACAO & IMPORTACAO LTDA;MADEIRA;FCL;0;1;40 HIGH CUBE;2
EM0662-25;ZIMUBUE9044823;24/10/2025 16:43;19/11/2025;23/12/2025;BUENOS AIRES;ALTAMIRA;GRUPO FORESTAL IND. MEXICANO CORPORATIVO;ZIM;SPYROS V;Finalizado;RAUL E. FERNANDEZ S.A;MADEIRA;FCL;0;4;40 HIGH CUBE;8
EM0663-25;ZIMUPGU8024142;27/10/2025 14:37;01/12/2025;17/12/2025;PARANAGUA;CARTAGENA, CO;FECULARIA ELDORADO LTDA;ZIM;SPYROS V;Finalizado;AMIDOS BRASIL COMERCIO E DISTRIBUICAO LTDA;ALIMENTOS EM GERAL;FCL;0;1;40 HIGH CUBE;2
EM0664-25;6434503590;27/10/2025 17:33;11/11/2025;04/12/2025;PARANAGUA;KINGSTON;INTERNATIONAL FOREST PRODUCTS;COSCO SHIPPING;ALESSIA;Finalizado;COMPENSADOS NOVO MILENIO LTDA;MADEIRA;FCL;0;5;40 HIGH CUBE;10
EM0665-25;261211028;27/10/2025 17:59;21/11/2025;14/12/2025;PARANAGUA;ALTAMIRA;GRUPO FORESTAL IND. MEXICANO CORPORATIVO;MAERSK LINE;MAERSK RUBICON;Finalizado;PINUSBRAS EXPORTACAO DE MADEIRA LTDA;MADEIRA;FCL;0;5;40 HIGH CUBE;10
EM0666-25;6434503560;28/10/2025 10:11;23/11/2025;13/01/2026;PARANAGUA;PORT OF SPAIN;INTERNATIONAL FOREST PRODUCTS;COSCO SHIPPING;ENSENADA;Finalizado;LEVEL IMPORTACAO, EXPORTACAO E COMERCIO S/A;MADEIRA;FCL;0;2;40 HIGH CUBE;4
EM0667-25;SAOF60670600;28/10/2025 10:39;28/11/2025;20/12/2025;ITAJAI;ALTAMIRA;GRUPO FORESTAL IND. MEXICANO CORPORATIVO;ONE - OCEAN NETWORK EXPRESS;DALIAN EXPRESS;Finalizado;ILHA BD INDUSTRIA E COMERCIO DE MADEIRAS LTDA;MADEIRA;FCL;0;4;40 HIGH CUBE;8
EM0668-25;6434641360;28/10/2025 14:15;10/11/2025;02/12/2025;PARANAGUA;CARTAGENA, CO;ARAUCO INDUSTRIA DE PAINEIS S.A. - PIEN;COSCO SHIPPING;ALESSIA;Finalizado;ARAUCO INDUSTRIA DE PAINEIS S.A. - PIEN;ESPETOS DE MADEIRA;FCL;0;4;40 HIGH CUBE;8
EM0669-25;EBKGQ00169C1;28/10/2025 15:43;27/11/2025;20/01/2026;NAVEGANTES;ASHDOD;SEAWAY LOGISTICS LTDA;MSC MEDITERRANEO;MSC LAGOS X;Finalizado;BORILLI RACING PNEUMATICOS LTDA;PNEU;FCL;0;1;40 HIGH CUBE;2
EM0670-25;SSZ1699022;29/10/2025 10:13;08/11/2025;19/12/2025;SANTOS;TRIPOLI, LB;MAPPER LOGISTICA DE COMERCIO EXTERIOR;CMA CGM DO BRASIL;CMA CGM YUKON;Finalizado;CALCADOS PEGADA NORDESTE LTDA;SAPATOS;FCL;0;1;40 HIGH CUBE;2
EM0671-25;92263584;29/10/2025 11:00;13/11/2025;02/12/2025;RIO GRANDE;NEW YORK;MAPPER LOGISTICA DE COMERCIO EXTERIOR;HAPAG LLOYD;MAERSK MONTE ALEGRE;Finalizado;IMS BRAZIL LTDA;ALIMENTOS EM GERAL;FCL;0;1;40 HIGH CUBE;2
EM0672-25;90710658;29/10/2025 15:12;07/11/2025;25/11/2025;ITAPOA;NEW YORK;DOORINABOX;HAPAG LLOYD;MAERSK MONTE AZUL;Finalizado;ESQUADRIBRAS - INDUSTRIA DE ESQUADRIAS LTDA;LUMBER;FCL;0;1;40 HIGH CUBE;2
EM0673-25;18064731;29/10/2025 15:16;07/11/2025;25/11/2025;ITAPOA;NEW YORK;DOORINABOX;HAPAG LLOYD;MAERSK MONTE AZUL;Finalizado;ESQUADRIBRAS - INDUSTRIA DE ESQUADRIAS LTDA;LUMBER;FCL;0;1;40 HIGH CUBE;2
EM0674-25;24109803;29/10/2025 15:22;07/11/2025;25/11/2025;ITAPOA;NEW YORK;DOORINABOX;HAPAG LLOYD;MAERSK MONTE AZUL;Finalizado;ESQUADRIBRAS - INDUSTRIA DE ESQUADRIAS LTDA;LUMBER;FCL;0;1;40 HIGH CUBE;2
EM0675-25;261270984;29/10/2025 16:13;21/11/2025;09/12/2025;ITAPOA;NEWARK;PLYLOG;MAERSK LINE;RDO FORTUNE;Finalizado;INDUSTRIA DE COMPENSADOS GUARARAPES LTDA;MADEIRA;FCL;0;5;40 HIGH CUBE;10
EM0676-25;ZIMUITJ8051957;29/10/2025 16:35;30/11/2025;19/01/2026;NAVEGANTES;ASHDOD;M.A MANUFACTURING AND;ZIM;MSC AGADIR;Finalizado;MADEIRAS NEDRI LTDA;MADEIRA;FCL;0;1;40 HIGH CUBE;2
EM0677-25;261270990;29/10/2025 16:35;21/11/2025;09/12/2025;ITAPOA;NEWARK;PLYLOG;MAERSK LINE;RDO FORTUNE;Finalizado;INDUSTRIA DE COMPENSADOS GUARARAPES LTDA;MADEIRA;FCL;0;5;40 HIGH CUBE;10
EM0678-25;261271038;29/10/2025 16:43;21/11/2025;09/12/2025;ITAPOA;NEWARK;PLYLOG;MAERSK LINE;RDO FORTUNE;Finalizado;INDUSTRIA DE COMPENSADOS GUARARAPES LTDA;MADEIRA;FCL;0;5;40 HIGH CUBE;10
EM0679-25;261271026;29/10/2025 16:51;21/11/2025;09/12/2025;ITAPOA;NEWARK;PLYLOG;MAERSK LINE;RDO FORTUNE;Finalizado;INDUSTRIA DE COMPENSADOS GUARARAPES LTDA;MADEIRA;FCL;0;5;40 HIGH CUBE;10
EM0680-25;261270981;29/10/2025 16:57;21/11/2025;09/12/2025;ITAPOA;NEWARK;PLYLOG;MAERSK LINE;RDO FORTUNE;Finalizado;INDUSTRIA DE COMPENSADOS GUARARAPES LTDA;MADEIRA;FCL;0;5;40 HIGH CUBE;10
EM0681-25;261271014;29/10/2025 16:59;21/11/2025;09/12/2025;ITAPOA;NEWARK;PLYLOG;MAERSK LINE;RDO FORTUNE;Finalizado;INDUSTRIA DE COMPENSADOS GUARARAPES LTDA;MADEIRA;FCL;0;5;40 HIGH CUBE;10
EM0682-25;261271042;29/10/2025 17:01;21/11/2025;09/12/2025;ITAPOA;NEWARK;PLYLOG;MAERSK LINE;RDO FORTUNE;Finalizado;INDUSTRIA DE COMPENSADOS GUARARAPES LTDA;MADEIRA;FCL;0;5;40 HIGH CUBE;10
EM0683-25;262044807;29/10/2025 17:03;05/12/2025;22/12/2025;ITAPOA;NEWARK;PLYLOG;MAERSK LINE;MAERSK FRANKFURT;Finalizado;INDUSTRIA DE COMPENSADOS GUARARAPES LTDA;MADEIRA;FCL;0;5;40 HIGH CUBE;10
EM0684-25;261271090;29/10/2025 17:04;05/12/2025;22/12/2025;ITAPOA;NEWARK;PLYLOG;MAERSK LINE;MAERSK FRANKFURT;Finalizado;INDUSTRIA DE COMPENSADOS GUARARAPES LTDA;MADEIRA;FCL;0;5;40 HIGH CUBE;10
EM0685-25;261271123;29/10/2025 17:07;05/12/2025;22/12/2025;ITAPOA;NEWARK;PLYLOG;MAERSK LINE;MAERSK FRANKFURT;Finalizado;INDUSTRIA DE COMPENSADOS GUARARAPES LTDA;MADEIRA;FCL;0;5;40 HIGH CUBE;10
EM0686-25;261271118;29/10/2025 17:10;05/12/2025;22/12/2025;ITAPOA;NEWARK;PLYLOG;MAERSK LINE;MAERSK FRANKFURT;Finalizado;INDUSTRIA DE COMPENSADOS GUARARAPES LTDA;MADEIRA;FCL;0;5;40 HIGH CUBE;10
EM0687-25;261271119;29/10/2025 17:11;05/12/2025;22/12/2025;ITAPOA;NEWARK;PLYLOG;MAERSK LINE;MAERSK FRANKFURT;Finalizado;INDUSTRIA DE COMPENSADOS GUARARAPES LTDA;MADEIRA;FCL;0;5;40 HIGH CUBE;10
EM0688-25;261271144;29/10/2025 17:12;05/12/2025;22/12/2025;ITAPOA;NEWARK;PLYLOG;MAERSK LINE;MAERSK FRANKFURT;Finalizado;INDUSTRIA DE COMPENSADOS GUARARAPES LTDA;MADEIRA;FCL;0;5;40 HIGH CUBE;10
EM0689-25;261922784;29/10/2025 17:15;08/12/2025;19/01/2026;SANTOS;ASHDOD;SEAWAY LOGISTICS LTDA;MAERSK LINE;SAN RAPHAEL MAERSK;Finalizado;JAPI S/A. INDUSTRIA E COMERCIO;POLYRESIN PLANTERS;FCL;0;5;40 HIGH CUBE;10
EM0690-25;261271078;29/10/2025 17:15;05/12/2025;22/12/2025;ITAPOA;NEWARK;PLYLOG;MAERSK LINE;MAERSK FRANKFURT;Finalizado;INDUSTRIA DE COMPENSADOS GUARARAPES LTDA;MADEIRA;FCL;0;5;40 HIGH CUBE;10
EM0691-25;261271096;29/10/2025 17:17;05/12/2025;22/12/2025;ITAPOA;NEWARK;PLYLOG;MAERSK LINE;MAERSK FRANKFURT;Finalizado;INDUSTRIA DE COMPENSADOS GUARARAPES LTDA;MADEIRA;FCL;0;5;40 HIGH CUBE;10
EM0692-25;262044839;29/10/2025 17:18;05/12/2025;22/12/2025;ITAPOA;NEWARK;PLYLOG;MAERSK LINE;MAERSK FRANKFURT;Finalizado;INDUSTRIA DE COMPENSADOS GUARARAPES LTDA;MADEIRA;FCL;0;5;40 HIGH CUBE;10
EM0693-25;262044840;29/10/2025 17:20;05/12/2025;22/12/2025;ITAPOA;NEWARK;PLYLOG;MAERSK LINE;MAERSK FRANKFURT;Finalizado;INDUSTRIA DE COMPENSADOS GUARARAPES LTDA;MADEIRA;FCL;0;5;40 HIGH CUBE;10
EM0694-25;262247080;29/10/2025 17:24;05/12/2025;22/12/2025;ITAPOA;NEWARK;PLYLOG;MAERSK LINE;MAERSK FRANKFURT;Finalizado;INDUSTRIA DE COMPENSADOS GUARARAPES LTDA;MADEIRA;FCL;0;5;40 HIGH CUBE;10
EM0695-25;262247219;29/10/2025 17:24;05/12/2025;22/12/2025;ITAPOA;NEWARK;PLYLOG;MAERSK LINE;MAERSK FRANKFURT;Finalizado;INDUSTRIA DE COMPENSADOS GUARARAPES LTDA;MADEIRA;FCL;0;5;40 HIGH CUBE;10
EM0696-25;262247194;29/10/2025 17:27;05/12/2025;22/12/2025;ITAPOA;NEWARK;PLYLOG;MAERSK LINE;MAERSK FRANKFURT;Finalizado;INDUSTRIA DE COMPENSADOS GUARARAPES LTDA;MADEIRA;FCL;0;5;40 HIGH CUBE;10
EM0697-25;262247128;29/10/2025 17:30;05/12/2025;22/12/2025;ITAPOA;NEWARK;PLYLOG;MAERSK LINE;MAERSK FRANKFURT;Finalizado;INDUSTRIA DE COMPENSADOS GUARARAPES LTDA;MADEIRA;FCL;0;5;40 HIGH CUBE;10
EM0698-25;43019062;29/10/2025 23:13;21/11/2025;09/12/2025;ITAPOA;NEW YORK;DOORINABOX;HAPAG LLOYD;RDO FORTUNE;Finalizado;ESQUADRIBRAS - INDUSTRIA DE ESQUADRIAS LTDA;LUMBER;FCL;0;1;40 HIGH CUBE;2
EM0699-25;36158088;29/10/2025 23:16;21/11/2025;09/12/2025;ITAPOA;NEW YORK;DOORINABOX;HAPAG LLOYD;RDO FORTUNE;Finalizado;ESQUADRIBRAS - INDUSTRIA DE ESQUADRIAS LTDA;LUMBER;FCL;0;1;40 HIGH CUBE;2
EM0700-25;93193394;29/10/2025 23:20;21/11/2025;09/12/2025;ITAPOA;NEW YORK;DOORINABOX;HAPAG LLOYD;RDO FORTUNE;Finalizado;ESQUADRIBRAS - INDUSTRIA DE ESQUADRIAS LTDA;LUMBER;FCL;0;1;40 HIGH CUBE;2
EM0701-25;6434894630;30/10/2025 14:28;13/11/2025;05/01/2026;IMBITUBA;PORT OF SPAIN;MANOEL MARCHETTI;COSCO SHIPPING;ALESSIA;Finalizado;MANOEL MARCHETTI;MADEIRA;FCL;0;3;40 HIGH CUBE;6
EM0702-25;6434904050;30/10/2025 15:25;12/11/2025;01/01/2025;PARANAGUA;FELIXSTOWE;MASTER COMERCIO EXTERIOR LTDA.;COSCO SHIPPING;NYK DIANA;Finalizado;REPINHO REFLORESTADORA MADEIRAS E COMPENSADOS LTDA;MADEIRA;FCL;0;2;40 HIGH CUBE;4
EM0704-25;EBKG14708599;30/10/2025 16:28;26/11/2025;12/01/2026;PARANAGUA;SEATTLE;M. A. COMISSARIA;MSC MEDITERRANEO;EUROPE;Finalizado;IRUNA S.A.I.C.;;FCL;0;1;40 HIGH CUBE;2
EM0705-25;EBKG14708624;30/10/2025 16:31;26/11/2025;12/01/2026;PARANAGUA;SEATTLE;M. A. COMISSARIA;MSC MEDITERRANEO;EUROPE;Finalizado;IRUNA S.A.I.C.;;FCL;0;1;40 HIGH CUBE;2
EM0706-25;ZIMUITJ8051963;31/10/2025 10:09;01/12/2025;19/01/2026;NAVEGANTES;ASHDOD;URI GROSS LTD;ZIM;MSC AGADIR;Finalizado;EVOLUTION COMERCIAL EXPORTADORA LTDA;MADEIRA;FCL;0;1;40 HIGH CUBE;2
EM0707-25;30818824;31/10/2025 10:24;28/11/2025;31/12/2025;SALVADOR;HELSINKI;MAPPER LOGISTICA DE COMERCIO EXTERIOR;HAPAG LLOYD;MSC LEILA;Finalizado;CALCADOS PEGADA NORDESTE LTDA;SAPATOS;FCL;0;1;40 HIGH CUBE;2
EM0708-25;261967822;31/10/2025 10:43;07/01/2026;11/02/2026;RIO GRANDE;LISBOA;MAPPER LOGISTICA DE COMERCIO EXTERIOR;MAERSK LINE;MAERSK LINS;Finalizado;A. GRINGS S.A.;SAPATOS;FCL;0;1;40 HIGH CUBE;2
EM0709-25;SAOA73524800;31/10/2025 11:19;16/12/2025;26/01/2026;RIO GRANDE;LAEM CHABANG;QINGDAO ZT INT'L SUPPLY CHAIN MANAGEMENT CO.,LTD;HYUNDAI;HYUNDAI BRAVE;Finalizado;ARLANXEO BRASIL S.A;;FCL;0;9;40 HIGH CUBE;18
EM0710-25;6437466750;31/10/2025 11:25;24/12/2025;08/02/2026;NAVEGANTES;LAEM CHABANG;QINGDAO ZT INT'L SUPPLY CHAIN MANAGEMENT CO.,LTD;COSCO SHIPPING;COSCO SHIPPING CHILE;Finalizado;ARLANXEO BRASIL S.A;;FCL;0;9;40 HIGH CUBE;18
EM0711-25;SAOA14582900;31/10/2025 14:39;22/12/2025;05/02/2026;RIO GRANDE;LAEM CHABANG;QINGDAO ZT INT'L SUPPLY CHAIN MANAGEMENT CO.,LTD;HYUNDAI;HMM IVY;Finalizado;ARLANXEO BRASIL S.A;;FCL;0;9;40 HIGH CUBE;18
EM0713-25;SAOA92734000;31/10/2025 14:44;22/12/2025;12/02/2026;RIO GRANDE;LAEM CHABANG;QINGDAO ZT INT'L SUPPLY CHAIN MANAGEMENT CO.,LTD;HYUNDAI;HMM IVY;Finalizado;ARLANXEO BRASIL S.A;;FCL;0;9;40 HIGH CUBE;18
EM0714-25;261971116;31/10/2025 14:46;12/01/2026;28/01/2026;PARANAGUA;CARTAGENA, CO;BR.O - INDUSTRIA DE BIORREFINARIA E OLEOQUIMICA LTDA;MAERSK LINE;MSC PETRA;Finalizado;BR.O - INDUSTRIA DE BIORREFINARIA E OLEOQUIMICA LTDA;ESTER METILICO DE OLEO VEGETAL;FCL;0;1;40 DRY BOX;2
EM0715-25;SAOA65476600;31/10/2025 14:47;22/12/2025;11/02/2026;RIO GRANDE;LAEM CHABANG;QINGDAO ZT INT'L SUPPLY CHAIN MANAGEMENT CO.,LTD;HYUNDAI;HMM IVY;Finalizado;ARLANXEO BRASIL S.A;;FCL;0;9;40 HIGH CUBE;18
EM0716-25;6435431160;31/10/2025 14:49;04/12/2025;16/01/2026;NAVEGANTES;LAEM CHABANG;QINGDAO ZT INT'L SUPPLY CHAIN MANAGEMENT CO.,LTD;COSCO SHIPPING;COSCO SHIPPING PERU;Finalizado;ARLANXEO BRASIL S.A;;FCL;0;9;40 HIGH CUBE;18
EM0717-25;SAOA35732300;31/10/2025 14:56;06/01/2025;12/02/2026;RIO GRANDE;LAEM CHABANG;QINGDAO ZT INT'L SUPPLY CHAIN MANAGEMENT CO.,LTD;HYUNDAI;HMM SKY;Finalizado;ARLANXEO BRASIL S.A;;FCL;0;8;40 HIGH CUBE;16
EM0718-25;6435434300;31/10/2025 14:59;04/12/2025;16/01/2026;NAVEGANTES;LAEM CHABANG;QINGDAO ZT INT'L SUPPLY CHAIN MANAGEMENT CO.,LTD;COSCO SHIPPING;COSCO SHIPPING PERU;Finalizado;ARLANXEO BRASIL S.A;;FCL;0;6;40 HIGH CUBE;12
EM0721-25;SAOA94393400;31/10/2025 16:04;22/12/2025;11/02/2026;RIO GRANDE;SHATIAN;SERRA MORENA CORRETORA LTDA;HYUNDAI;HMM IVY;Desembarcado;SERRA MORENA CORRETORA LTDA;MADEIRA;FCL;0;5;40 HIGH CUBE;10
EM0723-25;EBKG14779724;31/10/2025 16:16;18/11/2025;28/12/2025;RIO DE JANEIRO;HAMBURG;MELBRAS IMPORTADORA E EXPORTADORA AGROINDUSTRIA LTDA;MSC MEDITERRANEO;MSC IZMIR;Finalizado;MELBRAS IMPORTADORA E EXPORTADORA AGROINDUSTRIA LTDA;MEL;FCL;4;0;20 DRY BOX;4
EM0724-25;2314972360;04/11/2025 09:28;29/11/2025;13/01/2026;SANTOS;IZMIR;MESCO INTERNATIONAL FORWARDING INC.;OOCL;NAVIOS VERMILION;Finalizado;CRUZEIRO PAPEIS INDUSTRIAIS LTDA;;FCL;1;0;20 DRY BOX;1
EM0725-25;73035163;04/11/2025 15:03;31/12/2025;13/02/2026;SALVADOR;LISBOA;MAPPER LOGISTICA DE COMERCIO EXTERIOR;HAPAG LLOYD;MSC INSA;Finalizado;CALCADOS PEGADA NORDESTE LTDA;SAPATOS;FCL;0;1;40 HIGH CUBE;2
EM0726-25;ZIMUBUE9045136;04/11/2025 16:12;19/11/2025;23/12/2025;BUENOS AIRES;ALTAMIRA;GRUPO FORESTAL IND. MEXICANO CORPORATIVO;ZIM;SPYROS V;Finalizado;RAUL E. FERNANDEZ S.A;MADEIRA;FCL;0;3;40 HIGH CUBE;6
EM0727-25;ZIMUPGU8024216;05/11/2025 11:14;01/12/2025;30/12/2025;PARANAGUA;HALIFAX;ARAUCO INDUSTRIA DE PAINEIS S.A. - PIEN;ZIM;SPYROS V;Finalizado;ARAUCO INDUSTRIA DE PAINEIS S.A. - PIEN;MADEIRA;FCL;0;1;40 HIGH CUBE;2
EM0728-25;261602827;05/11/2025 16:53;26/11/2025;28/01/2026;SANTOS;MANILA SOUTH;MAPPER LOGISTICA DE COMERCIO EXTERIOR;MAERSK LINE;SAN LORENZO MAERSK;Finalizado;CALCADOS RAMARIM LTDA;SAPATOS;FCL;1;0;20 DRY BOX;1
EM0729-25;261603449;06/11/2025 08:23;06/12/2025;19/01/2026;PARANAGUA;ASHDOD;INTERNATIONAL FOREST PRODUCTS;MAERSK LINE;SAN RAPHAEL MAERSK;Finalizado;MADEIREIRA GRAMADOS LTDA;MADEIRA;FCL;0;2;40 HIGH CUBE;4
EM0730-25;6435556660;06/11/2025 11:16;26/12/2025;24/01/2026;SANTOS;VERACRUZ;BGS - BESTWAY GLOBAL SERVICES S.A. DE C.V.;COSCO SHIPPING;CMA CGM MERCANTOUR;Finalizado;ROQUETTE BRASIL;;FCL;0;3;40 HIGH CUBE;6
EM0732-25;6435551600;06/11/2025 14:16;09/12/2025;24/12/2025;PARANAGUA;CARTAGENA, CO;FECULARIA ELDORADO LTDA;COSCO SHIPPING;CARDIFF;Finalizado;FECULARIA ELDORADO LTDA;ALIMENTOS EM GERAL;FCL;0;4;40 HIGH CUBE;8
EM0733-25;6435434990;06/11/2025 14:51;09/12/2025;29/12/2025;PARANAGUA;KINGSTON;INTERNATIONAL FOREST PRODUCTS;COSCO SHIPPING;CARDIFF;Finalizado;FAGANELLO INDUSTRIA DE COMPENSADOS;MADEIRA;FCL;0;5;40 HIGH CUBE;10
EM0734-25;38432948;06/11/2025 16:41;31/12/2025;13/02/2026;SALVADOR;LISBOA;MAPPER LOGISTICA DE COMERCIO EXTERIOR;HAPAG LLOYD;MSC INSA;Finalizado;CALCADOS PEGADA NORDESTE LTDA;SAPATOS;FCL;0;1;40 HIGH CUBE;2
EM0735-25;24794830;06/11/2025 16:49;31/12/2025;13/02/2026;SALVADOR;LISBOA;MAPPER LOGISTICA DE COMERCIO EXTERIOR;HAPAG LLOYD;MSC INSA;Finalizado;CALCADOS PEGADA NORDESTE LTDA;SAPATOS;FCL;0;1;40 HIGH CUBE;2
EM0736-25;6435561780;07/11/2025 15:24;23/11/2025;28/12/2025;PARANAGUA;CALLAO;ARAUCO INDUSTRIA DE PAINEIS S.A. - PIEN;COSCO SHIPPING;ENSENADA;Finalizado;ARAUCO INDUSTRIA DE PAINEIS S.A. - PIEN;ESPETOS DE MADEIRA;FCL;0;5;40 HIGH CUBE;10
EM0737-25;261702542;07/11/2025 15:50;05/12/2025;10/01/2026;PARANAGUA;LEIXOES;M. A. COMISSARIA;MAERSK LINE;MAERSK LAMANAI;Finalizado;IRUNA S.A.I.C.;;FCL;0;1;40 HIGH CUBE;2
EM0739-25;EBKG14796813;07/11/2025 17:36;29/11/2025;30/12/2025;RIO DE JANEIRO;HAMBURG;MELBRAS IMPORTADORA E EXPORTADORA AGROINDUSTRIA LTDA;MSC MEDITERRANEO;LAEM CHABANG EXPRESS;Finalizado;MELBRAS IMPORTADORA E EXPORTADORA AGROINDUSTRIA LTDA;MEL;FCL;0;5;40 REEFER;10
EM0740-25;261654323;08/11/2025 06:06;02/12/2025;13/01/2026;ASUNCION;CHARLESTON;M. A. COMISSARIA;MAERSK LINE;JOSAMO;Finalizado;"MARGO Y CIA. S.A.
";MADEIRA;FCL;0;1;40 HIGH CUBE;2
EM0741-25;261654393;08/11/2025 06:10;21/12/2025;09/03/2026;ASUNCION;CHARLESTON;M. A. COMISSARIA;MAERSK LINE;BARGE PAR 13001;Finalizado;"MARGO Y CIA. S.A.
";MADEIRA;FCL;0;3;40 HIGH CUBE;6
EM0742-25;261759756;10/11/2025 10:19;20/11/2025;12/12/2025;SANTOS;LISBOA;NTI GLOBAL LOGISTICS;MAERSK LINE;MAERSK LA PAZ;Finalizado;POMPEIA SA INDUSTRIA E COMERCIO;;FCL;0;1;40 HIGH CUBE;2
EM0743-25;2314607850;10/11/2025 11:04;22/12/2025;31/01/2026;PARANAGUA;DAKAR;MASTER COMERCIO EXTERIOR LTDA.;OOCL;SEATTLE C;Finalizado;SOUTH SERVICE TRADING SA;MADEIRA;FCL;0;2;40 HIGH CUBE;4
EM0744-25;6435969100;10/11/2025 14:44;30/11/2025;21/12/2025;PARANAGUA;KINGSTON;INTERNATIONAL FOREST PRODUCTS;COSCO SHIPPING;APL NEW JERSEY;Finalizado;DALMASS & CIA LTDA;MADEIRA;FCL;0;5;40 HIGH CUBE;10
EM0745-25;ZIMUBUE9045396;10/11/2025 15:58;03/12/2025;09/01/2026;BUENOS AIRES;ALTAMIRA;GRUPO FORESTAL IND. MEXICANO CORPORATIVO;ZIM;SUNNY PHOENIX;Finalizado;RAUL E. FERNANDEZ S.A;MADEIRA;FCL;0;4;40 HIGH CUBE;8
EM0746-25;ZIMUPGU8024277;10/11/2025 17:06;08/12/2025;13/01/2026;PARANAGUA;HALIFAX;ARAUCO INDUSTRIA DE PAINEIS S.A. - PIEN;ZIM;SUNNY PHOENIX;Finalizado;ARAUCO INDUSTRIA DE PAINEIS S.A. - PIEN;MADEIRA;FCL;0;1;40 HIGH CUBE;2
EM0747-25;;11/11/2025 09:40;20/12/2025;01/01/2025;SALVADOR;HONG KONG;HBEX COMERCIAL EXPORTADORA E IMPORTADORA LTDA;CMA CGM DO BRASIL;MERCOSUL SUAPE;Cancelado;BA HONG LUNG (BRASIL) LTDA;MIÚDOS E CARNE BOVÍNA;FCL;0;1;40 REEFER;2
EM0748-25;6435969150;11/11/2025 16:32;20/12/2025;05/01/2026;SANTOS;KINGSTON;INTERNATIONAL FOREST PRODUCTS;COSCO SHIPPING;SWANSEA;Finalizado;ECTX S/A - EUCATEX;MADEIRA;FCL;0;5;40 HIGH CUBE;10
EM0749-25;EBKG15218101;12/11/2025 15:43;24/12/2025;04/02/2026;VITORIA (MARITIMO);ASHDOD;SEAWAY LOGISTICS LTDA;MSC MEDITERRANEO;LOG-IN RESILIENTE;Finalizado;DECOLORES MARMORES E GRANITOS DO BRASIL LTDA;MARMORE, GRANITO, PEDRAS;FCL;1;0;20 DRY BOX;1
EM0750-25;261769240;12/11/2025 16:49;08/12/2025;05/02/2026;VITORIA (MARITIMO);HAIFA;SEAWAY LOGISTICS LTDA;MAERSK LINE;LOG-IN PANTANAL;Finalizado;NATURALE GRANITOS E MARMORES LTDA;MARMORE, GRANITO, PEDRAS;FCL;1;0;20 DRY BOX;1
EM0753-25;6436220860;13/11/2025 14:53;26/12/2025;05/01/2026;IMBITUBA;KINGSTON;INTERNATIONAL FOREST PRODUCTS;COSCO SHIPPING;SWANSEA;Finalizado;BERNECK S.A. PAINEIS E SERRADOS;ESPETOS DE MADEIRA;FCL;0;2;40 HIGH CUBE;4
EM0754-25;6436223050;13/11/2025 16:14;26/12/2025;24/01/2026;IMBITUBA;SANTO TOMAS DE CASTILLA;MANOEL MARCHETTI;COSCO SHIPPING;SWANSEA;Finalizado;MANOEL MARCHETTI;MADEIRA;FCL;0;2;40 HIGH CUBE;4
EM0755-25;28845726;13/11/2025 17:24;04/12/2025;29/12/2025;SANTOS;DAKAR;AB TRADING COMMODITIES LTDA;HAPAG LLOYD;MSC MUGE;Cancelado;AB TRADING COMMODITIES LTDA;AÇÚCAR;FCL;5;0;20 DRY BOX;5
EM0756-25;6436336560;14/11/2025 16:11;26/12/2025;05/01/2026;IMBITUBA;KINGSTON;TRADE DIRECT REPRESENTACAO COMERCIAL LTDA;COSCO SHIPPING;SWANSEA;Finalizado;MANOEL MARCHETTI;MADEIRA;FCL;0;4;40 HIGH CUBE;8
EM0757-25;94197609;17/11/2025 08:47;21/01/2026;15/02/2026;SALVADOR;HAMBURG;MAPPER LOGISTICA DE COMERCIO EXTERIOR;HAPAG LLOYD;ANTHEA Y;Finalizado;CALCADOS PEGADA NORDESTE LTDA;SAPATOS;FCL;0;2;40 HIGH CUBE;4
EM0758-25;38240238;17/11/2025 10:04;30/11/2025;20/12/2025;PARANAGUA;ALTAMIRA;GRUPO FORESTAL IND. MEXICANO CORPORATIVO;HAPAG LLOYD;DALIAN EXPRESS;Finalizado;MADEIREIRA EK LTDA;MADEIRA;FCL;0;2;40 HIGH CUBE;4
EM0759-25;94313951;17/11/2025 10:14;30/11/2025;20/12/2025;PARANAGUA;ALTAMIRA;GRUPO FORESTAL IND. MEXICANO CORPORATIVO;HAPAG LLOYD;DALIAN EXPRESS;Finalizado;MADEIREIRA EK LTDA;MADEIRA;FCL;0;4;40 HIGH CUBE;8
EM0760-25;23996952;17/11/2025 10:24;30/11/2025;20/12/2025;PARANAGUA;ALTAMIRA;GRUPO FORESTAL IND. MEXICANO CORPORATIVO;HAPAG LLOYD;DALIAN EXPRESS;Finalizado;MADEIREIRA EK LTDA;MADEIRA;FCL;0;4;40 HIGH CUBE;8
EM0761-25;27323404;17/11/2025 10:32;30/11/2025;20/12/2025;PARANAGUA;ALTAMIRA;GRUPO FORESTAL IND. MEXICANO CORPORATIVO;HAPAG LLOYD;DALIAN EXPRESS;Finalizado;MADEIREIRA EK LTDA;MADEIRA;FCL;0;4;40 HIGH CUBE;8
EM0762-25;27644874;17/11/2025 11:54;30/11/2025;20/12/2025;PARANAGUA;ALTAMIRA;GRUPO FORESTAL IND. MEXICANO CORPORATIVO;HAPAG LLOYD;DALIAN EXPRESS;Finalizado;INDUSTRIA DE COMPENSADOS GUARARAPES LTDA;MADEIRA;FCL;0;5;40 HIGH CUBE;10
EM0763-25;25301967;17/11/2025 12:04;30/11/2025;20/12/2025;PARANAGUA;ALTAMIRA;GRUPO FORESTAL IND. MEXICANO CORPORATIVO;HAPAG LLOYD;DALIAN EXPRESS;Finalizado;INDUSTRIA DE COMPENSADOS GUARARAPES LTDA;MADEIRA;FCL;0;5;40 HIGH CUBE;10
EM0764-25;6436345290;17/11/2025 16:00;27/12/2025;17/02/2026;PARANAGUA;OAKLAND;PORTOTAL ASSESSORIA EM COMERCIO EXTERIOR LTDA;COSCO SHIPPING;CMA CGM ZINGARO;Finalizado;ELISA MARGARITA OZUNA SALVIONI;MADEIRA;FCL;0;1;40 HIGH CUBE;2
EM0765-25;EBKG14861051;17/11/2025 16:26;26/11/2025;12/01/2026;PARANAGUA;SEATTLE;M. A. COMISSARIA;MSC MEDITERRANEO;EUROPE;Finalizado;LANIMAR INDUSTRIA DE MADEIRAS LTDA;;FCL;0;2;40 HIGH CUBE;4
EM0766-25;6436523930;18/11/2025 09:13;09/12/2025;09/01/2026;PARANAGUA;PUERTO CORTES;ARAUCO INDUSTRIA DE PAINEIS S.A. - PIEN;COSCO SHIPPING;CARDIFF;Finalizado;ARAUCO INDUSTRIA DE PAINEIS S.A. - PIEN;MADEIRA;FCL;0;1;40 HIGH CUBE;2
EM0767-25;27306602;18/11/2025 10:57;09/01/2026;02/02/2026;ITAJAI;ALTAMIRA;GRUPO FORESTAL IND. MEXICANO CORPORATIVO;HAPAG LLOYD;WIDE HOTEL;Finalizado;SÃO CAETANO IND. DE LAM. E COMPENSADOS LTDA;MADEIRA;FCL;0;6;40 HIGH CUBE;12
EM0768-25;6436523310;18/11/2025 11:27;09/12/2025;04/01/2026;PARANAGUA;BUENAVENTURA;ARAUCO INDUSTRIA DE PAINEIS S.A. - PIEN;COSCO SHIPPING;CARDIFF;Finalizado;ARAUCO INDUSTRIA DE PAINEIS S.A. - PIEN;MADEIRA;FCL;0;1;40 HIGH CUBE;2
EM0769-25;6436524760;18/11/2025 12:01;06/12/2025;05/01/2026;SANTOS;CAUCEDO;JAPI S/A. INDUSTRIA E COMERCIO;COSCO SHIPPING;APL NEW JERSEY;Finalizado;JAPI S/A. INDUSTRIA E COMERCIO;POLYRESIN PLANTERS;FCL;1;0;20 DRY BOX;1
EM0770-25;10218719;18/11/2025 14:51;05/12/2025;22/12/2025;ITAPOA;NEW YORK;DOORINABOX;HAPAG LLOYD;MAERSK FRANKFURT;Finalizado;ESQUADRIBRAS - INDUSTRIA DE ESQUADRIAS LTDA;LUMBER;FCL;0;1;40 HIGH CUBE;2
EM0771-25;94395469;18/11/2025 14:55;05/12/2025;22/12/2025;ITAPOA;NEW YORK;DOORINABOX;HAPAG LLOYD;MAERSK FRANKFURT;Finalizado;ESQUADRIBRAS - INDUSTRIA DE ESQUADRIAS LTDA;LUMBER;FCL;0;1;40 HIGH CUBE;2
EM0772-25;37568749;18/11/2025 14:59;05/12/2025;22/12/2025;ITAPOA;NEW YORK;DOORINABOX;HAPAG LLOYD;MAERSK FRANKFURT;Finalizado;ESQUADRIBRAS - INDUSTRIA DE ESQUADRIAS LTDA;LUMBER;FCL;0;1;40 HIGH CUBE;2
EM0773-25;262105348;18/11/2025 20:22;13/12/2025;12/01/2026;ITAPOA;HOUSTON;MADEIRAS SALAMONI LTDA;MAERSK LINE;MAERSK CHAMBAL;Finalizado;MADEIRAS SALAMONI LTDA;MADEIRA;FCL;0;1;40 HIGH CUBE;2
EM0774-25;262105351;18/11/2025 20:24;13/12/2025;12/01/2026;ITAPOA;HOUSTON;MADEIRAS SALAMONI LTDA;MAERSK LINE;MAERSK CHAMBAL;Finalizado;MADEIRAS SALAMONI LTDA;MADEIRA;FCL;0;1;40 HIGH CUBE;2
EM0775-25;262105359;18/11/2025 20:25;13/12/2025;12/01/2026;ITAPOA;HOUSTON;MADEIRAS SALAMONI LTDA;MAERSK LINE;MAERSK CHAMBAL;Finalizado;MADEIRAS SALAMONI LTDA;MADEIRA;FCL;0;1;40 HIGH CUBE;2
EM0776-25;262105361;18/11/2025 20:26;25/12/2025;24/01/2026;ITAPOA;HOUSTON;MADEIRAS SALAMONI LTDA;MAERSK LINE;MAERSK CHACHAI;Finalizado;MADEIRAS SALAMONI LTDA;MADEIRA;FCL;0;1;40 HIGH CUBE;2
EM0777-25;6442350380;19/11/2025 10:30;25/02/2026;26/03/2026;PARANAGUA;GUAYAQUIL;INOVA DESPACHOS ADUANEIROS LTDA;COSCO SHIPPING;EXPRESS BRAZIL;Finalizado;INFORMOBILE INDUSTRIA E COMERCIO DE MOVEIS LTDA;PARTES E PEÇAS;FCL;0;1;40 HIGH CUBE;2
EM0778-25;6436663190;19/11/2025 12:22;09/12/2025;18/01/2026;PARANAGUA;CALLAO;ARAUCO INDUSTRIA DE PAINEIS S.A. - PIEN;COSCO SHIPPING;CARDIFF;Finalizado;ARAUCO INDUSTRIA DE PAINEIS S.A. - PIEN;MADEIRA;FCL;0;7;40 HIGH CUBE;14
EM0779-25;262143360;19/11/2025 12:40;13/12/2025;13/01/2026;SANTOS;PARAMARIBO;BTOTH COMEX;MAERSK LINE;CAPE SOREL;Finalizado;ECTX S/A - EUCATEX;LUMBER;FCL;1;0;20 DRY BOX;1
EM0780-25;6436778280;19/11/2025 13:00;09/12/2025;04/01/2026;PARANAGUA;BUENAVENTURA;ARAUCO INDUSTRIA DE PAINEIS S.A. - PIEN;COSCO SHIPPING;CARDIFF;Finalizado;ARAUCO INDUSTRIA DE PAINEIS S.A. - PIEN;MADEIRA;FCL;0;3;40 HIGH CUBE;6
EM0781-25;6436781400;19/11/2025 13:55;09/12/2025;18/01/2026;PARANAGUA;CALLAO;ARAUCO INDUSTRIA DE PAINEIS S.A. - PIEN;COSCO SHIPPING;CARDIFF;Finalizado;ARAUCO INDUSTRIA DE PAINEIS S.A. - PIEN;MADEIRA;FCL;0;7;40 HIGH CUBE;14
EM0782-25;6436649540;19/11/2025 15:29;17/12/2025;05/01/2026;PARANAGUA;KINGSTON;INTERNATIONAL FOREST PRODUCTS;COSCO SHIPPING;SWANSEA;Finalizado;AGROSEPAC SERRADOS LTDA;MADEIRA;FCL;0;5;40 HIGH CUBE;10
EM0788-25;27309355;19/11/2025 15:54;05/12/2025;22/12/2025;ITAPOA;NEW YORK;DOORINABOX;HAPAG LLOYD;MAERSK FRANKFURT;Finalizado;ESQUADRIBRAS - INDUSTRIA DE ESQUADRIAS LTDA;LUMBER;FCL;0;1;40 HIGH CUBE;2
EM0789-25;94390986;19/11/2025 16:02;05/12/2025;22/12/2025;ITAPOA;NEW YORK;DOORINABOX;HAPAG LLOYD;MAERSK FRANKFURT;Finalizado;ESQUADRIBRAS - INDUSTRIA DE ESQUADRIAS LTDA;LUMBER;FCL;0;1;40 HIGH CUBE;2
EM0790-25;SAOA76606600;19/11/2025 16:08;22/12/2025;11/02/2026;RIO GRANDE;SHATIAN;SERRA MORENA CORRETORA LTDA;HYUNDAI;HMM IVY;Desembarcado;SERRA MORENA CORRETORA LTDA;MADEIRA;FCL;0;5;40 HIGH CUBE;10
EM0791-25;37239525;19/11/2025 16:11;05/12/2025;22/12/2025;ITAPOA;NEW YORK;DOORINABOX;HAPAG LLOYD;MAERSK FRANKFURT;Finalizado;ESQUADRIBRAS - INDUSTRIA DE ESQUADRIAS LTDA;LUMBER;FCL;0;1;40 HIGH CUBE;2
EM0792-25;SAOA37152300;19/11/2025 16:18;22/12/2025;11/02/2026;RIO GRANDE;SHATIAN;SERRA MORENA CORRETORA LTDA;HYUNDAI;HMM IVY;Desembarcado;SERRA MORENA CORRETORA LTDA;MADEIRA;FCL;0;15;40 HIGH CUBE;30
EM0793-25;28984346;19/11/2025 16:24;21/12/2025;08/01/2026;ITAPOA;COLLEGE POINT , NY 11356 (door delivery);DOORINABOX;HAPAG LLOYD;MAERSK FREEPORT;Finalizado;ESQUADRIBRAS - INDUSTRIA DE ESQUADRIAS LTDA;LUMBER;FCL;0;1;40 HIGH CUBE;2
EM0794-25;94258915;19/11/2025 16:30;20/12/2025;08/01/2026;ITAPOA;NEW YORK;DOORINABOX;HAPAG LLOYD;MAERSK FREEPORT;Finalizado;ESQUADRIBRAS - INDUSTRIA DE ESQUADRIAS LTDA;LUMBER;FCL;0;1;40 HIGH CUBE;2
EM0795-25;6436523330;19/11/2025 17:35;09/12/2025;10/01/2026;PARANAGUA;SANTO TOMAS DE CASTILLA;ARAUCO INDUSTRIA DE PAINEIS S.A. - PIEN;COSCO SHIPPING;CARDIFF;Finalizado;ARAUCO INDUSTRIA DE PAINEIS S.A. - PIEN;ESPETOS DE MADEIRA;FCL;0;1;40 HIGH CUBE;2
EM0796-25;BUEF13811700;19/11/2025 17:56;13/12/2025;11/01/2026;BUENOS AIRES;ALTAMIRA;GRUPO FORESTAL IND. MEXICANO CORPORATIVO;ONE - OCEAN NETWORK EXPRESS;MSC PHOENIX;Finalizado;RAUL E. FERNANDEZ S.A;MADEIRA;FCL;0;6;40 HIGH CUBE;12
EM0797-25;SSZ1715085;21/11/2025 09:31;09/12/2025;02/02/2026;PARANAGUA;ALTAMIRA;GRUPO FORESTAL IND. MEXICANO CORPORATIVO;CMA CGM DO BRASIL;CARDIFF;Finalizado;INDUSTRIA DE COMPENSADOS GUARARAPES LTDA;MADEIRA;FCL;0;5;40 HIGH CUBE;10
EM0798-25;6437034930;21/11/2025 10:42;23/12/2025;24/01/2026;IMBITUBA;SAN JUAN;INTERNATIONAL FOREST PRODUCTS;COSCO SHIPPING;CMA CGM MERCANTOUR;Finalizado;MADEIREIRA GRAMADOS LTDA;MADEIRA;FCL;0;1;40 HIGH CUBE;2
EM0799-25;6437037580;21/11/2025 11:11;09/12/2025;13/01/2026;PARANAGUA;SAN JUAN;INTERNATIONAL FOREST PRODUCTS;COSCO SHIPPING;CARDIFF;Finalizado;MEGGA INDUSTRIAL MADEIREIRA LTDA;MADEIRA;FCL;0;1;40 HIGH CUBE;2
EM0800-25;SSZ1715032;21/11/2025 11:34;09/12/2025;02/02/2026;PARANAGUA;ALTAMIRA;GRUPO FORESTAL IND. MEXICANO CORPORATIVO;CMA CGM DO BRASIL;CARDIFF;Finalizado;PINUSBRAS EXPORTACAO DE MADEIRA LTDA;MADEIRA;FCL;0;6;40 HIGH CUBE;12
EM0801-25;6437041500;21/11/2025 11:49;09/12/2025;18/01/2026;PARANAGUA;CALLAO;ARAUCO INDUSTRIA DE PAINEIS S.A. - PIEN;COSCO SHIPPING;CARDIFF;Finalizado;ARAUCO INDUSTRIA DE PAINEIS S.A. - PIEN;MADEIRA;FCL;0;5;40 HIGH CUBE;10
EM0802-25;16555767;21/11/2025 15:18;09/01/2026;02/02/2026;ITAJAI;ALTAMIRA;GRUPO FORESTAL IND. MEXICANO CORPORATIVO;HAPAG LLOYD;WIDE HOTEL;Finalizado;ILHA BD INDUSTRIA E COMERCIO DE MADEIRAS LTDA;MADEIRA;FCL;0;4;40 HIGH CUBE;8
EM0803-25;28651983;21/11/2025 15:37;09/01/2026;02/02/2026;ITAJAI;ALTAMIRA;GRUPO FORESTAL IND. MEXICANO CORPORATIVO;HAPAG LLOYD;WIDE HOTEL;Finalizado;ILHA BD INDUSTRIA E COMERCIO DE MADEIRAS LTDA;MADEIRA;FCL;0;4;40 HIGH CUBE;8
EM0804-25;261967822;21/11/2025 17:10;07/01/2026;11/02/2026;RIO GRANDE;LISBOA;MAPPER LOGISTICA DE COMERCIO EXTERIOR;MAERSK LINE;MAERSK LINS;Finalizado;A. GRINGS S.A.;SAPATOS;FCL;0;1;40 HIGH CUBE;2
EM0807-25;SAOA38921401;24/11/2025 10:43;16/12/2025;11/02/2026;RIO GRANDE;SHATIAN;SERRA MORENA CORRETORA LTDA;HYUNDAI;HYUNDAI BRAVE;Finalizado;SERRA MORENA CORRETORA LTDA;MADEIRA;FCL;0;6;40 HIGH CUBE;12
EM0809-25;36571527;24/11/2025 11:46;07/12/2025;03/01/2026;MONTEVIDEO;ALTAMIRA;GRUPO FORESTAL IND. MEXICANO CORPORATIVO;HAPAG LLOYD;COSTA RICA EXPRESS;Finalizado;IMNSUR LTDA;MADEIRA;FCL;0;8;40 HIGH CUBE;16
EM0810-25;39589243;24/11/2025 15:25;21/12/2025;19/01/2026;ITAPOA;FORT PIERCE, FL 34947 (door delivery);DOORINABOX;HAPAG LLOYD;MAERSK FREEPORT;Finalizado;ESQUADRIBRAS - INDUSTRIA DE ESQUADRIAS LTDA;LUMBER;FCL;0;1;40 HIGH CUBE;2
EM0811-25;6437188910;24/11/2025 15:51;09/12/2025;18/01/2026;PARANAGUA;CALLAO;ARAUCO INDUSTRIA DE PAINEIS S.A. - PIEN;COSCO SHIPPING;CARDIFF;Finalizado;ARAUCO INDUSTRIA DE PAINEIS S.A. - PIEN;MADEIRA;FCL;0;4;40 HIGH CUBE;8
EM0812-25;93976991;24/11/2025 17:40;13/12/2025;09/02/2026;SANTOS;CONAKRY;AB TRADING COMMODITIES LTDA;HAPAG LLOYD;BREMERHAVEN EXPRESS;Cancelado;AB TRADING COMMODITIES LTDA;AÇÚCAR;FCL;5;0;20 DRY BOX;5
EM0813-25;EBKG14989375;24/11/2025 18:08;19/12/2025;27/01/2026;NAVEGANTES;MARSAXLOKK;MASTER COMERCIO EXTERIOR LTDA.;MSC MEDITERRANEO;MSC DOMITILLE;Finalizado;FORT EXPORTAÇÃO - NAO UTILIZAR CADASTRO;MADEIRA;FCL;0;1;40 HIGH CUBE;2
EM0814-25;SAOA35431901;25/11/2025 07:46;16/12/2025;26/01/2026;RIO GRANDE;LAEM CHABANG;QINGDAO ZT INT'L SUPPLY CHAIN MANAGEMENT CO.,LTD;HYUNDAI;HYUNDAI BRAVE;Finalizado;ARLANXEO BRASIL S.A;;FCL;0;4;40 HIGH CUBE;8
EM0815-25;EBKG14970086;25/11/2025 09:02;10/12/2025;31/01/2026;PARANAGUA;SEATTLE;M. A. COMISSARIA;MSC MEDITERRANEO;MSC NERISSA V;Finalizado;IRUNA S.A.I.C.;;FCL;0;1;40 HIGH CUBE;2
EM0816-25;ZIMUITJ8052222;25/11/2025 11:44;19/12/2025;03/02/2026;NAVEGANTES;ASHDOD;M.A MANUFACTURING AND;ZIM;MSC DOMITILLE;Finalizado;MADEIRAS NEDRI LTDA;MADEIRA;FCL;0;1;40 HIGH CUBE;2
EM0817-25;EBKG15006750;25/11/2025 14:56;07/12/2025;02/02/2026;RIO GRANDE;VANCOUVER;MAPPER LOGISTICA DE COMERCIO EXTERIOR;MSC MEDITERRANEO;MSC NERISSA V;Finalizado;IMS BRAZIL LTDA;ALIMENTOS EM GERAL;FCL;0;1;40 HIGH CUBE;2
EM0818-25;94656447;25/11/2025 16:13;07/12/2025;20/01/2026;RIO GRANDE;ABIDJAN;MAPPER LOGISTICA DE COMERCIO EXTERIOR;HAPAG LLOYD;BREMERHAVEN EXPRESS;Finalizado;CALCADOS BEIRA RIO S/A;SAPATOS;FCL;1;0;20 DRY BOX;1
EM0819-25;EBKG15004221;26/11/2025 05:48;31/12/2025;23/02/2026;PARANAGUA;SEATTLE;M. A. COMISSARIA;MSC MEDITERRANEO;MSC YAMUNA VI;Finalizado;IRUNA S.A.I.C.;;FCL;0;1;40 HIGH CUBE;2
EM0820-25;EBKG14990876;26/11/2025 05:53;17/12/2025;31/01/2026;PARANAGUA;SEATTLE;M. A. COMISSARIA;MSC MEDITERRANEO;MSC MAGNUM VII;Finalizado;IRUNA S.A.I.C.;;FCL;0;1;40 HIGH CUBE;2
EM0821-25;262430681;26/11/2025 06:10;04/01/2026;11/03/2026;SANTOS;ASHDOD;SEAWAY LOGISTICS LTDA;MAERSK LINE;MAERSK LONDRINA;Finalizado;JAPI S/A. INDUSTRIA E COMERCIO;POLYRESIN PLANTERS;FCL;0;2;40 HIGH CUBE;4
EM0822-25;6437457040;26/11/2025 10:54;09/12/2025;10/01/2026;PARANAGUA;SANTO TOMAS DE CASTILLA;ARAUCO INDUSTRIA DE PAINEIS S.A. - PIEN;COSCO SHIPPING;CARDIFF;Finalizado;ARAUCO INDUSTRIA DE PAINEIS S.A. - PIEN;MADEIRA;FCL;0;1;40 HIGH CUBE;2
EM0823-25;50403157;26/11/2025 12:06;28/12/2025;03/02/2026;ITAJAI;NEW ORLEANS;COMERCIAL EXPORTADORA WK LTDA;HAPAG LLOYD;JAZAN;Finalizado;COMERCIAL EXPORTADORA WK LTDA;MADEIRA;FCL;0;3;40 HIGH CUBE;6
EM0824-25;6437469400;26/11/2025 16:07;17/12/2025;22/01/2026;PARANAGUA;PUERTO CORTES;ARAUCO INDUSTRIA DE PAINEIS S.A. - PIEN;COSCO SHIPPING;SWANSEA;Finalizado;ARAUCO INDUSTRIA DE PAINEIS S.A. - PIEN;MADEIRA;FCL;0;2;40 HIGH CUBE;4
EM0825-25;262512467;27/11/2025 17:12;06/01/2026;10/03/2026;VITORIA (MARITIMO);HAIFA;SEAWAY LOGISTICS LTDA;MAERSK LINE;LOG-IN PANTANAL;Finalizado;VITORIA STONE INDUSTRIA E COMERCIO S/A;MARMORE, GRANITO, PEDRAS;FCL;1;0;20 DRY BOX;1
EM0826-25;6437574560;27/11/2025 17:37;17/12/2025;15/02/2026;PARANAGUA;CALLAO;ARAUCO INDUSTRIA DE PAINEIS S.A. - PIEN;COSCO SHIPPING;SWANSEA;Finalizado;ARAUCO INDUSTRIA DE PAINEIS S.A. - PIEN;MADEIRA;FCL;0;5;40 HIGH CUBE;10
EM0827-25;262461134;28/11/2025 07:06;24/12/2025;11/02/2026;RIO GRANDE;MONTREAL;MAPPER LOGISTICA DE COMERCIO EXTERIOR;MAERSK LINE;MAERSK MONTE AZUL;Finalizado;IMS BRAZIL LTDA;ALIMENTOS EM GERAL;FCL;0;1;40 HIGH CUBE;2
EM0828-25;2316059230;28/11/2025 10:06;19/12/2025;31/01/2026;ITAPOA;DAKAR;SPEED LOG;OOCL;SEATTLE C;Finalizado;ALLBRANDS INDUSTRIA DE ALIMENTOS S/A;ALIMENTOS EM GERAL;FCL;0;2;40 HIGH CUBE;4
EM0829-25;6437691970;28/11/2025 10:16;17/12/2025;02/02/2026;PARANAGUA;BUENAVENTURA;ARAUCO INDUSTRIA DE PAINEIS S.A. - PIEN;COSCO SHIPPING;SWANSEA;Finalizado;ARAUCO INDUSTRIA DE PAINEIS S.A. - PIEN;MADEIRA;FCL;0;2;40 HIGH CUBE;4
EM0830-25;2314705840;28/11/2025 11:11;22/12/2025;15/02/2026;PARANAGUA;ASHDOD;INTERNATIONAL FOREST PRODUCTS;OOCL;SEATTLE C;Finalizado;FORMATO COMPENSADOS LTDA;MADEIRA;FCL;0;2;40 HIGH CUBE;4
EM0831-25;262555146;28/11/2025 11:31;11/12/2025;13/01/2026;PARANAGUA;PARAMARIBO;FERNANDES INDUSTRIAL SERVICE;MAERSK LINE;CAPE SOREL;Finalizado;CONTITECH DO BRASIL PRODUTOS AUTOMOTIVOS E IND.;RUBBER BELTS;FCL;0;1;40 OPEN TOP;2
EM0832-25;EBKG15050462;28/11/2025 15:05;21/12/2025;01/02/2026;SANTOS;BEIRUT;MAPPER LOGISTICA DE COMERCIO EXTERIOR;MSC MEDITERRANEO;MSC DOMITILLE;Finalizado;LOGX AGENCIAMENTO DE CARGAS LTDA;SAPATOS;FCL;1;0;20 DRY BOX;1
EM0833-25;262550596;28/11/2025 15:05;23/12/2025;21/01/2026;PARANAGUA;PUERTO CABELLO;FECULARIA ELDORADO LTDA;MAERSK LINE;MAERSK JAIPUR;Finalizado;FECULARIA ELDORADO LTDA;ALIMENTOS EM GERAL;FCL;0;1;40 HIGH CUBE;2
EM0834-25;EBKG15050462;28/11/2025 15:16;21/12/2025;01/02/2026;SANTOS;BEIRUT;MAPPER LOGISTICA DE COMERCIO EXTERIOR;MSC MEDITERRANEO;MSC DOMITILLE;Finalizado;CALCADOS RAMARIM LTDA;SAPATOS;FCL;1;0;20 DRY BOX;1
EM0835-25;EBKG15050462;28/11/2025 15:20;21/12/2025;01/02/2026;SANTOS;BEIRUT;MAPPER LOGISTICA DE COMERCIO EXTERIOR;MSC MEDITERRANEO;MSC DOMITILLE;Finalizado;PLUGT CALÇADOS IND. E;SAPATOS;FCL;1;0;20 DRY BOX;1
EM0836-25;EBKG15050462;28/11/2025 15:23;21/12/2025;01/02/2026;SANTOS;BEIRUT;MAPPER LOGISTICA DE COMERCIO EXTERIOR;MSC MEDITERRANEO;MSC DOMITILLE;Finalizado;PE COM PE CALCADOS LTDA;SAPATOS;FCL;1;0;20 DRY BOX;1
EM0837-25;EBKGQ001849A;28/11/2025 15:28;01/01/2026;11/03/2026;NAVEGANTES;PORT LOUIS;MAPPER LOGISTICA DE COMERCIO EXTERIOR;MSC MEDITERRANEO;MSC NAIROBI X;Finalizado;LOGX AGENCIAMENTO DE CARGAS LTDA;SAPATOS;FCL;0;1;40 HIGH CUBE;2
EM0838-25;21962887;28/11/2025 16:21;28/12/2025;25/01/2026;ITAJAI;ALTAMIRA;GRUPO FORESTAL IND. MEXICANO CORPORATIVO;HAPAG LLOYD;JAZAN;Finalizado;SÃO CAETANO IND. DE LAM. E COMPENSADOS LTDA;MADEIRA;FCL;0;8;40 HIGH CUBE;16
EM0839-25;SSZ1719723;28/11/2025 17:15;26/12/2025;22/02/2026;IMBITUBA;LIRQUEN;INDUSFLORA PRODUTOS FLORESTAIS S/A;CMA CGM DO BRASIL;SWANSEA;Finalizado;TF COMERCIAL EXPORTADORA LTDA;MADEIRA;FCL;0;4;40 HIGH CUBE;8
EM0840-25;2314705800;28/11/2025 17:36;19/12/2025;15/02/2026;ITAPOA;ASHDOD;PORTOTAL ASSESSORIA EM COMERCIO EXTERIOR LTDA;OOCL;SEATTLE C;Finalizado;IVETE FIAMONCINI BARABACH;MADEIRA;FCL;0;1;40 HIGH CUBE;2
EM0842-25;EBKG15049675;28/11/2025 18:54;26/12/2025;07/02/2026;PARANAGUA;ENSENADA;PLYLOG;MSC MEDITERRANEO;MSC URSULA VI;Finalizado;INDUSTRIA DE COMPENSADOS GUARARAPES LTDA;MADEIRA;FCL;0;7;40 HIGH CUBE;14
EM0843-25;EBKG15049670;28/11/2025 19:02;26/12/2025;07/02/2026;PARANAGUA;ENSENADA;PLYLOG;MSC MEDITERRANEO;MSC URSULA VI;Finalizado;INDUSTRIA DE COMPENSADOS GUARARAPES LTDA;MADEIRA;FCL;0;7;40 HIGH CUBE;14
EM0844-25;EBKG15049718;28/11/2025 19:07;14/01/2026;17/02/2026;PARANAGUA;ENSENADA;PLYLOG;MSC MEDITERRANEO;MSC ROCHELLE;Finalizado;INDUSTRIA DE COMPENSADOS GUARARAPES LTDA;MADEIRA;FCL;0;6;40 HIGH CUBE;12
EM0845-25;EBKG15049705;28/11/2025 19:11;31/12/2025;17/02/2026;PARANAGUA;ENSENADA;PLYLOG;MSC MEDITERRANEO;MSC YAMUNA VI;Finalizado;INDUSTRIA DE COMPENSADOS GUARARAPES LTDA;MADEIRA;FCL;0;7;40 HIGH CUBE;14
EM0846-25;EBKG15049634;28/11/2025 19:22;25/12/2025;19/01/2026;ITAPOA;ALTAMIRA;PLYLOG;MSC MEDITERRANEO;MAERSK CHACHAI;Finalizado;INDUSTRIA DE COMPENSADOS GUARARAPES LTDA;MADEIRA;FCL;0;5;40 HIGH CUBE;10
EM0847-25;EBKG15049644;28/11/2025 19:25;25/12/2025;19/01/2026;ITAPOA;ALTAMIRA;PLYLOG;MSC MEDITERRANEO;MAERSK CHACHAI;Finalizado;INDUSTRIA DE COMPENSADOS GUARARAPES LTDA;MADEIRA;FCL;0;5;40 HIGH CUBE;10
EM0848-25;EBKG15080897;28/11/2025 19:34;17/12/2025;07/02/2026;PARANAGUA;ENSENADA;PLYLOG;MSC MEDITERRANEO;MSC MAGNUM VII;Finalizado;INDUSTRIA DE COMPENSADOS GUARARAPES LTDA;MADEIRA;FCL;0;5;40 HIGH CUBE;10
EM0849-25;EBKG15080985;28/11/2025 19:36;25/12/2025;07/02/2026;PARANAGUA;ENSENADA;PLYLOG;MSC MEDITERRANEO;MSC URSULA VI;Finalizado;INDUSTRIA DE COMPENSADOS GUARARAPES LTDA;MADEIRA;FCL;0;5;40 HIGH CUBE;10
EM0850-25;EBKG15081001;28/11/2025 19:39;14/01/2026;17/02/2026;PARANAGUA;ENSENADA;PLYLOG;MSC MEDITERRANEO;MSC ROCHELLE;Finalizado;INDUSTRIA DE COMPENSADOS GUARARAPES LTDA;MADEIRA;FCL;0;5;40 HIGH CUBE;10
EM0851-25;EBKG15099991;28/11/2025 19:41;22/01/2026;23/03/2026;PARANAGUA;ENSENADA;PLYLOG;MSC MEDITERRANEO;MSC BREMEN;Finalizado;INDUSTRIA DE COMPENSADOS GUARARAPES LTDA;MADEIRA;FCL;0;5;40 HIGH CUBE;10
EM0852-25;EBKG15099996;28/11/2025 19:43;04/02/2026;23/03/2026;PARANAGUA;ENSENADA;PLYLOG;MSC MEDITERRANEO;MSC DAMLA;Finalizado;INDUSTRIA DE COMPENSADOS GUARARAPES LTDA;MADEIRA;FCL;0;5;40 HIGH CUBE;10
EM0853-25;SSZ1720967;28/11/2025 19:54;18/12/2025;02/02/2026;PARANAGUA;ALTAMIRA;GRUPO FORESTAL IND. MEXICANO CORPORATIVO;CMA CGM DO BRASIL;SWANSEA;Finalizado;MADEIREIRA EK LTDA;MADEIRA;FCL;0;9;40 HIGH CUBE;18
EM0854-25;262615324;28/11/2025 20:03;15/12/2025;14/01/2026;PARANAGUA;PUERTO PROGRESO;GRUPO FORESTAL IND. MEXICANO CORPORATIVO;MAERSK LINE;MAERSK CHAMBAL;Finalizado;COMPENSADOS NOVO MILENIO LTDA;LUMBER;FCL;0;4;40 HIGH CUBE;8
EM0855-25;6438090330;28/11/2025 20:20;26/12/2025;24/01/2026;IMBITUBA;SANTO TOMAS DE CASTILLA;INTERNATIONAL FOREST PRODUCTS;COSCO SHIPPING;SWANSEA;Finalizado;BERNECK S.A. PAINEIS E SERRADOS;MADEIRA;FCL;0;3;40 HIGH CUBE;6
EM0856-25;6437819130;01/12/2025 11:11;21/12/2025;12/01/2026;PARANAGUA;KINGSTON;INTERNATIONAL FOREST PRODUCTS;COSCO SHIPPING;CMA CGM MERCANTOUR;Finalizado;COMPENSADOS NOVO MILENIO LTDA;MADEIRA;FCL;0;4;40 HIGH CUBE;8
EM0857-25;6437819120;01/12/2025 11:18;21/12/2025;12/01/2026;PARANAGUA;KINGSTON;INTERNATIONAL FOREST PRODUCTS;COSCO SHIPPING;CMA CGM MERCANTOUR;Finalizado;COMPENSADOS NOVO MILENIO LTDA;MADEIRA;FCL;0;4;40 HIGH CUBE;8
EM0858-25;94656447;01/12/2025 13:50;07/12/2025;20/01/2026;RIO GRANDE;ABIDJAN;MAPPER LOGISTICA DE COMERCIO EXTERIOR;HAPAG LLOYD;BREMERHAVEN EXPRESS;Finalizado;CALCADOS BEIRA RIO S/A;SAPATOS;FCL;1;0;20 DRY BOX;1
EM0859-25;6437829650;01/12/2025 15:33;17/12/2025;15/02/2026;PARANAGUA;CALLAO;ARAUCO INDUSTRIA DE PAINEIS S.A. - PIEN;COSCO SHIPPING;SWANSEA;Finalizado;ARAUCO INDUSTRIA DE PAINEIS S.A. - PIEN;MADEIRA;FCL;0;5;40 HIGH CUBE;10
EM0860-25;6437829680;01/12/2025 15:40;21/12/2025;08/02/2026;PARANAGUA;CALLAO;ARAUCO INDUSTRIA DE PAINEIS S.A. - PIEN;COSCO SHIPPING;CMA CGM MERCANTOUR;Finalizado;ARAUCO INDUSTRIA DE PAINEIS S.A. - PIEN;MADEIRA;FCL;0;5;40 HIGH CUBE;10
EM0861-25;6437829700;01/12/2025 15:48;21/12/2025;08/02/2026;PARANAGUA;CALLAO;ARAUCO INDUSTRIA DE PAINEIS S.A. - PIEN;COSCO SHIPPING;CMA CGM MERCANTOUR;Finalizado;ARAUCO INDUSTRIA DE PAINEIS S.A. - PIEN;MADEIRA;FCL;0;5;40 HIGH CUBE;10
EM0862-25;SSZ1720282;01/12/2025 17:20;09/12/2025;02/02/2026;PARANAGUA;ALTAMIRA;GRUPO FORESTAL IND. MEXICANO CORPORATIVO;CMA CGM DO BRASIL;CARDIFF;Finalizado;MADEIREIRA EK LTDA;MADEIRA;FCL;0;5;40 HIGH CUBE;10
EM0863-25;2315646330;01/12/2025 17:54;22/01/2026;09/03/2026;PARANAGUA;DAKAR;MASTER COMERCIO EXTERIOR LTDA.;OOCL;NYK DIANA;Finalizado;SOUTH SERVICE TRADING SA;MADEIRA;FCL;0;2;40 HIGH CUBE;4
EM0864-25;93082931;02/12/2025 06:37;01/01/2026;17/02/2026;SANTOS;ASHDOD;SEAWAY LOGISTICS LTDA;HAPAG LLOYD;COPIAPO;Finalizado;JAPI S/A. INDUSTRIA E COMERCIO;POLYRESIN PLANTERS;FCL;0;5;40 HIGH CUBE;10
EM0865-25;31241894;02/12/2025 09:27;19/12/2025;24/01/2026;BUENOS AIRES;ALTAMIRA;GRUPO FORESTAL IND. MEXICANO CORPORATIVO;HAPAG LLOYD;JAZAN;Finalizado;RAUL E. FERNANDEZ S.A;MADEIRA;FCL;0;3;40 HIGH CUBE;6
EM0866-25;EBKG15100004;02/12/2025 11:07;04/02/2026;23/03/2026;PARANAGUA;ENSENADA;PLYLOG;MSC MEDITERRANEO;MSC DAMLA;Finalizado;INDUSTRIA DE COMPENSADOS GUARARAPES LTDA;MADEIRA;FCL;0;5;40 HIGH CUBE;10
EM0867-25;6437967400;02/12/2025 14:43;17/12/2025;15/02/2026;PARANAGUA;CALLAO;ARAUCO INDUSTRIA DE PAINEIS S.A. - PIEN;COSCO SHIPPING;SWANSEA;Finalizado;ARAUCO INDUSTRIA DE PAINEIS S.A. - PIEN;MADEIRA;FCL;0;3;40 HIGH CUBE;6
EM0868-25;262627910;02/12/2025 17:16;07/01/2026;21/02/2026;RIO GRANDE;THESSALONIKI;INTERNATIONAL FOREST PRODUCTS;MAERSK LINE;MAERSK LINS;Finalizado;ARTEMOBILI MOVEIS LTDA;MADEIRA;FCL;0;3;40 HIGH CUBE;6
EM0870-25;65996533;02/12/2025 17:45;30/12/2025;20/01/2026;RIO DE JANEIRO;SAINT PETERS, MO ( door delivery );LANDSTAR GLOBAL USA;HAPAG LLOYD;MAERSK MONTE AZUL;Finalizado;FUNDIMIG INDUSTRIA DE PECAS E COMPONENTES LTDA;PEÇAS DE FERRO FUNDIDO;FCL;0;2;40 HIGH CUBE;4
EM0871-25;262682385;03/12/2025 05:44;25/12/2025;02/02/2026;ITAPOA;PARAMARIBO;PATMO LUMBER TRADE;MAERSK LINE;MAERSK CHACHAI;Finalizado;ESQUADRIBRAS - INDUSTRIA DE ESQUADRIAS LTDA;LUMBER;FCL;0;2;40 HIGH CUBE;4
EM0872-25;SSZ1720974;03/12/2025 13:56;21/12/2025;02/02/2026;PARANAGUA;ALTAMIRA;GRUPO FORESTAL IND. MEXICANO CORPORATIVO;CMA CGM DO BRASIL;CMA CGM MERCANTOUR;Finalizado;MADEIREIRA EK LTDA;MADEIRA;FCL;0;7;40 HIGH CUBE;14
EM0873-25;2316467250;03/12/2025 14:28;03/01/2026;02/03/2026;SANTOS;PIRAEUS;CUSTOMS SOLUTION EUROPEAN COMMUNITY SERVICES SINGLE MEMBER S.A.;OOCL;BROOKLYN BRIDGE;Finalizado;NKG STOCKLER;COFFEE;FCL;1;0;20 DRY BOX;1
EM0874-25;2316467320;03/12/2025 14:35;03/01/2026;02/03/2026;SANTOS;PIRAEUS;CUSTOMS SOLUTION EUROPEAN COMMUNITY SERVICES SINGLE MEMBER S.A.;OOCL;BROOKLYN BRIDGE;Finalizado;COOPERATIVA REGIONAL DE CAFEICULTORES EM GUAXUPE LTDA;COFFEE;FCL;1;0;20 DRY BOX;1
EM0875-25;2316472250;03/12/2025 14:40;03/01/2026;03/02/2026;SANTOS;PIRAEUS;CUSTOMS SOLUTION EUROPEAN COMMUNITY SERVICES SINGLE MEMBER S.A.;OOCL;BROOKLYN BRIDGE;Finalizado;VELOSO GREEN COFFEE EXPORTACAO LTDA;COFFEE;FCL;1;0;20 DRY BOX;1
EM0876-25;SSZ1721194;03/12/2025 16:49;21/12/2025;02/02/2026;PARANAGUA;ALTAMIRA;GRUPO FORESTAL IND. MEXICANO CORPORATIVO;CMA CGM DO BRASIL;CMA CGM MERCANTOUR;Finalizado;MADEIREIRA EK LTDA;MADEIRA;FCL;0;6;40 HIGH CUBE;12
EM0877-25;EBKG15100610;03/12/2025 17:22;31/12/2025;17/02/2026;PARANAGUA;ENSENADA;PLYLOG;MSC MEDITERRANEO;MSC YAMUNA VI;Finalizado;INDUSTRIA DE COMPENSADOS GUARARAPES LTDA;MADEIRA;FCL;0;1;40 HIGH CUBE;2
EM0878-25;23649001;03/12/2025 17:55;22/12/2025;25/01/2026;SALVADOR;HAMBURG;MAPPER LOGISTICA DE COMERCIO EXTERIOR;HAPAG LLOYD;BREMERHAVEN EXPRESS;Finalizado;CALCADOS PEGADA NORDESTE LTDA;SAPATOS;FCL;0;1;40 HIGH CUBE;2
EM0879-25;EBKG15100809;04/12/2025 09:40;16/01/2026;09/02/2026;ITAPOA;ALTAMIRA;PLYLOG;MSC MEDITERRANEO;LAUST MAERSK;Finalizado;INDUSTRIA DE COMPENSADOS GUARARAPES LTDA;MADEIRA;FCL;0;5;40 HIGH CUBE;10
EM0880-25;EBKG15100814;04/12/2025 09:47;16/01/2026;09/02/2026;ITAPOA;ALTAMIRA;PLYLOG;MSC MEDITERRANEO;LAUST MAERSK;Finalizado;INDUSTRIA DE COMPENSADOS GUARARAPES LTDA;MADEIRA;FCL;0;5;40 HIGH CUBE;10
EM0881-25;6438227350;04/12/2025 15:00;17/12/2025;01/02/2026;PARANAGUA;BUENAVENTURA;ARAUCO INDUSTRIA DE PAINEIS S.A. - PIEN;COSCO SHIPPING;SWANSEA;Finalizado;ARAUCO INDUSTRIA DE PAINEIS S.A. - PIEN;MADEIRA;FCL;0;1;40 HIGH CUBE;2
EM0882-25;EBKG15146282;04/12/2025 15:39;03/01/2026;15/03/2026;RIO GRANDE;TORONTO, ON - RAIL;MAPPER LOGISTICA DE COMERCIO EXTERIOR;MSC MEDITERRANEO;MSC YAMUNA VI;Finalizado;IMS BRAZIL LTDA;ALIMENTOS EM GERAL;FCL;0;1;40 HIGH CUBE;2
EM0883-25;24668169;04/12/2025 16:04;01/01/2026;27/01/2026;NAVEGANTES;VALENCIA;PORTOTAL ASSESSORIA EM COMERCIO EXTERIOR LTDA;HAPAG LLOYD;MSC NAIROBI X;Finalizado;LEVEL IMPORTACAO, EXPORTACAO E COMERCIO S/A;MADEIRA;FCL;0;3;40 HIGH CUBE;6
EM0884-25;6438229870;04/12/2025 16:42;17/12/2025;05/01/2026;PARANAGUA;KINGSTON;INTERNATIONAL FOREST PRODUCTS;COSCO SHIPPING;SWANSEA;Finalizado;RODOCHAPAS ADMINISTRADORA DE BENS LTDA;MADEIRA;FCL;0;2;40 HIGH CUBE;4
EM0886-25;262791373;04/12/2025 17:05;22/12/2025;27/01/2026;SANTOS;PARAMARIBO;BTOTH COMEX;MAERSK LINE;MSC LOS ANGELES;Finalizado;COCAMAR COOPERATIVA AGROINDUSTRIAL;FOODSTUFF;FCL;0;1;40 HIGH CUBE;2
EM0888-25;6438358490;05/12/2025 11:44;23/12/2025;24/01/2026;IMBITUBA;SANTO TOMAS DE CASTILLA;METALURGICA TRAPP LTDA;COSCO SHIPPING;CMA CGM MERCANTOUR;Finalizado;METALURGICA TRAPP LTDA;MAQUINARIOS;FCL;0;1;40 HIGH CUBE;2
EM0890-25;6438360400;05/12/2025 15:10;07/01/2026;20/02/2026;IMBITUBA;GEORGETOWN;MANOEL MARCHETTI;COSCO SHIPPING;ALESSIA;Finalizado;MANOEL MARCHETTI;MADEIRA;FCL;0;1;40 HIGH CUBE;2
EM0894-25;SAOA16689900;05/12/2025 15:55;16/12/2025;26/01/2026;RIO GRANDE;LAEM CHABANG;QINGDAO ZT INT'L SUPPLY CHAIN MANAGEMENT CO.,LTD;HYUNDAI;HYUNDAI BRAVE;Finalizado;ARLANXEO BRASIL S.A;;FCL;0;2;40 HIGH CUBE;4
EM0895-25;21007660;08/12/2025 08:49;14/12/2025;11/01/2026;MONTEVIDEO;ALTAMIRA;GRUPO FORESTAL IND. MEXICANO CORPORATIVO;HAPAG LLOYD;MSC PHOENIX;Finalizado;IMNSUR LTDA;MADEIRA;FCL;0;8;40 HIGH CUBE;16
EM0896-25;6438519320;08/12/2025 10:23;21/12/2025;22/01/2026;PARANAGUA;PUERTO CORTES;ARAUCO INDUSTRIA DE PAINEIS S.A. - PIEN;COSCO SHIPPING;CMA CGM MERCANTOUR;Finalizado;ARAUCO INDUSTRIA DE PAINEIS S.A. - PIEN;MADEIRA;FCL;0;1;40 HIGH CUBE;2
EM0897-25;ZIMUPGU8024643;08/12/2025 10:39;30/12/2025;12/02/2026;PARANAGUA;TORONTO, ON - RAIL;ARAUCO INDUSTRIA DE PAINEIS S.A. - PIEN;ZIM;ZIM BALTIMORE;Finalizado;ARAUCO INDUSTRIA DE PAINEIS S.A. - PIEN;MADEIRA;FCL;0;1;40 HIGH CUBE;2
EM0898-25;263218015;08/12/2025 10:58;23/01/2026;07/02/2026;PARANAGUA;CARTAGENA, CO;FECULARIA ELDORADO LTDA;MAERSK LINE;MAERSK RUBICON;Finalizado;FECULARIA ELDORADO LTDA;ALIMENTOS EM GERAL;FCL;0;3;40 HIGH CUBE;6
EM0899-25;6438519470;08/12/2025 11:13;21/12/2025;01/02/2026;PARANAGUA;BUENAVENTURA;ARAUCO INDUSTRIA DE PAINEIS S.A. - PIEN;COSCO SHIPPING;CMA CGM MERCANTOUR;Finalizado;ARAUCO INDUSTRIA DE PAINEIS S.A. - PIEN;MADEIRA;FCL;0;6;40 HIGH CUBE;12
EM0900-25;EBKG15142874;08/12/2025 16:10;14/01/2026;03/03/2026;PARANAGUA;SEATTLE;M. A. COMISSARIA;MSC MEDITERRANEO;MSC ROCHELLE;Finalizado;IRUNA S.A.I.C.;;FCL;0;1;40 HIGH CUBE;2
EM0901-25;EBKG15142876;08/12/2025 16:16;14/01/2026;03/03/2026;PARANAGUA;SEATTLE;M. A. COMISSARIA;MSC MEDITERRANEO;MSC ROCHELLE;Finalizado;IRUNA S.A.I.C.;;FCL;0;1;40 HIGH CUBE;2
EM0902-25;EBKG15142877;08/12/2025 16:20;04/02/2026;19/03/2026;PARANAGUA;SEATTLE;M. A. COMISSARIA;MSC MEDITERRANEO;MSC DAMLA;Finalizado;IRUNA S.A.I.C.;;FCL;0;1;40 HIGH CUBE;2
EM0903-25;93054963;09/12/2025 10:57;04/02/2026;08/03/2026;SALVADOR;LE HAVRE;MAPPER LOGISTICA DE COMERCIO EXTERIOR;HAPAG LLOYD;MSC ELODIE;Finalizado;LOGX AGENCIAMENTO DE CARGAS LTDA;SAPATOS;FCL;0;2;40 HIGH CUBE;4
EM0904-25;6438674040;09/12/2025 15:06;21/12/2025;02/02/2026;PARANAGUA;BUENAVENTURA;ARAUCO INDUSTRIA DE PAINEIS S.A. - PIEN;COSCO SHIPPING;CMA CGM MERCANTOUR;Finalizado;ARAUCO INDUSTRIA DE PAINEIS S.A. - PIEN;MADEIRA;FCL;0;1;40 HIGH CUBE;2
EM0905-25;6438524840;09/12/2025 15:54;20/12/2025;10/01/2026;SANTOS;VERACRUZ;BGS - BESTWAY GLOBAL SERVICES S.A. DE C.V.;COSCO SHIPPING;SWANSEA;Finalizado;ROQUETTE BRASIL;;FCL;0;1;40 HIGH CUBE;2
EM0906-25;262952880;10/12/2025 09:16;07/01/2026;31/03/2026;RIO GRANDE;MELBOURNE;MAPPER LOGISTICA DE COMERCIO EXTERIOR;MAERSK LINE;MAERSK LINS;Finalizado;IMS BRAZIL LTDA;ALIMENTOS EM GERAL;FCL;0;1;40 HIGH CUBE;2
EM0907-25;2316877990;10/12/2025 11:59;01/01/2026;28/02/2026;ITAPOA;LIVERPOOL (DOOR DELIVERY);MASTER COMERCIO EXTERIOR LTDA.;OOCL;BROOKLYN BRIDGE;Finalizado;SOUTH SERVICE TRADING SA;MADEIRA;FCL;0;3;40 HIGH CUBE;6
EM0908-25;263006296;10/12/2025 15:43;13/01/2026;17/02/2026;SANTOS;ASHDOD;SEAWAY LOGISTICS LTDA;MAERSK LINE;MAERSK LINS;Finalizado;JAPI S/A. INDUSTRIA E COMERCIO;POLYRESIN PLANTERS;FCL;0;2;40 HIGH CUBE;4
EM0909-25;263006358;10/12/2025 15:58;19/01/2026;08/03/2026;SANTOS;ASHDOD;SEAWAY LOGISTICS LTDA;MAERSK LINE;MAERSK LETICIA;Finalizado;JAPI S/A. INDUSTRIA E COMERCIO;POLYRESIN PLANTERS;FCL;0;2;40 HIGH CUBE;4
EM0910-25;38901962;10/12/2025 16:09;17/01/2026;21/02/2026;PARANAGUA;BALTIMORE;M. A. COMISSARIA;HAPAG LLOYD;CAPE PIONEER;Finalizado;IRUNA S.A.I.C.;;FCL;0;1;40 HIGH CUBE;2
EM0911-25;263006393;10/12/2025 16:12;26/01/2026;17/03/2026;SANTOS;ASHDOD;SEAWAY LOGISTICS LTDA;MAERSK LINE;MAERSK LA PAZ;Finalizado;JAPI S/A. INDUSTRIA E COMERCIO;POLYRESIN PLANTERS;FCL;0;2;40 HIGH CUBE;4
EM0913-25;263006432;10/12/2025 16:25;01/02/2026;26/03/2026;SANTOS;ASHDOD;SEAWAY LOGISTICS LTDA;MAERSK LINE;CMA CGM LISA MARIE;Finalizado;JAPI S/A. INDUSTRIA E COMERCIO;POLYRESIN PLANTERS;FCL;0;2;40 HIGH CUBE;4
EM0915-25;36728433;10/12/2025 17:48;31/01/2026;12/03/2026;NAVEGANTES;LE HAVRE;MAPPER LOGISTICA DE COMERCIO EXTERIOR;HAPAG LLOYD;MSC LEILA;Finalizado;LOGX AGENCIAMENTO DE CARGAS LTDA;SAPATOS;FCL;0;1;40 HIGH CUBE;2
EM0916-25;36728433;10/12/2025 18:01;31/01/2026;12/03/2026;NAVEGANTES;LE HAVRE;MAPPER LOGISTICA DE COMERCIO EXTERIOR;HAPAG LLOYD;MSC LEILA;Finalizado;CALCADOS BEIRA RIO S/A;SAPATOS;FCL;0;1;40 HIGH CUBE;2
EM0917-25;36728433;10/12/2025 18:12;31/01/2026;12/03/2026;NAVEGANTES;LE HAVRE;MAPPER LOGISTICA DE COMERCIO EXTERIOR;HAPAG LLOYD;MSC LEILA;Finalizado;CALCADOS RAMARIM LTDA;SAPATOS;FCL;0;1;40 HIGH CUBE;2
EM0918-25;36728433;10/12/2025 18:53;31/01/2026;12/03/2026;NAVEGANTES;LE HAVRE;MAPPER LOGISTICA DE COMERCIO EXTERIOR;HAPAG LLOYD;MSC LEILA;Finalizado;GRENDENE S/A;SAPATOS;FCL;0;1;40 HIGH CUBE;2
EM0920-25;36728433;10/12/2025 19:07;31/01/2026;12/03/2026;NAVEGANTES;LE HAVRE;MAPPER LOGISTICA DE COMERCIO EXTERIOR;HAPAG LLOYD;MSC LEILA;Finalizado;SHOES EXPORTADORA E IMPORTADORA LTDA;SAPATOS;FCL;0;1;40 HIGH CUBE;2
EM0921-25;36728433;10/12/2025 19:13;31/01/2026;12/03/2026;NAVEGANTES;LE HAVRE;MAPPER LOGISTICA DE COMERCIO EXTERIOR;HAPAG LLOYD;MSC LEILA;Finalizado;A. GRINGS S.A.;SAPATOS;FCL;0;1;40 HIGH CUBE;2
EM0922-25;EBKGQ001849A;11/12/2025 09:53;01/01/2026;11/03/2026;NAVEGANTES;PORT LOUIS;MAPPER LOGISTICA DE COMERCIO EXTERIOR;MSC MEDITERRANEO;MSC NAIROBI X;Finalizado;CALCADOS BEIRA RIO S/A;SAPATOS;FCL;0;1;40 HIGH CUBE;2
EM0923-25;EBKGQ001849A;11/12/2025 10:11;01/01/2026;11/03/2026;NAVEGANTES;PORT LOUIS;MAPPER LOGISTICA DE COMERCIO EXTERIOR;MSC MEDITERRANEO;MSC NAIROBI X;Finalizado;CALCADOS RAMARIM LTDA;SAPATOS;FCL;0;1;40 HIGH CUBE;2
EM0924-25;EBKGQ001849A;11/12/2025 10:13;01/01/2026;11/03/2026;NAVEGANTES;PORT LOUIS;MAPPER LOGISTICA DE COMERCIO EXTERIOR;MSC MEDITERRANEO;MSC NAIROBI X;Finalizado;DAKOTA CALCADOS S/A;SAPATOS;FCL;0;1;40 HIGH CUBE;2
EM0925-25;EBKGQ001849A;11/12/2025 10:16;01/01/2026;11/03/2026;NAVEGANTES;PORT LOUIS;MAPPER LOGISTICA DE COMERCIO EXTERIOR;MSC MEDITERRANEO;MSC NAIROBI X;Finalizado;A. GRINGS S.A.;SAPATOS;FCL;0;1;40 HIGH CUBE;2
EM0926-25;262840015;11/12/2025 12:07;04/01/2025;01/03/2026;PARANAGUA;DAVAO;BROTHERS INTERNATIONAL COMERCIAL E EXPORTADORA DE MADEIRAS LTDA;MAERSK LINE;ZIM CANADA;Finalizado;BROTHERS INTERNATIONAL COMERCIAL E EXPORTADORA DE MADEIRAS LTDA;MADEIRA;FCL;0;5;40 HIGH CUBE;10
EM0927-25;SSZ1724055;11/12/2025 14:57;21/12/2025;26/01/2026;PARANAGUA;EL GUAMACHE;INTERNATIONAL FOREST PRODUCTS;CMA CGM DO BRASIL;CMA CGM MERCANTOUR;Finalizado;LEVEL IMPORTACAO, EXPORTACAO E COMERCIO S/A;MADEIRA;FCL;0;2;40 HIGH CUBE;4
EM0928-25;94363179;11/12/2025 15:29;21/12/2025;12/01/2026;PARANAGUA;PORT EVERGLADES;FECULARIA ELDORADO LTDA;HAPAG LLOYD;MSC PHOENIX;Finalizado;FECULARIA ELDORADO LTDA;ALIMENTOS EM GERAL;FCL;0;1;40 HIGH CUBE;2
EM0929-25;SSZ1724691;11/12/2025 16:50;23/12/2025;16/02/2026;IMBITUBA;LIRQUEN;INDUSFLORA PRODUTOS FLORESTAIS S/A;CMA CGM DO BRASIL;CMA CGM MERCANTOUR;Finalizado;TF COMERCIAL EXPORTADORA LTDA;MADEIRA;FCL;0;3;40 HIGH CUBE;6
EM0930-25;93054963;11/12/2025 17:44;04/02/2026;08/03/2026;SALVADOR;LE HAVRE;MAPPER LOGISTICA DE COMERCIO EXTERIOR;HAPAG LLOYD;MSC ELODIE;Finalizado;CALCADOS PEGADA NORDESTE LTDA;SAPATOS;FCL;0;2;40 HIGH CUBE;4
EM0931-25;ZIMUITJ8052406;12/12/2025 09:01;27/12/2025;17/02/2026;NAVEGANTES;ASHDOD;P&B PRODUCTS COMERCIO DE PRODUTOS E ASSESSORIA DE IMPORTACAO E EXPORTACAO L;ZIM;COPIAPO;Finalizado;FORT EXPORTAÇÃO IMPORTAÇÃO LTDA;MADEIRA;FCL;0;1;40 HIGH CUBE;2
EM0932-25;263107983;12/12/2025 15:20;07/01/2026;10/03/2026;RIO GRANDE;AQABA;MAPPER LOGISTICA DE COMERCIO EXTERIOR;MAERSK LINE;MAERSK LINS;Finalizado;CALCADOS PEGADA NORDESTE LTDA;SAPATOS;FCL;0;1;40 HIGH CUBE;2
EM0933-25;263107983;12/12/2025 15:43;07/01/2026;10/03/2026;RIO GRANDE;AQABA;MAPPER LOGISTICA DE COMERCIO EXTERIOR;MAERSK LINE;MAERSK LINS;Finalizado;LOGX AGENCIAMENTO DE CARGAS LTDA;SAPATOS;FCL;0;1;40 HIGH CUBE;2
EM0934-25;263107983;12/12/2025 15:49;07/01/2026;10/03/2026;RIO GRANDE;AQABA;MAPPER LOGISTICA DE COMERCIO EXTERIOR;MAERSK LINE;MAERSK LINS;Finalizado;CALCADOS STATUS LTDA;SAPATOS;FCL;0;1;40 HIGH CUBE;2
EM0935-25;SSZ1725367;12/12/2025 17:49;25/01/2026;13/03/2026;PARANAGUA;CASTRIES;INTERNATIONAL FOREST PRODUCTS;CMA CGM DO BRASIL;APL NEW JERSEY;Finalizado;LEVEL IMPORTACAO, EXPORTACAO E COMERCIO S/A;MADEIRA;FCL;0;6;40 HIGH CUBE;12
EM0936-25;SSZ1724670;12/12/2025 18:08;02/02/2026;03/03/2026;IMBITUBA;ALTAMIRA;GRUPO FORESTAL IND. MEXICANO CORPORATIVO;CMA CGM DO BRASIL;CARDIFF;Finalizado;MADEIREIRA FABRICIO;MADEIRA;FCL;0;2;40 HIGH CUBE;4
EM0940-25;20297316;15/12/2025 15:53;03/01/2026;25/01/2026;PARANAGUA;ALTAMIRA;GRUPO FORESTAL IND. MEXICANO CORPORATIVO;HAPAG LLOYD;JAZAN;Finalizado;MADEIREIRA EK LTDA;MADEIRA;FCL;0;2;40 HIGH CUBE;4
EM0942-25;6439379350;16/12/2025 09:37;21/12/2025;12/01/2026;PARANAGUA;KINGSTON;INTERNATIONAL FOREST PRODUCTS;COSCO SHIPPING;CMA CGM MERCANTOUR;Finalizado;COMPENSADOS NOVO MILENIO LTDA;MADEIRA;FCL;0;5;40 HIGH CUBE;10
EM0946-25;261967822;16/12/2025 17:46;07/01/2026;02/02/2026;RIO GRANDE;LISBOA;MAPPER LOGISTICA DE COMERCIO EXTERIOR;MAERSK LINE;MAERSK LINS;Finalizado;TARGET IMPORTADORA E EXPORTADORA LTDA;SAPATOS;FCL;0;1;40 HIGH CUBE;2
EM0947-25;EBKG15256350;17/12/2025 15:35;04/02/2026;15/04/2026;NAVEGANTES;PORT LOUIS;MAPPER LOGISTICA DE COMERCIO EXTERIOR;MSC MEDITERRANEO;MSC HORTENSE;Finalizado;LOGX AGENCIAMENTO DE CARGAS LTDA;SAPATOS;FCL;1;0;20 DRY BOX;1
EM0948-25;EBKG15256350;17/12/2025 16:42;04/02/2026;16/04/2026;NAVEGANTES;PORT LOUIS;MAPPER LOGISTICA DE COMERCIO EXTERIOR;MSC MEDITERRANEO;MSC HORTENSE;Finalizado;CALCADOS RAMARIM LTDA;SAPATOS;FCL;1;0;20 DRY BOX;1
EM0949-25;263276934;17/12/2025 17:35;07/01/2026;07/02/2026;RIO GRANDE;PORT EVERGLADES;MAPPER LOGISTICA DE COMERCIO EXTERIOR;MAERSK LINE;MAERSK MONTE ALEGRE;Finalizado;REDEPLAST INDUSTRIA DE CALCADOS LTDA;ALIMENTOS EM GERAL;FCL;0;1;40 HIGH CUBE;2
EM0950-25;BUEF14694300;18/12/2025 09:03;09/01/2026;07/02/2026;BUENOS AIRES;ALTAMIRA;GRUPO FORESTAL IND. MEXICANO CORPORATIVO;ONE - OCEAN NETWORK EXPRESS;CAPE PIONEER;Finalizado;RAUL E. FERNANDEZ S.A;MADEIRA;FCL;0;3;40 HIGH CUBE;6
EM0951-25;6439664970;18/12/2025 09:18;27/12/2025;18/01/2026;PARANAGUA;KINGSTON;INTERNATIONAL FOREST PRODUCTS;COSCO SHIPPING;CMA CGM ZINGARO;Finalizado;COMPENSADOS NOVO MILENIO LTDA;MADEIRA;FCL;0;3;40 HIGH CUBE;6
EM0952-25;6439667480;18/12/2025 10:06;27/12/2025;18/01/2026;PARANAGUA;KINGSTON;INTERNATIONAL FOREST PRODUCTS;COSCO SHIPPING;CMA CGM ZINGARO;Finalizado;COMPENSADOS NOVO MILENIO LTDA;MADEIRA;FCL;0;2;40 HIGH CUBE;4
EM0953-25;EBKG15256350;18/12/2025 14:22;04/02/2026;16/04/2026;NAVEGANTES;PORT LOUIS;MAPPER LOGISTICA DE COMERCIO EXTERIOR;MSC MEDITERRANEO;MSC HORTENSE;Finalizado;CALCADOS BEIRA RIO S/A;SAPATOS;FCL;1;0;20 DRY BOX;1
EM0954-25;6439675940;18/12/2025 16:12;25/02/2026;26/03/2026;PARANAGUA;GUAYAQUIL;FECULARIA ELDORADO LTDA;COSCO SHIPPING;EXPRESS BRAZIL;Finalizado;FECULARIA ELDORADO LTDA;ALIMENTOS EM GERAL;FCL;0;1;40 HIGH CUBE;2
EM0955-25;21329345;19/12/2025 09:03;14/03/2026;08/05/2026;PARANAGUA;ALGIERS;FECULARIA ELDORADO LTDA;HAPAG LLOYD;MSC MELINE;Finalizado;FECULARIA ELDORADO LTDA;ALIMENTOS EM GERAL;FCL;0;9;40 HIGH CUBE;18
EM0956-25;21596443;19/12/2025 09:14;30/01/2026;23/03/2026;PARANAGUA;ALGIERS;FECULARIA ELDORADO LTDA;HAPAG LLOYD;MSC HORTENSE;Finalizado;FECULARIA ELDORADO LTDA;ALIMENTOS EM GERAL;FCL;0;4;40 HIGH CUBE;8
EM0957-25;ZIMUITJ8052464;19/12/2025 10:02;13/01/2026;17/02/2026;NAVEGANTES;ASHDOD;NESTOR SILVIO ZEILICOVICH;ZIM;MSC SOFIA PAZ;Finalizado;AFFONSO DITZEL CIA LTDA;MADEIRA;FCL;0;1;40 HIGH CUBE;2
EM0958-25;21291827;19/12/2025 11:42;24/01/2026;17/02/2026;ITAPOA;COLLEGE POINT , NY 11356 (door delivery);DOORINABOX;HAPAG LLOYD;MAERSK FORTALEZA;Finalizado;ESQUADRIBRAS - INDUSTRIA DE ESQUADRIAS LTDA;LUMBER;FCL;0;1;40 HIGH CUBE;2
EM0959-25;26811887;19/12/2025 11:45;24/01/2026;20/02/2026;ITAPOA;COLLEGE POINT , NY 11356 (door delivery);DOORINABOX;HAPAG LLOYD;MAERSK FORTALEZA;Finalizado;ESQUADRIBRAS - INDUSTRIA DE ESQUADRIAS LTDA;LUMBER;FCL;0;1;40 HIGH CUBE;2
EM0960-25;13419267;19/12/2025 11:48;31/01/2026;02/03/2026;ITAPOA;COLLEGE POINT , NY 11356 (door delivery);DOORINABOX;HAPAG LLOYD;MAERSK FRANKFURT;Finalizado;ESQUADRIBRAS - INDUSTRIA DE ESQUADRIAS LTDA;LUMBER;FCL;0;1;40 HIGH CUBE;2
EM0961-25;24665044;19/12/2025 11:51;31/01/2026;12/03/2026;ITAPOA;COLLEGE POINT , NY 11356 (door delivery);DOORINABOX;HAPAG LLOYD;MAERSK FRANKFURT;Finalizado;ESQUADRIBRAS - INDUSTRIA DE ESQUADRIAS LTDA;LUMBER;FCL;0;1;40 HIGH CUBE;2
EM0962-25;90297029;19/12/2025 11:54;31/01/2026;03/03/2026;ITAPOA;COLLEGE POINT , NY 11356 (door delivery);DOORINABOX;HAPAG LLOYD;MAERSK FRANKFURT;Finalizado;ESQUADRIBRAS - INDUSTRIA DE ESQUADRIAS LTDA;LUMBER;FCL;0;1;40 HIGH CUBE;2
EM0963-25;33745171;19/12/2025 11:57;07/02/2026;06/03/2026;ITAPOA;COLLEGE POINT , NY 11356 (door delivery);DOORINABOX;HAPAG LLOYD;WIELAND;Finalizado;ESQUADRIBRAS - INDUSTRIA DE ESQUADRIAS LTDA;LUMBER;FCL;0;1;40 HIGH CUBE;2
EM0964-25;94257076;19/12/2025 13:58;02/02/2026;24/02/2026;RIO DE JANEIRO;SAINT PETERS, MO ( door delivery );LANDSTAR GLOBAL USA;HAPAG LLOYD;MAERSK FRANKFURT;Finalizado;FUNDIMIG INDUSTRIA DE PECAS E COMPONENTES LTDA;PEÇAS DE FERRO FUNDIDO;FCL;0;2;40 HIGH CUBE;4
EM0965-25;263390323;19/12/2025 14:30;05/02/2026;01/04/2026;RIO GRANDE;ASHDOD;MAPPER LOGISTICA DE COMERCIO EXTERIOR;MAERSK LINE;SAN RAPHAEL MAERSK;Finalizado;CALCADOS FURLANETTO LTDA;SAPATOS;FCL;1;0;20 DRY BOX;1
EM0967-25;SSZ1727809;19/12/2025 15:16;06/01/2026;22/02/2026;IMBITUBA;LIRQUEN;INDUSFLORA PRODUTOS FLORESTAIS S/A;CMA CGM DO BRASIL;ALESSIA;Finalizado;TF COMERCIAL EXPORTADORA LTDA;MADEIRA;FCL;0;3;40 HIGH CUBE;6
EM0968-25;ZIMUITJ8052479;19/12/2025 16:13;16/01/2026;07/03/2026;NAVEGANTES;ASHDOD;M.A MANUFACTURING AND;ZIM;MSC MELINE;Finalizado;MADESTIK MADEIRAS;MADEIRA;FCL;0;1;40 HIGH CUBE;2
EM0969-25;263459006;22/12/2025 17:15;09/01/2026;08/03/2026;BUENOS AIRES;ASHDOD;INTERNATIONAL FOREST PRODUCTS;MAERSK LINE;MAERSK LETICIA;Finalizado;VIRASORO MADERAS;MADEIRA;FCL;0;3;40 HIGH CUBE;6
EM0971-25;6438361340;26/12/2025 10:34;11/01/2026;31/01/2026;PARANAGUA;KINGSTON;INTERNATIONAL FOREST PRODUCTS;COSCO SHIPPING;HANS SCHULTE;Finalizado;FAGANELLO INDUSTRIA DE COMPENSADOS;MADEIRA;FCL;0;5;40 HIGH CUBE;10
EM0972-25;ZIMUPGU8024760;26/12/2025 11:01;19/01/2026;04/02/2026;PARANAGUA;CARTAGENA, CO;FECULARIA ELDORADO LTDA;ZIM;CHLOE D;Finalizado;FECULARIA ELDORADO LTDA;ALIMENTOS EM GERAL;FCL;0;5;40 HIGH CUBE;10
EM0973-25;263710545;29/12/2025 17:39;26/01/2026;17/02/2026;ITAPOA;COLLEGE POINT , NY 11356 (door delivery);DOORINABOX;MAERSK LINE;MAERSK FORTALEZA;Finalizado;MADEPAR INDUSTRIA E COMERCIO DE MADEIRAS LTDA;LUMBER;FCL;0;1;40 HIGH CUBE;2
EM0974-25;6440598860;30/12/2025 08:47;01/02/2026;20/02/2026;PARANAGUA;CARTAGENA, CO;FECULARIA ELDORADO LTDA;COSCO SHIPPING;CARDIFF;Finalizado;FECULARIA ELDORADO LTDA;ALIMENTOS EM GERAL;FCL;0;6;40 HIGH CUBE;12
EM0975-25;6438361380;30/12/2025 08:56;28/02/2026;21/03/2026;PARANAGUA;CARTAGENA, CO;FECULARIA ELDORADO LTDA;COSCO SHIPPING;CMA CGM RABELAIS;Finalizado;FECULARIA ELDORADO LTDA;ALIMENTOS EM GERAL;FCL;0;6;40 HIGH CUBE;12
EM0978-25;241ISZ2518409;30/12/2025 13:59;16/01/2026;13/02/2026;SANTOS;GENOA;MAPPER LOGISTICA DE COMERCIO EXTERIOR;MSC MEDITERRANEO;MSC SOFIA PAZ;Finalizado;HENRICH & CIA LTDA;SAPATOS;FCL;0;1;40 HIGH CUBE;2
EM0979-25;241ISZ2518409;30/12/2025 14:16;16/01/2026;13/02/2026;SANTOS;GENOA;MAPPER LOGISTICA DE COMERCIO EXTERIOR;MSC MEDITERRANEO;MSC SOFIA PAZ;Finalizado;WERNER CALÇADOS LTDA;SAPATOS;FCL;0;1;40 HIGH CUBE;2
EM0980-25;241ISZ2518409;30/12/2025 14:23;16/01/2026;13/02/2026;SANTOS;GENOA;MAPPER LOGISTICA DE COMERCIO EXTERIOR;MSC MEDITERRANEO;MSC SOFIA PAZ;Finalizado;FACCINE IND E COM DE CALCADOS LTDA;SAPATOS;FCL;0;1;40 HIGH CUBE;2
EM0001-26;6440129050;02/01/2026 11:14;25/01/2026;17/02/2026;PARANAGUA;KINGSTON;INTERNATIONAL FOREST PRODUCTS;COSCO SHIPPING;APL NEW JERSEY;Finalizado;COMPENSADOS NOVO MILENIO LTDA;MADEIRA;FCL;0;2;40 HIGH CUBE;4
EM0002-26;263917619;06/01/2026 06:58;25/01/2026;02/03/2026;SANTOS;PIRAEUS;CUSTOMS SOLUTION EUROPEAN COMMUNITY SERVICES SINGLE MEMBER S.A.;MAERSK LINE;MAERSK LEON;Finalizado;ED&F MAN VOLCAFE BRASIL LTDA;COFFEE;FCL;1;0;20 DRY BOX;1
EM0003-26;264143901;06/01/2026 15:41;09/02/2026;03/04/2026;SANTOS;ASHDOD;SEAWAY LOGISTICS LTDA;MAERSK LINE;SAN RAPHAEL MAERSK;Finalizado;JAPI S/A. INDUSTRIA E COMERCIO;POLYRESIN PLANTERS;FCL;0;2;40 HIGH CUBE;4
EM0004-26;13189442;06/01/2026 15:54;31/01/2026;21/02/2026;PARANAGUA;ALTAMIRA;GRUPO FORESTAL IND. MEXICANO CORPORATIVO;HAPAG LLOYD;PALENA;Finalizado;PINUSBRAS EXPORTACAO DE MADEIRA LTDA;MADEIRA;FCL;0;6;40 HIGH CUBE;12
EM0005-26;6441503920;07/01/2026 17:00;23/02/2026;13/03/2026;PARANAGUA;CARTAGENA, CO;ARAUCO INDUSTRIA DE PAINEIS S.A. - PIEN;COSCO SHIPPING;EXPRESS BRAZIL;Finalizado;ARAUCO INDUSTRIA DE PAINEIS S.A. - PIEN;MADEIRA;FCL;0;3;40 HIGH CUBE;6
EM0006-26;38757523;07/01/2026 17:31;30/01/2026;21/02/2026;ITAJAI;ALTAMIRA;GRUPO FORESTAL IND. MEXICANO CORPORATIVO;HAPAG LLOYD;PALENA;Finalizado;ILHA BD INDUSTRIA E COMERCIO DE MADEIRAS LTDA;MADEIRA;FCL;0;4;40 HIGH CUBE;8
EM0008-26;6441638850;08/01/2026 16:00;01/02/2026;16/03/2026;PARANAGUA;BUENAVENTURA;ARAUCO INDUSTRIA DE PAINEIS S.A. - PIEN;COSCO SHIPPING;CARDIFF;Finalizado;ARAUCO INDUSTRIA DE PAINEIS S.A. - PIEN;MADEIRA;FCL;0;1;40 HIGH CUBE;2
EM0009-26;264143748;09/01/2026 06:54;17/02/2026;27/04/2026;SANTOS;HAIFA;SEAWAY LOGISTICS LTDA;MAERSK LINE;MAERSK LANCO;Finalizado;JAPI S/A. INDUSTRIA E COMERCIO;POLYRESIN PLANTERS;FCL;0;2;40 HIGH CUBE;4
EM0010-26;6441812180;09/01/2026 15:32;27/01/2026;27/02/2026;IMBITUBA;SANTO TOMAS DE CASTILLA;MANOEL MARCHETTI;COSCO SHIPPING;APL NEW JERSEY;Finalizado;MANOEL MARCHETTI;MADEIRA;FCL;0;1;40 HIGH CUBE;2
EM0011-26;6438230970;09/01/2026 16:45;30/01/2026;17/02/2026;SANTOS;KINGSTON;INTERNATIONAL FOREST PRODUCTS;COSCO SHIPPING;APL NEW JERSEY;Finalizado;ECTX S/A - EUCATEX;MADEIRA;FCL;0;5;40 HIGH CUBE;10
EM0012-26;6438361360;09/01/2026 16:50;30/01/2026;17/02/2026;SANTOS;KINGSTON;INTERNATIONAL FOREST PRODUCTS;COSCO SHIPPING;APL NEW JERSEY;Finalizado;ECTX S/A - EUCATEX;MADEIRA;FCL;0;5;40 HIGH CUBE;10
EM0013-26;6441812520;09/01/2026 16:52;30/01/2026;17/02/2026;SANTOS;KINGSTON;INTERNATIONAL FOREST PRODUCTS;COSCO SHIPPING;APL NEW JERSEY;Finalizado;ECTX S/A - EUCATEX;MADEIRA;FCL;0;5;40 HIGH CUBE;10
EM0014-26;6441825990;09/01/2026 17:11;23/02/2026;08/04/2026;PARANAGUA;CALLAO;ARAUCO INDUSTRIA DE PAINEIS S.A. - PIEN;COSCO SHIPPING;EXPRESS BRAZIL;Finalizado;ARAUCO INDUSTRIA DE PAINEIS S.A. - PIEN;MADEIRA;FCL;0;3;40 HIGH CUBE;6
EM0015-26;6441826030;09/01/2026 17:21;01/02/2026;08/03/2026;PARANAGUA;CALLAO;ARAUCO INDUSTRIA DE PAINEIS S.A. - PIEN;COSCO SHIPPING;CARDIFF;Finalizado;ARAUCO INDUSTRIA DE PAINEIS S.A. - PIEN;MADEIRA;FCL;0;5;40 HIGH CUBE;10
EM0016-26;6441826040;09/01/2026 17:23;25/01/2026;01/03/2026;PARANAGUA;CALLAO;ARAUCO INDUSTRIA DE PAINEIS S.A. - PIEN;COSCO SHIPPING;APL NEW JERSEY;Finalizado;ARAUCO INDUSTRIA DE PAINEIS S.A. - PIEN;MADEIRA;FCL;0;4;40 HIGH CUBE;8
EM0017-26;265005578;09/01/2026 17:38;28/02/2026;03/06/2026;PARANAGUA;ASHDOD;M. A. COMISSARIA;MAERSK LINE;MAERSK LAGUNA;Finalizado;BRASNILE INDUSTRIAL LTDA;MADEIRA;FCL;0;4;40 HIGH CUBE;8
EM0018-26;94262916;12/01/2026 09:55;27/01/2026;04/03/2026;RIO GRANDE;MARIEL;MAPPER LOGISTICA DE COMERCIO EXTERIOR;HAPAG LLOYD;PALENA;Finalizado;PRATIVITA ALIMENTOS NUTRICIONAIS LTDA;FOODSTUFF;FCL;0;1;40 HIGH CUBE;2
EM0019-26;241ISZ2513032;12/01/2026 13:47;21/01/2026;18/02/2026;SANTOS;GENOA;MAPPER LOGISTICA DE COMERCIO EXTERIOR;MSC MEDITERRANEO;MSC MELINE;Finalizado;CALCADOS FURLANETTO LTDA;SAPATOS;FCL;0;1;40 HIGH CUBE;2
EM0020-26;2319291240;13/01/2026 15:55;22/02/2026;27/04/2026;ITAJAI;ASHDOD;M.A MANUFACTURING AND;OOCL;XIN CHANG SHA;Finalizado;MADEIRAS NEDRI LTDA;MADEIRA;FCL;0;1;40 HIGH CUBE;2
EM0021-26;6442202490;13/01/2026 16:36;01/02/2026;23/02/2026;PARANAGUA;KINGSTON;INTERNATIONAL FOREST PRODUCTS;COSCO SHIPPING;CARDIFF;Finalizado;COMPENSADOS NOVO MILENIO LTDA;MADEIRA;FCL;0;3;40 HIGH CUBE;6
EM0022-26;ZIMUBUE9046740;13/01/2026 16:52;04/02/2026;05/03/2026;BUENOS AIRES;ALTAMIRA;GRUPO FORESTAL IND. MEXICANO CORPORATIVO;ZIM;SPYROS V;Finalizado;RAUL E. FERNANDEZ S.A;MADEIRA;FCL;0;3;40 HIGH CUBE;6
EM0023-26;SSZ1735148;14/01/2026 09:58;27/01/2026;16/03/2026;IMBITUBA;LIRQUEN;TF COMERCIAL EXPORTADORA LTDA;CMA CGM DO BRASIL;APL NEW JERSEY;Finalizado;TF COMERCIAL EXPORTADORA LTDA;MADEIRA;FCL;0;3;40 HIGH CUBE;6
EM0024-26;56527098;14/01/2026 10:26;31/01/2026;12/03/2026;NAVEGANTES;LE HAVRE;MAPPER LOGISTICA DE COMERCIO EXTERIOR;HAPAG LLOYD;MSC LEILA;Finalizado;LOGX AGENCIAMENTO DE CARGAS LTDA;SAPATOS;FCL;0;1;40 HIGH CUBE;2
EM0025-26;56527098;14/01/2026 10:50;31/01/2026;12/03/2026;NAVEGANTES;LE HAVRE;MAPPER LOGISTICA DE COMERCIO EXTERIOR;HAPAG LLOYD;MSC LEILA;Finalizado;VALENTINA CALCADOS LTDA;SAPATOS;FCL;0;1;40 HIGH CUBE;2
EM0026-26;56527098;14/01/2026 10:53;31/01/2026;12/03/2026;NAVEGANTES;LE HAVRE;MAPPER LOGISTICA DE COMERCIO EXTERIOR;HAPAG LLOYD;MSC LEILA;Finalizado;CALCADOS PEGADA NORDESTE LTDA;SAPATOS;FCL;0;1;40 HIGH CUBE;2
EM0027-26;56527098;14/01/2026 10:54;31/01/2026;12/03/2026;NAVEGANTES;LE HAVRE;MAPPER LOGISTICA DE COMERCIO EXTERIOR;HAPAG LLOYD;MSC LEILA;Finalizado;ESTACAO BRASIL CALCADOS LTDA;SAPATOS;FCL;0;1;40 HIGH CUBE;2
EM0028-26;56527098;14/01/2026 10:56;31/01/2026;12/03/2026;NAVEGANTES;LE HAVRE;MAPPER LOGISTICA DE COMERCIO EXTERIOR;HAPAG LLOYD;MSC LEILA;Finalizado;GRENDENE S/A;SAPATOS;FCL;0;1;40 HIGH CUBE;2
EM0029-26;6442350390;14/01/2026 11:20;25/01/2026;17/02/2026;PARANAGUA;KINGSTON;INTERNATIONAL FOREST PRODUCTS;COSCO SHIPPING;APL NEW JERSEY;Finalizado;FAGANELLO INDUSTRIA DE COMPENSADOS;MADEIRA;FCL;0;5;40 HIGH CUBE;10
EM0030-26;36578709;14/01/2026 12:10;23/01/2026;14/02/2026;ITAJAI;ALTAMIRA;GRUPO FORESTAL IND. MEXICANO CORPORATIVO;HAPAG LLOYD;SANTA VANESSA;Finalizado;SÃO CAETANO IND. DE LAM. E COMPENSADOS LTDA;MADEIRA;FCL;0;4;40 HIGH CUBE;8
EM0031-26;6442360840;14/01/2026 13:33;27/01/2026;23/02/2026;RIO DE JANEIRO;HAMBURG;MELBRAS IMPORTADORA E EXPORTADORA AGROINDUSTRIA LTDA;COSCO SHIPPING;NYK DIANA;Finalizado;MELBRAS IMPORTADORA E EXPORTADORA AGROINDUSTRIA LTDA;MEL;FCL;0;2;40 REEFER;4
EM0032-26;29636740;14/01/2026 16:09;31/01/2026;21/02/2026;PARANAGUA;ALTAMIRA;GRUPO FORESTAL IND. MEXICANO CORPORATIVO;HAPAG LLOYD;PALENA;Finalizado;MADEIREIRA EK LTDA;MADEIRA;FCL;0;3;40 HIGH CUBE;6
EM0033-26;263390323;14/01/2026 17:53;05/02/2026;01/04/2026;RIO GRANDE;ASHDOD;MAPPER LOGISTICA DE COMERCIO EXTERIOR;MAERSK LINE;SAN RAPHAEL MAERSK;Finalizado;CALCADOS KILLANA LTDA.;SAPATOS;FCL;1;0;20 DRY BOX;1
EM0034-26;263390323;14/01/2026 17:56;05/02/2026;01/04/2026;RIO GRANDE;ASHDOD;MAPPER LOGISTICA DE COMERCIO EXTERIOR;MAERSK LINE;SAN RAPHAEL MAERSK;Finalizado;HENRICH & CIA LTDA;SAPATOS;FCL;1;0;20 DRY BOX;1
EM0035-26;29597770;15/01/2026 08:58;31/01/2026;21/02/2026;PARANAGUA;ALTAMIRA;GRUPO FORESTAL IND. MEXICANO CORPORATIVO;HAPAG LLOYD;PALENA;Finalizado;MADEIREIRA EK LTDA;MADEIRA;FCL;0;5;40 HIGH CUBE;10
EM0036-26;26489397;15/01/2026 09:05;31/01/2026;21/02/2026;PARANAGUA;ALTAMIRA;GRUPO FORESTAL IND. MEXICANO CORPORATIVO;HAPAG LLOYD;PALENA;Finalizado;MADEIREIRA EK LTDA;MADEIRA;FCL;0;5;40 HIGH CUBE;10
EM0037-26;26637533;15/01/2026 11:01;31/01/2026;23/02/2026;PARANAGUA;PORT EVERGLADES;FECULARIA ELDORADO LTDA;HAPAG LLOYD;PALENA;Finalizado;FECULARIA ELDORADO LTDA;ALIMENTOS EM GERAL;FCL;0;1;40 HIGH CUBE;2
EM0038-26;6442496930;15/01/2026 11:55;08/02/2026;08/03/2026;PARANAGUA;KINGSTON;INTERNATIONAL FOREST PRODUCTS;COSCO SHIPPING;SWANSEA;Finalizado;RODOCHAPAS ADMINISTRADORA DE BENS LTDA;MADEIRA;FCL;0;2;40 HIGH CUBE;4
EM0039-26;27458148;15/01/2026 14:47;24/04/2026;17/05/2026;ITAJAI;ALTAMIRA;GRUPO FORESTAL IND. MEXICANO CORPORATIVO;HAPAG LLOYD;LE HAVRE EXPRESS;Finalizado;ILHA BD INDUSTRIA E COMERCIO DE MADEIRAS LTDA;MADEIRA;FCL;0;5;40 HIGH CUBE;10
EM0040-26;S328909594;15/01/2026 15:10;12/02/2026;05/04/2026;SANTOS;LAGOS;MERIDIAN FREIGHT SERVICES LTD;GRIMALDI;GRANDE BUENOS AIRES;Finalizado;ACE INDUSTRIAL SOLUTIONS CAN LTDA;PARTES E PEÇAS;FCL;1;0;20 DRY BOX;1
EM0041-26;6442510950;15/01/2026 17:03;08/02/2026;08/03/2026;PARANAGUA;KINGSTON;INTERNATIONAL FOREST PRODUCTS;COSCO SHIPPING;SWANSEA;Finalizado;RODOCHAPAS ADMINISTRADORA DE BENS LTDA;MADEIRA;FCL;0;3;40 HIGH CUBE;6
EM0042-26;11894921;15/01/2026 17:41;07/02/2026;28/02/2026;PARANAGUA;ALTAMIRA;GRUPO FORESTAL IND. MEXICANO CORPORATIVO;HAPAG LLOYD;DALIAN EXPRESS;Finalizado;COMPENSADOS NOVO MILENIO LTDA;MADEIRA;FCL;0;4;40 HIGH CUBE;8
EM0043-26;6442664790;16/01/2026 10:36;08/02/2026;16/03/2026;PARANAGUA;CALLAO;ARAUCO INDUSTRIA DE PAINEIS S.A. - PIEN;COSCO SHIPPING;SWANSEA;Finalizado;ARAUCO INDUSTRIA DE PAINEIS S.A. - PIEN;MADEIRA;FCL;0;5;40 HIGH CUBE;10
EM0044-26;6442664890;16/01/2026 10:42;08/02/2026;16/03/2026;PARANAGUA;CALLAO;ARAUCO INDUSTRIA DE PAINEIS S.A. - PIEN;COSCO SHIPPING;SWANSEA;Finalizado;ARAUCO INDUSTRIA DE PAINEIS S.A. - PIEN;MADEIRA;FCL;0;4;40 HIGH CUBE;8
EM0045-26;22977010;16/01/2026 14:21;06/02/2026;28/02/2026;ITAJAI;ALTAMIRA;GRUPO FORESTAL IND. MEXICANO CORPORATIVO;HAPAG LLOYD;DALIAN EXPRESS;Finalizado;SÃO CAETANO IND. DE LAM. E COMPENSADOS LTDA;MADEIRA;FCL;0;4;40 HIGH CUBE;8
EM0047-26;265316014;16/01/2026 15:59;14/02/2026;16/03/2026;SANTOS;PIRAEUS;CUSTOMS SOLUTION EUROPEAN COMMUNITY SERVICES SINGLE MEMBER S.A.;MAERSK LINE;MAERSK LOTA;Finalizado;NKG STOCKLER;COFFEE;FCL;1;0;20 DRY BOX;1
EM0048-26;6442510920;16/01/2026 17:18;08/03/2026;31/03/2026;PARANAGUA;KINGSTON;PLYLOG;COSCO SHIPPING;ALESSIA;Finalizado;MARINI INDUSTRIA DE COMPENSADOS LTDA;MADEIRA;FCL;0;5;40 HIGH CUBE;10
EM0049-26;265321633;16/01/2026 17:53;16/02/2026;10/04/2026;SALVADOR;KAOHSIUNG;MAPPER LOGISTICA DE COMERCIO EXTERIOR;MAERSK LINE;BARTOLOMEU DIAS;Finalizado;CALCADOS PEGADA NORDESTE LTDA;MADEIRA;FCL;1;0;20 DRY BOX;1
EM0050-26;265387851;19/01/2026 10:26;12/02/2026;30/03/2026;ITAPOA;PARAMARIBO;CLARICE ELETRODOMESTICOS LTDA;MAERSK LINE;MAERSK CHAMBAL;Finalizado;CLARICE ELETRODOMESTICOS LTDA;CARGA GERAL NAO PERIGOSA;FCL;0;1;40 HIGH CUBE;2
EM0051-26;265396474;19/01/2026 15:05;03/03/2026;27/04/2026;SANTOS;HAIFA;SEAWAY LOGISTICS LTDA;MAERSK LINE;MAERSK LAGUNA;Finalizado;JAPI S/A. INDUSTRIA E COMERCIO;POLYRESIN PLANTERS;FCL;0;2;40 HIGH CUBE;4
EM0052-26;EBKG15570101;20/01/2026 09:54;04/02/2026;23/03/2026;PARANAGUA;ENSENADA;PLYLOG;MSC MEDITERRANEO;MSC DAMLA;Finalizado;INDUSTRIA DE COMPENSADOS GUARARAPES LTDA;MADEIRA;FCL;0;10;40 HIGH CUBE;20
EM0053-26;19548159;20/01/2026 10:49;07/02/2026;28/02/2026;PARANAGUA;ALTAMIRA;GRUPO FORESTAL IND. MEXICANO CORPORATIVO;HAPAG LLOYD;DALIAN EXPRESS;Finalizado;INDUSTRIA DE COMPENSADOS SUDATI LTDA (0001-39 SUP);MADEIRA;FCL;0;6;40 HIGH CUBE;12
EM0054-26;32248595;20/01/2026 10:55;31/01/2026;21/02/2026;PARANAGUA;ALTAMIRA;GRUPO FORESTAL IND. MEXICANO CORPORATIVO;HAPAG LLOYD;PALENA;Finalizado;INDUSTRIA DE COMPENSADOS SUDATI LTDA (0003-09 - SUV);MADEIRA;FCL;0;3;40 HIGH CUBE;6
EM0055-26;265397056;20/01/2026 13:44;02/02/2026;03/03/2026;PARANAGUA;PUERTO CABELLO;FECULARIA ELDORADO LTDA;MAERSK LINE;MSC VANCOUVER;Finalizado;AMIDOS BRASIL COMERCIO E DISTRIBUICAO LTDA;ALIMENTOS EM GERAL;FCL;0;1;40 HIGH CUBE;2
EM0056-26;55762063;20/01/2026 17:10;07/02/2026;28/02/2026;PARANAGUA;ALTAMIRA;GRUPO FORESTAL IND. MEXICANO CORPORATIVO;HAPAG LLOYD;DALIAN EXPRESS;Finalizado;MADEIREIRA EK LTDA;MADEIRA;FCL;0;7;40 HIGH CUBE;14
EM0057-26;75364213;20/01/2026 17:18;07/02/2026;28/02/2026;PARANAGUA;ALTAMIRA;GRUPO FORESTAL IND. MEXICANO CORPORATIVO;HAPAG LLOYD;DALIAN EXPRESS;Finalizado;MADEIREIRA EK LTDA;MADEIRA;FCL;0;6;40 HIGH CUBE;12
EM0058-26;EBKG15591085;20/01/2026 17:59;20/02/2026;21/03/2026;PARANAGUA;LONDON;MASTER COMERCIO EXTERIOR LTDA.;MSC MEDITERRANEO;MSC MUGE;Finalizado;SOUTH SERVICE TRADING SA;MADEIRA;FCL;0;2;40 HIGH CUBE;4
EM0059-26;EBKG15591043;21/01/2026 08:37;11/02/2026;16/03/2026;PARANAGUA;LONDON;MASTER COMERCIO EXTERIOR LTDA.;MSC MEDITERRANEO;LAEM CHABANG EXPRESS;Finalizado;SOUTH SERVICE TRADING SA;MADEIRA;FCL;0;1;40 HIGH CUBE;2
EM0060-26;2314705780;21/01/2026 11:19;07/03/2026;16/04/2026;SANTOS;IZMIR;MESCO INTERNATIONAL FORWARDING INC.;OOCL;NAVIOS DOMINO;Finalizado;CRUZEIRO PAPEIS INDUSTRIAIS LTDA;PAPEL;FCL;0;1;40 HIGH CUBE;2
EM0061-26;ZIMUPGU8024941;21/01/2026 14:30;09/02/2026;10/03/2026;PARANAGUA;HALIFAX;ARAUCO INDUSTRIA DE PAINEIS S.A. - PIEN;ZIM;SPYROS V;Finalizado;ARAUCO INDUSTRIA DE PAINEIS S.A. - PIEN;MADEIRA;FCL;0;2;40 HIGH CUBE;4
EM0062-26;265523626;21/01/2026 14:36;13/02/2026;16/03/2026;PARANAGUA;BALTIMORE;M. A. COMISSARIA;MAERSK LINE;MAERSK CHAMBAL;Finalizado;IRUNA S.A.I.C.;;FCL;0;1;40 HIGH CUBE;2
EM0063-26;265523659;21/01/2026 14:47;13/02/2026;16/03/2026;PARANAGUA;BALTIMORE;M. A. COMISSARIA;MAERSK LINE;MAERSK CHAMBAL;Finalizado;IRUNA S.A.I.C.;;FCL;0;1;40 HIGH CUBE;2
EM0064-26;265523591;21/01/2026 14:53;27/02/2026;28/03/2026;PARANAGUA;BALTIMORE;M. A. COMISSARIA;MAERSK LINE;MAERSK CHACHAI;Finalizado;IRUNA S.A.I.C.;;FCL;0;1;40 HIGH CUBE;2
EM0065-26;EBKG15606490;21/01/2026 15:04;25/02/2026;27/04/2026;PARANAGUA;SEATTLE;M. A. COMISSARIA;MSC MEDITERRANEO;EUROPE;Finalizado;IRUNA S.A.I.C.;;FCL;0;1;40 HIGH CUBE;2
EM0066-26;EBKG15425831;21/01/2026 15:13;25/02/2026;27/04/2026;PARANAGUA;SEATTLE;M. A. COMISSARIA;MSC MEDITERRANEO;EUROPE;Finalizado;IRUNA S.A.I.C.;;FCL;0;1;40 HIGH CUBE;2
EM0067-26;265576566;22/01/2026 15:11;10/02/2026;05/05/2026;RIO GRANDE;MELBOURNE;MAPPER LOGISTICA DE COMERCIO EXTERIOR;MAERSK LINE;MAERSK LANCO;Finalizado;IMS BRAZIL LTDA;ALIMENTOS EM GERAL;FCL;0;1;40 HIGH CUBE;2
EM0068-26;265460413;22/01/2026 15:59;13/02/2026;19/03/2026;PARANAGUA;LA GUAIRA;FECULARIA ELDORADO LTDA;MAERSK LINE;MAERSK CHAMBAL;Finalizado;FECULARIA ELDORADO LTDA;ALIMENTOS EM GERAL;FCL;0;1;40 HIGH CUBE;2
EM0069-26;19439752;22/01/2026 16:29;11/03/2026;23/04/2026;PARANAGUA;ALGIERS;FECULARIA ELDORADO LTDA;HAPAG LLOYD;MSC FIRENZE;Finalizado;FECULARIA ELDORADO LTDA;ALIMENTOS EM GERAL;FCL;0;5;40 HIGH CUBE;10
EM0070-26;2320048740;22/01/2026 17:53;04/02/2026;24/03/2026;ITAJAI;DAKAR;MANOEL MARCHETTI;OOCL;NAVIOS VERMILION;Finalizado;MANOEL MARCHETTI;MADEIRA;FCL;0;1;40 HIGH CUBE;2
EM0071-26;2319943680;23/01/2026 09:09;03/03/2026;16/04/2026;ITAJAI;LIVERPOOL;MASTER COMERCIO EXTERIOR LTDA.;OOCL;NAVIOS DOMINO;Finalizado;SOUTH SERVICE TRADING SA;MADEIRA;FCL;0;2;40 HIGH CUBE;4
EM0072-26;6442499630;23/01/2026 14:19;08/02/2026;15/03/2026;PARANAGUA;BUENAVENTURA;ARAUCO INDUSTRIA DE PAINEIS S.A. - PIEN;COSCO SHIPPING;SWANSEA;Finalizado;ARAUCO INDUSTRIA DE PAINEIS S.A. - PIEN;MADEIRA;FCL;0;4;40 HIGH CUBE;8
EM0074-26;6442499610;23/01/2026 14:33;08/02/2026;01/03/2026;PARANAGUA;CARTAGENA, CO;FECULARIA ELDORADO LTDA;COSCO SHIPPING;SWANSEA;Finalizado;AMIDOS BRASIL COMERCIO E DISTRIBUICAO LTDA;ALIMENTOS EM GERAL;FCL;0;3;40 HIGH CUBE;6
EM0075-26;265631369;23/01/2026 14:55;12/02/2026;30/03/2026;ITAPOA;PARAMARIBO;PATMO LUMBER TRADE;MAERSK LINE;MAERSK CHAMBAL;Finalizado;ESQUADRIBRAS - INDUSTRIA DE ESQUADRIAS LTDA;LUMBER;FCL;0;1;40 HIGH CUBE;2
EM0076-26;6443529950;26/01/2026 11:09;25/02/2026;06/04/2026;PARANAGUA;HELSINGBORG;AG - ASSESSORIA E AGENCIAMENTO EM COMERCIO EXTERIOR LTDA;COSCO SHIPPING;XIN CHANG SHA;Finalizado;CELPLAC INDUSTRIA E COMERCIO LTDA;MADEIRA;FCL;0;1;40 HIGH CUBE;2
EM0077-26;6443529960;26/01/2026 11:14;25/02/2026;06/04/2026;PARANAGUA;HELSINGBORG;AG - ASSESSORIA E AGENCIAMENTO EM COMERCIO EXTERIOR LTDA;COSCO SHIPPING;XIN CHANG SHA;Finalizado;CELPLAC INDUSTRIA E COMERCIO LTDA;MADEIRA;FCL;0;1;40 HIGH CUBE;2
EM0078-26;35065618;26/01/2026 15:59;07/02/2026;28/02/2026;PARANAGUA;ALTAMIRA;GRUPO FORESTAL IND. MEXICANO CORPORATIVO;HAPAG LLOYD;DALIAN EXPRESS;Finalizado;INDUSTRIA E COM. DE COMPENSADOS SUL PARANÁ LTDA;MADEIRA;FCL;0;1;40 HIGH CUBE;2
EM0079-26;13061530;26/01/2026 16:27;07/03/2026;29/03/2026;PARANAGUA;ALTAMIRA;GRUPO FORESTAL IND. MEXICANO CORPORATIVO;HAPAG LLOYD;MSC PHOENIX;Finalizado;MADEIREIRA EK LTDA;MADEIRA;FCL;0;7;40 HIGH CUBE;14
EM0080-26;2320048650;27/01/2026 09:23;25/02/2026;05/05/2026;PARANAGUA;DAKAR;SPEED LOG;OOCL;XIN CHANG SHA;Finalizado;ALLBRANDS INDUSTRIA DE ALIMENTOS S/A;ALIMENTOS EM GERAL;FCL;0;2;40 HIGH CUBE;4
EM0081-26;6443854900;27/01/2026 11:50;28/02/2026;16/04/2026;PARANAGUA;PORT OF SPAIN;M. A. COMISSARIA;COSCO SHIPPING;CMA CGM RABELAIS;Finalizado;MADEMILE DERIVADOS DE MADEIRA LTDA;MADEIRA;FCL;0;4;40 HIGH CUBE;8
EM0082-26;6443854320;27/01/2026 13:39;23/02/2026;22/03/2026;PARANAGUA;BUENAVENTURA;ARAUCO INDUSTRIA DE PAINEIS S.A. - PIEN;COSCO SHIPPING;EXPRESS BRAZIL;Finalizado;ARAUCO INDUSTRIA DE PAINEIS S.A. - PIEN;MADEIRA;FCL;0;1;40 HIGH CUBE;2
EM0083-26;2320434620;27/01/2026 14:11;07/03/2026;05/05/2026;SANTOS;DAKAR;AB TRADING COMMODITIES LTDA;OOCL;NAVIOS DOMINO;Finalizado;SAFRA NOVA COMERCIO E EXPORTACAO DE CAFE E CEREAIS LTDA;CAFÉ;FCL;2;0;20 DRY BOX;2
EM0084-26;B951088760;27/01/2026 14:52;15/02/2026;25/03/2026;SANTOS;YANTIAN;INOVA CONSULTORIA EMPRESARIAL E ASSESSORIA EM COMERCIO EXTERIOR LTDA;YANG MING;EVER FAST;Finalizado;COMPO EXPERT BRASIL FERTILIZANTES LTDA.;FERTILIZANTE;FCL;1;0;20 DRY BOX;1
EM0085-26;6442499640;28/01/2026 08:59;10/02/2026;07/03/2026;IMBITUBA;KINGSTON;MANOEL MARCHETTI;COSCO SHIPPING;SWANSEA;Finalizado;MANOEL MARCHETTI;MADEIRA;FCL;0;1;40 HIGH CUBE;2
EM0086-26;265641202;28/01/2026 11:20;06/02/2026;26/02/2026;PARANAGUA;PUERTO CABELLO;LAREDO TRADING, C.A;MAERSK LINE;MAERSK KARUN;Finalizado;INDUSTRIA DE COMPENSADOS SUDATI LTDA (0003-09 - SUV);MADEIRA;FCL;0;1;40 HIGH CUBE;2
EM0087-26;265824886;28/01/2026 14:42;07/04/2026;05/05/2026;SANTOS;PIRAEUS;CUSTOMS SOLUTION EUROPEAN COMMUNITY SERVICES SINGLE MEMBER S.A.;MAERSK LINE;MAERSK LA PAZ;Finalizado;COOPERATIVA REGIONAL DE CAFEICULTORES EM GUAXUPE LTDA;COFFEE;FCL;1;0;20 DRY BOX;1
EM0088-26;EBKG15683096;28/01/2026 15:50;15/02/2026;06/04/2026;ITAJAI;MONTREAL;PATMO LUMBER TRADE;MSC MEDITERRANEO;MSC LUDOVICA;Finalizado;ESQUADRIBRAS - INDUSTRIA DE ESQUADRIAS LTDA;DOORS;FCL;0;1;40 HIGH CUBE;2
EM0090-26;6443849450;29/01/2026 09:49;25/02/2026;13/03/2026;PARANAGUA;CARTAGENA, CO;FECULARIA ELDORADO LTDA;COSCO SHIPPING;EXPRESS BRAZIL;Finalizado;FECULARIA ELDORADO LTDA;ALIMENTOS EM GERAL;FCL;0;1;40 HIGH CUBE;2
EM0091-26;6443849360;29/01/2026 10:11;15/03/2026;24/04/2026;PARANAGUA;BUENAVENTURA;FECULARIA ELDORADO LTDA;COSCO SHIPPING;HANS SCHULTE;Finalizado;FECULARIA ELDORADO LTDA;ALIMENTOS EM GERAL;FCL;0;1;40 HIGH CUBE;2
EM0092-26;265818513;29/01/2026 10:37;23/02/2026;17/05/2026;BUENOS AIRES;PIRAEUS;INTERNATIONAL FOREST PRODUCTS;MAERSK LINE;MAERSK LAGUNA;Finalizado;RAUL E. FERNANDEZ S.A;MADEIRA;FCL;0;3;40 HIGH CUBE;6
EM0093-26;265819673;29/01/2026 10:48;11/04/2026;18/05/2026;BUENOS AIRES;PIRAEUS;INTERNATIONAL FOREST PRODUCTS;MAERSK LINE;SAN RAPHAEL MAERSK;Finalizado;RAUL E. FERNANDEZ S.A;MADEIRA;FCL;0;3;40 HIGH CUBE;6
EM0094-26;37033446;29/01/2026 15:16;21/02/2026;23/04/2026;PARANAGUA;ALGIERS;FECULARIA ELDORADO LTDA;HAPAG LLOYD;COPIAPO;Finalizado;FECULARIA ELDORADO LTDA;ALIMENTOS EM GERAL;FCL;0;2;40 HIGH CUBE;4
EM0095-26;6444303590;30/01/2026 11:08;02/03/2026;04/04/2026;RIO DE JANEIRO;FELIXSTOWE;MELBRAS IMPORTADORA E EXPORTADORA AGROINDUSTRIA LTDA;COSCO SHIPPING;XIN CHANG SHA;Finalizado;MELBRAS IMPORTADORA E EXPORTADORA AGROINDUSTRIA LTDA;MEL;FCL;2;0;20 DRY BOX;2
EM0096-26;EBKG15745818;30/01/2026 16:13;25/02/2026;27/04/2026;PARANAGUA;SEATTLE;M. A. COMISSARIA;MSC MEDITERRANEO;EUROPE;Finalizado;IRUNA S.A.I.C.;;FCL;0;1;40 HIGH CUBE;2
EM0097-26;EBKG15745833;30/01/2026 16:16;25/02/2026;10/05/2026;PARANAGUA;SEATTLE;M. A. COMISSARIA;MSC MEDITERRANEO;EUROPE;Finalizado;IRUNA S.A.I.C.;;FCL;0;1;40 HIGH CUBE;2
EM0100-26;265933724;30/01/2026 16:35;24/02/2026;14/03/2026;PARANAGUA;ALTAMIRA;GRUPO FORESTAL IND. MEXICANO CORPORATIVO;MAERSK LINE;MARIANNA I;Finalizado;PINUSBRAS EXPORTACAO DE MADEIRA LTDA;MADEIRA;FCL;0;6;40 HIGH CUBE;12
EM0101-26;6444310510;30/01/2026 16:40;25/02/2026;13/03/2026;PARANAGUA;CARTAGENA, CO;FECULARIA ELDORADO LTDA;COSCO SHIPPING;EXPRESS BRAZIL;Finalizado;AMIDOS BRASIL COMERCIO E DISTRIBUICAO LTDA;ALIMENTOS EM GERAL;FCL;0;1;40 HIGH CUBE;2
EM0102-26;SAOG06441300;30/01/2026 16:48;27/02/2026;07/04/2026;ITAJAI;BARCADERA;PATMO LUMBER TRADE;ONE - OCEAN NETWORK EXPRESS;COSTA RICA EXPRESS;Finalizado;ELDORADO IND. MADEIREIRA LTDA;MADEIRA;FCL;0;1;40 HIGH CUBE;2
EM0104-26;266003250;30/01/2026 17:25;23/02/2026;04/03/2026;ITAPOA;ZARATE;INOVA CONSULTORIA EMPRESARIAL E ASSESSORIA EM COMERCIO EXTERIOR LTDA;MAERSK LINE;MAERSK VENEZIA;Finalizado;COMPO EXPERT BRASIL FERT. LTDA;FERTILIZANTE;FCL;1;0;20 DRY BOX;1
EM0106-26;ZIMUITJ8052859;31/01/2026 11:44;14/02/2026;13/03/2026;NAVEGANTES;ALTAMIRA;GRUPO FORESTAL IND. MEXICANO CORPORATIVO;ZIM;SUNNY PHOENIX;Finalizado;MADEIREIRA GRAMADOS LTDA;MADEIRA;FCL;0;3;40 HIGH CUBE;6
EM0111-26;6444708770;03/02/2026 09:39;28/02/2026;26/03/2026;PARANAGUA;GUAYAQUIL;JCA TRADING LLC;COSCO SHIPPING;CMA CGM RABELAIS;Finalizado;CMPC IGUAÇU EMBALAGENS LTDA – BRAZIL;CARGA GERAL NAO PERIGOSA;FCL;0;1;40 HIGH CUBE;2
EM0112-26;266062052;03/02/2026 15:31;01/04/2026;23/04/2026;SANTOS;PORT EVERGLADES;GREAT BLEND LLC;MAERSK LINE;MAERSK FRANKFURT;Finalizado;FLORÃO ALIMENTOS LTDA;CAFÉ;FCL;0;2;40 HIGH CUBE;4
EM0113-26;6444459100;03/02/2026 15:53;10/02/2026;18/02/2026;SAN JUAN;CAUCEDO;INTERNATIONAL FOREST PRODUCTS;COSCO SHIPPING;SAFESEA JANAKI;Finalizado;PUERTO RICO WOOD TREATING INDUSTRIES INC;MADEIRA;FCL;0;1;40 HIGH CUBE;2
EM0114-26;266003556;03/02/2026 18:02;27/02/2026;28/03/2026;PARANAGUA;BALTIMORE;M. A. COMISSARIA;MAERSK LINE;MAERSK CHACHAI;Finalizado;IRUNA S.A.I.C.;;FCL;0;1;40 HIGH CUBE;2
EM0115-26;266003614;03/02/2026 18:10;12/03/2026;11/04/2026;PARANAGUA;BALTIMORE;M. A. COMISSARIA;MAERSK LINE;MSC MAGNUM VII;Finalizado;IRUNA S.A.I.C.;;FCL;0;1;40 HIGH CUBE;2
EM0116-26;266061988;04/02/2026 08:42;12/03/2026;02/04/2026;PARANAGUA;ALTAMIRA;GRUPO FORESTAL IND. MEXICANO CORPORATIVO;MAERSK LINE;MSC MAGNUM VII;Finalizado;PINUSTAN INDUSTRIA E COMERCIO DE MADEIRAS LTDA;LUMBER;FCL;0;2;40 HIGH CUBE;4
EM0117-26;266047144;04/02/2026 09:07;27/02/2026;23/03/2026;PARANAGUA;ALTAMIRA;GRUPO FORESTAL IND. MEXICANO CORPORATIVO;MAERSK LINE;MAERSK CHACHAI;Finalizado;INDUSTRIA DE COMPENSADOS GUARARAPES LTDA;MADEIRA;FCL;0;3;40 HIGH CUBE;6
EM0118-26;266047326;04/02/2026 09:13;27/02/2026;23/03/2026;PARANAGUA;ALTAMIRA;GRUPO FORESTAL IND. MEXICANO CORPORATIVO;MAERSK LINE;MAERSK CHACHAI;Finalizado;INDUSTRIA DE COMPENSADOS GUARARAPES LTDA;MADEIRA;FCL;0;6;40 HIGH CUBE;12
EM0119-26;266047664;04/02/2026 09:53;24/02/2026;23/03/2026;ITAPOA;ALTAMIRA;GRUPO FORESTAL IND. MEXICANO CORPORATIVO;MAERSK LINE;MAERSK CHACHAI;Finalizado;INDUSTRIA DE COMPENSADOS GUARARAPES LTDA;MADEIRA;FCL;0;5;40 HIGH CUBE;10
EM0120-26;266047446;04/02/2026 09:57;05/03/2026;03/04/2026;ITAPOA;ALTAMIRA;GRUPO FORESTAL IND. MEXICANO CORPORATIVO;MAERSK LINE;MSC MAGNUM VII;Finalizado;INDUSTRIA DE COMPENSADOS GUARARAPES LTDA;MADEIRA;FCL;0;5;40 HIGH CUBE;10
EM0121-26;ZIMUITJ8052882;04/02/2026 10:16;02/03/2026;27/03/2026;PARANAGUA;ALTAMIRA;GRUPO FORESTAL IND. MEXICANO CORPORATIVO;ZIM;ZIM BALTIMORE;Finalizado;INDUSTRIA DE COMPENSADOS GUARARAPES LTDA;MADEIRA;FCL;0;5;40 HIGH CUBE;10
EM0122-26;241ISZ2532453;04/02/2026 14:34;18/02/2026;26/03/2026;SANTOS;GENOA;MAPPER LOGISTICA DE COMERCIO EXTERIOR;MSC MEDITERRANEO;MSC AMALFI;Finalizado;TIFERET COMÉRCIO DE ROUPAS LTDA.;SAPATOS;FCL;0;1;40 HIGH CUBE;2
EM0123-26;266113105;04/02/2026 16:45;22/03/2026;07/04/2026;ITAPOA;NEW YORK;MANOEL MARCHETTI;MAERSK LINE;MAERSK FORTALEZA;Finalizado;MANOEL MARCHETTI;MADEIRA;FCL;0;1;40 HIGH CUBE;2
EM0125-26;SSZ1747913;04/02/2026 17:41;03/03/2026;17/04/2026;IMBITUBA;CAUCEDO;INDUMAK;CMA CGM DO BRASIL;CMA CGM RABELAIS;Finalizado;INDUMAK;MAQUINARIOS;FCL;0;1;40 HIGH CUBE;2
EM0126-26;266156767;05/02/2026 13:50;17/02/2026;23/03/2026;PARANAGUA;BUENAVENTURA;ARAUCO INDUSTRIA DE PAINEIS S.A. - PIEN;MAERSK LINE;CAPE SOREL;Finalizado;ARAUCO INDUSTRIA DE PAINEIS S.A. - PIEN;MADEIRA;FCL;0;2;40 HIGH CUBE;4
EM0127-26;265998548;05/02/2026 14:33;16/05/2026;09/06/2026;SANTOS;PIRAEUS;CUSTOMS SOLUTION EUROPEAN COMMUNITY SERVICES SINGLE MEMBER S.A.;MAERSK LINE;MAERSK LOTA;Finalizado;COOPERATIVA REGIONAL DE CAFEICULTORES EM GUAXUPE LTDA;COFFEE;FCL;1;0;20 DRY BOX;1
EM0128-26;266062204;05/02/2026 14:48;14/03/2026;13/04/2026;SANTOS;PIRAEUS;CUSTOMS SOLUTION EUROPEAN COMMUNITY SERVICES SINGLE MEMBER S.A.;MAERSK LINE;MAERSK LEON;Finalizado;NKG STOCKLER;COFFEE;FCL;1;0;20 DRY BOX;1
EM0129-26;ZIMUITJ8052937;05/02/2026 17:14;17/02/2026;06/03/2026;PARANAGUA;KINGSTON;INTERNATIONAL FOREST PRODUCTS;ZIM;SUNNY PHOENIX;Finalizado;COMPENSADOS NOVO MILENIO LTDA;;FCL;0;5;40 HIGH CUBE;10
EM0130-26;SSZ1745122;05/02/2026 17:44;01/03/2026;28/03/2026;IMBITUBA;POINTE-A-PITRE;MAPPER LOGISTICA DE COMERCIO EXTERIOR;CMA CGM DO BRASIL;EXPRESS BRAZIL;Finalizado;LOGX AGENCIAMENTO DE CARGAS LTDA;SAPATOS;FCL;0;1;40 HIGH CUBE;2
EM0131-26;6444923200;06/02/2026 11:27;05/03/2026;21/04/2026;PARANAGUA;HELSINGBORG;AG - ASSESSORIA E AGENCIAMENTO EM COMERCIO EXTERIOR LTDA;COSCO SHIPPING;NAVIOS DOMINO;Finalizado;CELPLAC INDUSTRIA E COMERCIO LTDA;MADEIRA;FCL;0;1;40 HIGH CUBE;2
EM0132-26;ZIMUSNT8107626;06/02/2026 11:28;20/02/2026;06/03/2026;SANTOS;KINGSTON;INTERNATIONAL FOREST PRODUCTS;ZIM;SUNNY PHOENIX;Finalizado;ECTX S/A - EUCATEX;MADEIRA;FCL;0;5;40 HIGH CUBE;10
EM0133-26;266212482;09/02/2026 08:40;03/03/2026;17/04/2026;SANTOS;HAIFA;SEAWAY LOGISTICS LTDA;MAERSK LINE;MAERSK LAGUNA;Finalizado;JAPI S/A. INDUSTRIA E COMERCIO;POLYRESIN PLANTERS;FCL;0;2;40 HIGH CUBE;4
EM0134-26;266212503;09/02/2026 08:46;07/03/2026;12/04/2026;SANTOS;ASHDOD;SEAWAY LOGISTICS LTDA;MAERSK LINE;MAERSK LAMANAI;Finalizado;JAPI S/A. INDUSTRIA E COMERCIO;POLYRESIN PLANTERS;FCL;0;2;40 HIGH CUBE;4
EM0135-26;266214154;09/02/2026 09:00;28/02/2026;31/03/2026;ITAPOA;MONTREAL;LA FORESTAL ALTO PARANA S.A.;MAERSK LINE;MAERSK MONTE ALEGRE;Finalizado;BIANCHIN & AUGUSTO LTDA;MADEIRA;FCL;0;1;40 HIGH CUBE;2
EM0136-26;6444931780;09/02/2026 10:33;28/02/2026;14/04/2026;PARANAGUA;OAKLAND;PORTOTAL ASSESSORIA EM COMERCIO EXTERIOR LTDA;COSCO SHIPPING;CMA CGM RABELAIS;Finalizado;ELISA MARGARITA OZUNA SALVIONI;MADEIRA;FCL;0;1;40 HIGH CUBE;2
EM0137-26;23455866;10/02/2026 10:10;20/02/2026;13/03/2026;ITAPOA;COLLEGE POINT , NY 11356 (door delivery);DOORINABOX;HAPAG LLOYD;MAERSK MONTE AZUL;Finalizado;ESQUADRIBRAS - INDUSTRIA DE ESQUADRIAS LTDA;LUMBER;FCL;0;1;40 HIGH CUBE;2
EM0138-26;21969111;10/02/2026 10:14;27/02/2026;17/03/2026;ITAPOA;COLLEGE POINT , NY 11356 (door delivery);DOORINABOX;HAPAG LLOYD;MAERSK MONTE ALEGRE;Finalizado;ESQUADRIBRAS - INDUSTRIA DE ESQUADRIAS LTDA;LUMBER;FCL;0;1;40 HIGH CUBE;2
EM0139-26;266316047;10/02/2026 10:35;20/02/2026;13/03/2026;ITAPOA;COLLEGE POINT , NY 11356 (door delivery);DOORINABOX;MAERSK LINE;MAERSK MONTE AZUL;Finalizado;ESQUADRIBRAS - INDUSTRIA DE ESQUADRIAS LTDA;LUMBER;FCL;0;1;40 HIGH CUBE;2
EM0140-26;266316213;10/02/2026 10:37;27/02/2026;17/03/2026;ITAPOA;COLLEGE POINT , NY 11356 (door delivery);DOORINABOX;MAERSK LINE;MAERSK MONTE ALEGRE;Finalizado;ESQUADRIBRAS - INDUSTRIA DE ESQUADRIAS LTDA;LUMBER;FCL;0;1;40 HIGH CUBE;2
EM0141-26;266318611;10/02/2026 11:43;17/03/2026;30/04/2026;SANTOS;ASHDOD;SEAWAY LOGISTICS LTDA;MAERSK LINE;SAN MARCO MAERSK;Cancelado;JAPI S/A. INDUSTRIA E COMERCIO;POLYRESIN PLANTERS;FCL;0;2;40 HIGH CUBE;4
EM0142-26;266318716;10/02/2026 11:47;24/03/2026;07/05/2026;SANTOS;ASHDOD;SEAWAY LOGISTICS LTDA;MAERSK LINE;MAERSK LINS;Cancelado;JAPI S/A. INDUSTRIA E COMERCIO;POLYRESIN PLANTERS;FCL;0;2;40 HIGH CUBE;4
EM0143-26;ZIMUPGU8025191;10/02/2026 15:51;17/02/2026;06/03/2026;PARANAGUA;KINGSTON;INTERNATIONAL FOREST PRODUCTS;ZIM;SUNNY PHOENIX;Finalizado;COMPENSADOS NOVO MILENIO LTDA;;FCL;0;5;40 HIGH CUBE;10
EM0145-26;266327011;10/02/2026 16:36;17/03/2026;22/04/2026;ITAPOA;JEDDAH;METALURGICA TRAPP LTDA;MAERSK LINE;CMA CGM LISA MARIE;Finalizado;METALURGICA TRAPP LTDA;MAQUINARIOS;FCL;0;1;40 HIGH CUBE;2
EM0146-26;SSZ1745122;11/02/2026 11:17;01/03/2026;28/03/2026;IMBITUBA;POINTE-A-PITRE;MAPPER LOGISTICA DE COMERCIO EXTERIOR;CMA CGM DO BRASIL;EXPRESS BRAZIL;Finalizado;CALCADOS BEIRA RIO S/A;SAPATOS;FCL;0;1;40 HIGH CUBE;2
EM0147-26;SSZ1745122;11/02/2026 11:48;01/03/2026;28/03/2026;IMBITUBA;POINTE-A-PITRE;MAPPER LOGISTICA DE COMERCIO EXTERIOR;CMA CGM DO BRASIL;EXPRESS BRAZIL;Finalizado;CALCADOS BEIRA RIO S/A;SAPATOS;FCL;0;1;40 HIGH CUBE;2
EM0148-26;SSZ1745122;11/02/2026 11:52;01/03/2026;28/03/2026;IMBITUBA;POINTE-A-PITRE;MAPPER LOGISTICA DE COMERCIO EXTERIOR;CMA CGM DO BRASIL;EXPRESS BRAZIL;Finalizado;CALCADOS BEIRA RIO S/A;SAPATOS;FCL;0;1;40 HIGH CUBE;2
EM0149-26;SSZ1745122;11/02/2026 11:56;01/03/2026;28/03/2026;IMBITUBA;POINTE-A-PITRE;MAPPER LOGISTICA DE COMERCIO EXTERIOR;CMA CGM DO BRASIL;EXPRESS BRAZIL;Finalizado;CALCADOS BEIRA RIO S/A;SAPATOS;FCL;0;1;40 HIGH CUBE;2
EM0150-26;SSZ1745122;11/02/2026 13:55;01/03/2026;28/03/2026;IMBITUBA;POINTE-A-PITRE;MAPPER LOGISTICA DE COMERCIO EXTERIOR;CMA CGM DO BRASIL;EXPRESS BRAZIL;Finalizado;A. GRINGS S.A.;SAPATOS;FCL;0;1;40 HIGH CUBE;2
EM0151-26;6445250290;11/02/2026 14:12;08/03/2026;12/04/2026;PARANAGUA;SANTO TOMAS DE CASTILLA;ARAUCO INDUSTRIA DE PAINEIS S.A. - PIEN;COSCO SHIPPING;ALESSIA;Finalizado;ARAUCO INDUSTRIA DE PAINEIS S.A. - PIEN;MADEIRA;FCL;0;1;40 HIGH CUBE;2
EM0152-26;SAOA06256500;11/02/2026 15:44;11/04/2026;22/06/2026;RIO GRANDE;NHAVA SHEVA;CRESCERE GESTAO DE NEGOCIOS LTDA;HYUNDAI;HMM IVY;Finalizado;VLP COMERCIAL EXPORTADORA E IMPORTADORA LTDA;MADEIRA;FCL;0;1;40 HIGH CUBE;2
EM0153-26;6445355800;12/02/2026 14:32;28/02/2026;21/03/2026;PARANAGUA;CARTAGENA, CO;ARAUCO INDUSTRIA DE PAINEIS S.A. - PIEN;COSCO SHIPPING;CMA CGM RABELAIS;Finalizado;ARAUCO INDUSTRIA DE PAINEIS S.A. - PIEN;MADEIRA;FCL;0;3;40 HIGH CUBE;6
EM0154-26;2321492730;12/02/2026 16:32;25/02/2026;05/05/2026;PARANAGUA;DAKAR;SPEED LOG;OOCL;XIN CHANG SHA;Finalizado;ALLBRANDS INDUSTRIA DE ALIMENTOS S/A;ALIMENTOS EM GERAL;FCL;0;1;40 HIGH CUBE;2
EM0155-26;21937026;13/02/2026 08:46;20/02/2026;24/03/2026;ITAPOA;PORT EVERGLADES;FECULARIA ELDORADO LTDA;HAPAG LLOYD;MAERSK MONTE AZUL;Finalizado;FECULARIA ELDORADO LTDA;ALIMENTOS EM GERAL;FCL;0;1;40 HIGH CUBE;2
EM0156-26;SSZ1753552;13/02/2026 14:30;10/03/2026;02/04/2026;IMBITUBA;KINGSTON;INTERNATIONAL FOREST PRODUCTS;CMA CGM DO BRASIL;ALESSIA;Finalizado;BERNECK S.A. PAINEIS E SERRADOS;MADEIRA;FCL;0;2;40 HIGH CUBE;4
EM0157-26;SSZ1747246;13/02/2026 15:07;28/02/2026;25/03/2026;PARANAGUA;KINGSTON;INTERNATIONAL FOREST PRODUCTS;CMA CGM DO BRASIL;CMA CGM RABELAIS;Finalizado;COMPENSADOS NOVO MILENIO LTDA;MADEIRA;FCL;0;5;40 HIGH CUBE;10
EM0158-26;ZIMUITJ8053072;16/02/2026 08:23;02/03/2026;27/03/2026;PARANAGUA;ALTAMIRA;GRUPO FORESTAL IND. MEXICANO CORPORATIVO;ZIM;ZIM BALTIMORE;Finalizado;MIRALUZ IND E COM DE MADEIRAS LTDA;MADEIRA;FCL;0;6;40 HIGH CUBE;12
EM0159-26;22639548;18/02/2026 10:03;08/03/2026;26/03/2026;PECEM;PORT EVERGLADES;KCE LOGISTICS USA;HAPAG LLOYD;MAERSK MONTE ALEGRE;Finalizado;PARAIPABA AGROINDUSTRIAL LTDA;AGUA DE COCO;FCL;0;1;40 HIGH CUBE;2
EM0160-26;266322981;18/02/2026 11:15;02/05/2026;28/05/2026;PARANAGUA;PUERTO CABELLO;RDF COMERCIO EXTERIOR E ARMAZENS GERAIS LTDA;MAERSK LINE;MSC MAGNUM VII;Finalizado;LABORATORIOS CALBOS LTDA;CARGA PERIGOSA;FCL;0;1;40 HIGH CUBE;2
EM0161-26;SAOG08116400;18/02/2026 14:42;06/03/2026;29/03/2026;ITAJAI;ALTAMIRA;GRUPO FORESTAL IND. MEXICANO CORPORATIVO;ONE - OCEAN NETWORK EXPRESS;MSC PHOENIX;Finalizado;SÃO CAETANO IND. DE LAM. E COMPENSADOS LTDA;LUMBER;FCL;0;8;40 HIGH CUBE;16
EM0162-26;ZIMUITJ8053099;18/02/2026 14:59;14/03/2026;10/04/2026;NAVEGANTES;ALTAMIRA;GRUPO FORESTAL IND. MEXICANO CORPORATIVO;ZIM;MELINA;Finalizado;SÃO CAETANO IND. DE LAM. E COMPENSADOS LTDA;MADEIRA;FCL;0;8;40 HIGH CUBE;16
EM0164-26;266322691;18/02/2026 15:22;13/03/2026;01/01/2025;PARANAGUA;PUERTO CABELLO;RDF COMERCIO EXTERIOR E ARMAZENS GERAIS LTDA;MAERSK LINE;MAERSK PANGANI;Cancelado;LABORATORIOS CALBOS LTDA;;FCL;0;2;40 HIGH CUBE;4
EM0165-26;266377738;18/02/2026 15:58;27/02/2026;01/04/2026;PARANAGUA;LA GUAIRA;LAREDO TRADING, C.A;MAERSK LINE;MAERSK CHACHAI;Finalizado;INDUSTRIA DE COMPENSADOS SUDATI LTDA (0003-09 - SUV);MADEIRA;FCL;0;1;40 HIGH CUBE;2
EM0167-26;266575685;18/02/2026 17:00;05/03/2026;12/04/2026;ITAPOA;LOS ANGELES;MMCITE BR INDUSTRIA E COMERCIO DE MOBILIARIO URBANO LTDA;MAERSK LINE;MSC MAGNUM VII;Finalizado;MMCITE BR INDUSTRIA E COMERCIO DE MOBILIARIO URBANO LTDA;CARGA GERAL NAO PERIGOSA;FCL;1;0;20 DRY BOX;1
EM0168-26;266507781;19/02/2026 09:40;27/02/2026;09/04/2026;PARANAGUA;PARAMARIBO;FERNANDES INDUSTRIAL SERVICE;MAERSK LINE;MAERSK CHACHAI;Finalizado;CONTITECH DO BRASIL PRODUTOS AUTOMOTIVOS E IND.;RUBBER BELTS;FCL;0;1;40 OPEN TOP;2
EM0169-26;266507787;19/02/2026 09:54;27/02/2026;09/04/2026;PARANAGUA;PARAMARIBO;FERNANDES INDUSTRIAL SERVICE;MAERSK LINE;MAERSK CHACHAI;Finalizado;CONTITECH DO BRASIL PRODUTOS AUTOMOTIVOS E IND.;RUBBER BELTS;FCL;0;1;40 OPEN TOP;2
EM0170-26;241ISZ2532460;19/02/2026 16:23;02/03/2026;02/04/2026;SANTOS;GENOA;MAPPER LOGISTICA DE COMERCIO EXTERIOR;MSC MEDITERRANEO;COPIAPO;Finalizado;CALCADOS FURLANETTO LTDA;SAPATOS;FCL;0;1;40 HIGH CUBE;2
EM0171-26;241ISZ2532460;19/02/2026 16:36;02/03/2026;02/04/2026;SANTOS;GENOA;MAPPER LOGISTICA DE COMERCIO EXTERIOR;MSC MEDITERRANEO;COPIAPO;Finalizado;CALCADOS FURLANETTO LTDA;SAPATOS;FCL;0;1;40 HIGH CUBE;2
EM0172-26;241ISZ2532460;19/02/2026 16:37;02/03/2026;02/04/2026;SANTOS;GENOA;MAPPER LOGISTICA DE COMERCIO EXTERIOR;MSC MEDITERRANEO;COPIAPO;Finalizado;PASSOS DA MODA LTDA;SAPATOS;FCL;0;1;40 HIGH CUBE;2
EM0173-26;6445609790;19/02/2026 16:50;08/03/2026;07/05/2026;PARANAGUA;BOSTON;INTERNATIONAL FOREST PRODUCTS;COSCO SHIPPING;ALESSIA;Finalizado;GUARAETA COMPENSADOS LTDA;MADEIRA;FCL;0;5;40 HIGH CUBE;10
EM0175-26;SSZ1749903;19/02/2026 17:29;03/03/2026;19/04/2026;IMBITUBA;LIRQUEN;TF COMERCIAL EXPORTADORA LTDA;CMA CGM DO BRASIL;CMA CGM RABELAIS;Finalizado;TF COMERCIAL EXPORTADORA LTDA;MADEIRA;FCL;0;3;40 HIGH CUBE;6
EM0177-26;51395969;19/02/2026 17:35;06/03/2026;02/04/2026;RIO DE JANEIRO;DAKAR;AB TRADING COMMODITIES LTDA;HAPAG LLOYD;XIAMEN EXPRESS;Finalizado;SAFRA NOVA COMERCIO E EXPORTACAO DE CAFE E CEREAIS LTDA;CAFÉ;FCL;2;0;20 DRY BOX;2
EM0178-26;30797336;19/02/2026 17:37;06/03/2026;02/04/2026;RIO DE JANEIRO;DAKAR;AB TRADING COMMODITIES LTDA;HAPAG LLOYD;XIAMEN EXPRESS;Finalizado;SAFRA NOVA COMERCIO E EXPORTACAO DE CAFE E CEREAIS LTDA;CAFÉ;FCL;2;0;20 DRY BOX;2
EM0179-26;SSZ1750055;19/02/2026 17:39;15/03/2026;08/04/2026;PARANAGUA;KINGSTON;INTERNATIONAL FOREST PRODUCTS;CMA CGM DO BRASIL;HANS SCHULTE;Finalizado;COMPENSADOS NOVO MILENIO LTDA;MADEIRA;FCL;0;5;40 HIGH CUBE;10
EM0180-26;6445617110;20/02/2026 09:08;08/03/2026;07/05/2026;PARANAGUA;BOSTON;INTERNATIONAL FOREST PRODUCTS;COSCO SHIPPING;ALESSIA;Finalizado;GUARAETA COMPENSADOS LTDA;MADEIRA;FCL;0;5;40 HIGH CUBE;10
EM0181-26;6445609630;20/02/2026 10:33;28/02/2026;29/03/2026;PARANAGUA;BUENAVENTURA;SANTA MARIA CIA DE PAPEL E CELULOSE;COSCO SHIPPING;CMA CGM RABELAIS;Finalizado;SANTA MARIA CIA DE PAPEL E CELULOSE;MAQUINARIOS;FCL;0;1;40 HIGH CUBE;2
EM0183-26;6445702870;23/02/2026 09:14;12/03/2026;29/04/2026;PARANAGUA;LISBOA;FECULARIA ELDORADO LTDA;COSCO SHIPPING;SEATTLE C;Finalizado;FECULARIA ELDORADO LTDA;ALIMENTOS EM GERAL;FCL;1;0;20 DRY BOX;1
EM0184-26;SAOG09025400;23/02/2026 11:03;15/03/2026;06/04/2026;PARANAGUA;ALTAMIRA;GRUPO FORESTAL IND. MEXICANO CORPORATIVO;ONE - OCEAN NETWORK EXPRESS;JAZAN;Finalizado;PINUSBRAS EXPORTACAO DE MADEIRA LTDA;LUMBER;FCL;0;4;40 HIGH CUBE;8
EM0185-26;SAOG09010500;23/02/2026 12:14;07/03/2026;29/03/2026;PARANAGUA;ALTAMIRA;GRUPO FORESTAL IND. MEXICANO CORPORATIVO;ONE - OCEAN NETWORK EXPRESS;MSC PHOENIX;Finalizado;PINUSTAN INDUSTRIA E COMERCIO DE MADEIRAS LTDA;LUMBER;FCL;0;2;40 HIGH CUBE;4
EM0186-26;6445713270;23/02/2026 14:48;18/03/2026;26/04/2026;IMBITUBA;GEORGETOWN, GY;MANOEL MARCHETTI;COSCO SHIPPING;HANS SCHULTE;Finalizado;MANOEL MARCHETTI;MADEIRA;FCL;0;1;40 HIGH CUBE;2
EM0189-26;6445706580;23/02/2026 16:47;08/03/2026;24/04/2026;PARANAGUA;BUENAVENTURA;ARAUCO INDUSTRIA DE PAINEIS S.A. - PIEN;COSCO SHIPPING;ALESSIA;Finalizado;ARAUCO INDUSTRIA DE PAINEIS S.A. - PIEN;MADEIRA;FCL;0;3;40 HIGH CUBE;6
EM0190-26;6445714290;23/02/2026 16:51;08/03/2026;24/04/2026;PARANAGUA;BUENAVENTURA;ARAUCO INDUSTRIA DE PAINEIS S.A. - PIEN;COSCO SHIPPING;ALESSIA;Finalizado;ARAUCO INDUSTRIA DE PAINEIS S.A. - PIEN;MADEIRA;FCL;0;5;40 HIGH CUBE;10
EM0191-26;93116263;24/02/2026 08:51;14/03/2026;05/05/2026;RIO GRANDE;LISBOA;MAPPER LOGISTICA DE COMERCIO EXTERIOR;HAPAG LLOYD;CZECH;Finalizado;CALCADOS MARTE LTDA;SAPATOS;FCL;1;1;20 DRY BOX, 40 HIGH CUBE;3
EM0192-26;ZIMUMVD8017087;24/02/2026 13:57;16/03/2026;18/04/2026;MONTEVIDEO;ALTAMIRA;GRUPO FORESTAL IND. MEXICANO CORPORATIVO;ZIM;ZIM IBERIA;Finalizado;IMNSUR LTDA;MADEIRA;FCL;0;7;40 HIGH CUBE;14
EM0193-26;ZIMUMVD8017076;24/02/2026 14:02;10/03/2026;09/04/2026;MONTEVIDEO;ALTAMIRA;GRUPO FORESTAL IND. MEXICANO CORPORATIVO;ZIM;MELINA;Finalizado;IMNSUR LTDA;MADEIRA;FCL;0;10;40 HIGH CUBE;20
EM0194-26;55020736;24/02/2026 15:14;04/04/2026;24/04/2026;ITAPOA;NEW YORK;PLYLOG;HAPAG LLOYD;WIELAND;Finalizado;INDUSTRIA DE COMPENSADOS GUARARAPES LTDA;MADEIRA;FCL;0;10;40 HIGH CUBE;20
EM0195-26;11421322;24/02/2026 15:19;04/04/2026;25/04/2026;ITAPOA;NEW YORK;PLYLOG;HAPAG LLOYD;WIELAND;Finalizado;INDUSTRIA DE COMPENSADOS GUARARAPES LTDA;MADEIRA;FCL;0;10;40 HIGH CUBE;20
EM0196-26;29313277;24/02/2026 15:21;04/04/2026;25/04/2026;ITAPOA;NEW YORK;PLYLOG;HAPAG LLOYD;WIELAND;Finalizado;INDUSTRIA DE COMPENSADOS GUARARAPES LTDA;MADEIRA;FCL;0;10;40 HIGH CUBE;20
EM0197-26;92858415;24/02/2026 15:23;07/03/2026;25/03/2026;ITAPOA;NEW YORK;PLYLOG;HAPAG LLOYD;RDO FORTUNE;Finalizado;INDUSTRIA DE COMPENSADOS GUARARAPES LTDA;MADEIRA;FCL;0;10;40 HIGH CUBE;20
EM0198-26;32344009;24/02/2026 15:25;07/03/2026;25/03/2026;ITAPOA;NEW YORK;PLYLOG;HAPAG LLOYD;RDO FORTUNE;Finalizado;INDUSTRIA DE COMPENSADOS GUARARAPES LTDA;MADEIRA;FCL;0;10;40 HIGH CUBE;20
EM0200-26;6442500150;24/02/2026 15:57;08/03/2026;28/03/2026;PARANAGUA;CARTAGENA, CO;FECULARIA ELDORADO LTDA;COSCO SHIPPING;ALESSIA;Finalizado;FECULARIA ELDORADO LTDA;ALIMENTOS EM GERAL;FCL;0;5;40 HIGH CUBE;10
EM0201-26;17193009;24/02/2026 16:37;14/03/2026;15/04/2026;RIO GRANDE;ALGECIRAS;MAPPER LOGISTICA DE COMERCIO EXTERIOR;HAPAG LLOYD;CZECH;Finalizado;LOGX AGENCIAMENTO DE CARGAS LTDA;SAPATOS;FCL;0;1;40 DRY BOX;2
EM0203-26;6445834120;24/02/2026 16:55;09/03/2026;04/04/2026;RIO DE JANEIRO;FELIXSTOWE;MELBRAS IMPORTADORA E EXPORTADORA AGROINDUSTRIA LTDA;COSCO SHIPPING;NAVIOS DOMINO;Finalizado;MELBRAS IMPORTADORA E EXPORTADORA AGROINDUSTRIA LTDA;MEL;FCL;2;0;20 DRY BOX;2
EM0204-26;SAOG09538600;24/02/2026 17:50;29/03/2026;20/04/2026;PARANAGUA;ALTAMIRA;GRUPO FORESTAL IND. MEXICANO CORPORATIVO;ONE - OCEAN NETWORK EXPRESS;CAPE PIONEER;Finalizado;PINUSTAN INDUSTRIA E COMERCIO DE MADEIRAS LTDA;LUMBER;FCL;0;2;40 HIGH CUBE;4
EM0205-26;6445831810;25/02/2026 08:33;15/03/2026;07/05/2026;PARANAGUA;BOSTON;INTERNATIONAL FOREST PRODUCTS;COSCO SHIPPING;HANS SCHULTE;Finalizado;GUARAETA COMPENSADOS LTDA;MADEIRA;FCL;0;5;40 HIGH CUBE;10
EM0206-26;6445831880;25/02/2026 08:38;24/03/2026;07/05/2026;PARANAGUA;BOSTON;INTERNATIONAL FOREST PRODUCTS;COSCO SHIPPING;CMA CGM SAMBHAR;Finalizado;GUARAETA COMPENSADOS LTDA;MADEIRA;FCL;0;5;40 HIGH CUBE;10
EM0207-26;EBKG15934750;25/02/2026 09:03;06/03/2026;22/06/2026;ASUNCION;SEATTLE;M. A. COMISSARIA;MSC MEDITERRANEO;GUARAN F;Finalizado;IRUNA S.A.I.C.;MADEIRA;FCL;0;1;40 HIGH CUBE;2
EM0208-26;EBKG15934822;25/02/2026 09:06;06/03/2026;22/06/2026;ASUNCION;SEATTLE;M. A. COMISSARIA;MSC MEDITERRANEO;VICKY B;Finalizado;IRUNA S.A.I.C.;MADEIRA;FCL;0;1;40 HIGH CUBE;2
EM0209-26;EBKG15934878;25/02/2026 09:07;22/03/2026;09/06/2026;ASUNCION;SEATTLE;M. A. COMISSARIA;MSC MEDITERRANEO;GUARAN F;Finalizado;IRUNA S.A.I.C.;MADEIRA;FCL;0;1;40 HIGH CUBE;2
EM0210-26;EBKG15934993;25/02/2026 09:09;06/03/2026;22/06/2026;ASUNCION;SEATTLE;M. A. COMISSARIA;MSC MEDITERRANEO;;Finalizado;IRUNA S.A.I.C.;MADEIRA;FCL;0;1;40 HIGH CUBE;2
EM0211-26;EBKG15935103;25/02/2026 09:10;22/03/2026;10/06/2026;ASUNCION;SEATTLE;M. A. COMISSARIA;MSC MEDITERRANEO;GUARAN F;Finalizado;IRUNA S.A.I.C.;MADEIRA;FCL;0;1;40 HIGH CUBE;2
EM0212-26;EBKG15935104;25/02/2026 09:11;29/03/2026;22/06/2026;ASUNCION;SEATTLE;M. A. COMISSARIA;MSC MEDITERRANEO;GUARAN F;Finalizado;IRUNA S.A.I.C.;MADEIRA;FCL;0;1;40 HIGH CUBE;2
EM0213-26;266796032;25/02/2026 11:39;22/04/2026;22/05/2026;RIO GRANDE;DAKAR;BIOPRODUTOS BRASILEIROS NEGÓCIOS INTERNACIONAIS LTDA – ME;MAERSK LINE;MAERSK LANCO;Cancelado;BIOPRODUTOS BRASILEIROS NEGÓCIOS INTERNACIONAIS LTDA – ME;MADEIRA;FCL;0;1;40 HIGH CUBE;2
EM0214-26;266799613;25/02/2026 14:15;23/03/2026;20/04/2026;SANTOS;PIRAEUS;CUSTOMS SOLUTION EUROPEAN COMMUNITY SERVICES SINGLE MEMBER S.A.;MAERSK LINE;CMA CGM LISA MARIE;Finalizado;NKG STOCKLER;COFFEE;FCL;2;0;20 DRY BOX;2
EM0215-26;17193009;25/02/2026 14:30;14/03/2026;15/04/2026;RIO GRANDE;ALGECIRAS;MAPPER LOGISTICA DE COMERCIO EXTERIOR;HAPAG LLOYD;CZECH;Finalizado;CALCADOS RAMARIM LTDA;SAPATOS;FCL;0;1;40 DRY BOX;2
EM0216-26;17193009;25/02/2026 14:30;14/03/2026;16/04/2026;RIO GRANDE;ALGECIRAS;MAPPER LOGISTICA DE COMERCIO EXTERIOR;HAPAG LLOYD;CZECH;Finalizado;CALCADOS MARTE LTDA;SAPATOS;FCL;0;1;40 DRY BOX;2
EM0217-26;17193009;25/02/2026 14:31;14/03/2026;15/04/2026;RIO GRANDE;ALGECIRAS;MAPPER LOGISTICA DE COMERCIO EXTERIOR;HAPAG LLOYD;CZECH;Finalizado;TERRA E AGUA INDUSTRIA DE CALCADOS S/A EM RECUPERACAO JUDICIAL;SAPATOS;FCL;0;1;40 DRY BOX;2
EM0218-26;ZIMUITJ8053223;25/02/2026 16:01;24/03/2026;11/04/2026;PARANAGUA;KINGSTON;TEX SHIPPING LTDA;ZIM;ZIM IBERIA;Finalizado;TEX SHIPPING LTDA;MADEIRA;FCL;0;5;40 HIGH CUBE;10
EM0219-26;ZIMUPGU8025329;25/02/2026 16:03;06/04/2026;23/04/2026;PARANAGUA;KINGSTON;TEX SHIPPING LTDA;ZIM;SPYROS V;Finalizado;TEX SHIPPING LTDA;MADEIRA;FCL;0;9;40 HIGH CUBE;18
EM0220-26;6445944480;25/02/2026 16:08;10/03/2026;05/04/2026;IMBITUBA;PORT AU PRINCE;MANOEL MARCHETTI;COSCO SHIPPING;ALESSIA;Finalizado;MANOEL MARCHETTI;MADEIRA;FCL;0;2;40 HIGH CUBE;4
EM0221-26;EBKG15988402;25/02/2026 16:18;02/04/2026;13/05/2026;PARANAGUA;BALTIMORE;M. A. COMISSARIA;MSC MEDITERRANEO;MSC VANCOUVER;Finalizado;IRUNA S.A.I.C.;;FCL;0;1;40 HIGH CUBE;2
EM0222-26;EBKG15988799;25/02/2026 16:55;02/04/2026;13/05/2026;PARANAGUA;BALTIMORE;M. A. COMISSARIA;MSC MEDITERRANEO;MSC VANCOUVER;Finalizado;IRUNA S.A.I.C.;;FCL;0;1;40 HIGH CUBE;2
EM0223-26;SSZ1752702;25/02/2026 17:38;29/03/2026;21/04/2026;PARANAGUA;KINGSTON;INTERNATIONAL FOREST PRODUCTS;CMA CGM DO BRASIL;CMA CGM FRANCOISE SAGAN;Finalizado;COMPENSADOS NOVO MILENIO LTDA;MADEIRA;FCL;0;7;40 HIGH CUBE;14
EM0224-26;SSZ1752882;25/02/2026 18:17;15/03/2026;30/04/2026;PARANAGUA;CAUCEDO;COMEX APOIO ADMINISTRATIVO LTDA;CMA CGM DO BRASIL;HANS SCHULTE;Finalizado;SM MADEIRAS LTDA (0001-63);MADEIRA;FCL;0;3;40 HIGH CUBE;6
EM0225-26;SSZ1752728;25/02/2026 18:22;29/03/2026;21/04/2026;PARANAGUA;KINGSTON;INTERNATIONAL FOREST PRODUCTS;CMA CGM DO BRASIL;CMA CGM FRANCOISE SAGAN;Finalizado;COMPENSADOS NOVO MILENIO LTDA;MADEIRA;FCL;0;5;40 HIGH CUBE;10
EM0226-26;2321967140;26/02/2026 10:52;12/03/2026;28/04/2026;PARANAGUA;FELIXSTOWE;MASTER COMERCIO EXTERIOR LTDA.;OOCL;SEATTLE C;Finalizado;SOUTH SERVICE TRADING SA;MADEIRA;FCL;0;1;40 HIGH CUBE;2
EM0227-26;SSZ1752314;26/02/2026 11:36;29/03/2026;13/05/2026;PARANAGUA;CAUCEDO;INTERNATIONAL FOREST PRODUCTS;CMA CGM DO BRASIL;CMA CGM FRANCOISE SAGAN;Finalizado;COMPENSA IND E COM DE COMPENSADOS LTDA;MADEIRA;FCL;0;3;40 HIGH CUBE;6
EM0228-26;ZIMUPGU8025365;26/02/2026 14:10;16/03/2026;10/04/2026;PARANAGUA;ALTAMIRA;GRUPO FORESTAL IND. MEXICANO CORPORATIVO;ZIM;MELINA;Finalizado;INDUSTRIA DE COMPENSADOS GUARARAPES LTDA;MADEIRA;FCL;0;5;40 HIGH CUBE;10
EM0229-26;ZIMUPGU8025366;26/02/2026 14:17;30/03/2026;23/04/2026;PARANAGUA;ALTAMIRA;GRUPO FORESTAL IND. MEXICANO CORPORATIVO;ZIM;LONCOMILLA;Finalizado;INDUSTRIA DE COMPENSADOS GUARARAPES LTDA;MADEIRA;FCL;0;5;40 HIGH CUBE;10
EM0230-26;ZIMUPGU8025364;26/02/2026 14:22;30/03/2026;23/04/2026;PARANAGUA;ALTAMIRA;GRUPO FORESTAL IND. MEXICANO CORPORATIVO;ZIM;LONCOMILLA;Finalizado;INDUSTRIA DE COMPENSADOS GUARARAPES LTDA;MADEIRA;FCL;0;5;40 HIGH CUBE;10
EM0231-26;94504037;26/02/2026 14:42;15/03/2026;06/04/2026;PARANAGUA;ALTAMIRA;GRUPO FORESTAL IND. MEXICANO CORPORATIVO;HAPAG LLOYD;JAZAN;Finalizado;INDUSTRIA DE COMPENSADOS GUARARAPES LTDA;MADEIRA;FCL;0;5;40 HIGH CUBE;10
EM0232-26;SSZ1753219;26/02/2026 15:08;29/03/2026;19/04/2026;PARANAGUA;KINGSTON;INTERNATIONAL FOREST PRODUCTS;CMA CGM DO BRASIL;CMA CGM FRANCOISE SAGAN;Cancelado;PLACA COMERCIO DE MADEIRAS E COMPENSADOS LTDA;MADEIRA;FCL;0;2;40 HIGH CUBE;4
EM0233-26;SSZ1753216;26/02/2026 15:15;29/03/2026;21/04/2026;PARANAGUA;KINGSTON;INTERNATIONAL FOREST PRODUCTS;CMA CGM DO BRASIL;CMA CGM FRANCOISE SAGAN;Finalizado;PLACA COMERCIO DE MADEIRAS E COMPENSADOS LTDA;MADEIRA;FCL;0;5;40 HIGH CUBE;10
EM0235-26;SSZ1752779;26/02/2026 15:29;25/03/2026;14/05/2026;IMBITUBA;LIRQUEN;TF COMERCIAL EXPORTADORA LTDA;CMA CGM DO BRASIL;CMA CGM SAMBHAR;Finalizado;TF COMERCIAL EXPORTADORA LTDA;MADEIRA;FCL;0;2;40 HIGH CUBE;4
EM0236-26;SSZ1753339;26/02/2026 17:51;29/03/2026;21/04/2026;PARANAGUA;KINGSTON;INTERNATIONAL FOREST PRODUCTS;CMA CGM DO BRASIL;CMA CGM FRANCOISE SAGAN;Finalizado;PLACA COMERCIO DE MADEIRAS E COMPENSADOS LTDA;MADEIRA;FCL;0;5;40 HIGH CUBE;10
EM0238-26;SSZ1753366;26/02/2026 18:23;29/03/2026;13/05/2026;PARANAGUA;CAUCEDO;INTERNATIONAL FOREST PRODUCTS;CMA CGM DO BRASIL;CMA CGM FRANCOISE SAGAN;Finalizado;LEVEL IMPORTACAO, EXPORTACAO E COMERCIO S/A;MADEIRA;FCL;0;3;40 HIGH CUBE;6
EM0239-26;SSZ1753418;27/02/2026 09:51;29/03/2026;13/05/2026;PARANAGUA;CAUCEDO;INTERNATIONAL FOREST PRODUCTS;CMA CGM DO BRASIL;CMA CGM FRANCOISE SAGAN;Finalizado;SENBRA INDUSTRIA E COMERCIO DE MADEIRAS LTDA;MADEIRA;FCL;0;2;40 HIGH CUBE;4
EM0241-26;SSZ1753687;27/02/2026 10:29;10/03/2026;04/05/2026;IMBITUBA;LIRQUEN;TF COMERCIAL EXPORTADORA LTDA;CMA CGM DO BRASIL;ALESSIA;Finalizado;TF COMERCIAL EXPORTADORA LTDA;MADEIRA;FCL;0;3;40 HIGH CUBE;6
EM0242-26;26466879;27/02/2026 14:45;28/03/2026;14/04/2026;ITAPOA;NEW YORK;PLYLOG;HAPAG LLOYD;MAERSK FRANKFURT;Finalizado;INDUSTRIA DE COMPENSADOS GUARARAPES LTDA;MADEIRA;FCL;0;10;40 HIGH CUBE;20
EM0243-26;20971590;27/02/2026 14:47;04/04/2026;25/04/2026;ITAPOA;NEW YORK;PLYLOG;HAPAG LLOYD;WIELAND;Finalizado;INDUSTRIA DE COMPENSADOS GUARARAPES LTDA;MADEIRA;FCL;0;10;40 HIGH CUBE;20
EM0244-26;33078617;27/02/2026 14:55;28/03/2026;14/04/2026;ITAPOA;NEW YORK;PLYLOG;HAPAG LLOYD;MAERSK FRANKFURT;Finalizado;INDUSTRIA DE COMPENSADOS GUARARAPES LTDA;MADEIRA;FCL;0;10;40 HIGH CUBE;20
EM0245-26;25595050;27/02/2026 14:56;04/04/2026;25/04/2026;ITAPOA;NEW YORK;PLYLOG;HAPAG LLOYD;WIELAND;Finalizado;INDUSTRIA DE COMPENSADOS GUARARAPES LTDA;MADEIRA;FCL;0;10;40 HIGH CUBE;20
EM0246-26;93445808;27/02/2026 15:07;04/04/2026;25/04/2026;ITAPOA;NEW YORK;PLYLOG;HAPAG LLOYD;WIELAND;Finalizado;INDUSTRIA DE COMPENSADOS GUARARAPES LTDA;MADEIRA;FCL;0;10;40 HIGH CUBE;20
EM0247-26;17774139;27/02/2026 15:08;24/04/2026;11/05/2026;ITAPOA;NEW YORK;PLYLOG;HAPAG LLOYD;MAERSK MONTE ALEGRE;Finalizado;INDUSTRIA DE COMPENSADOS GUARARAPES LTDA;MADEIRA;FCL;0;10;40 HIGH CUBE;20
EM0248-26;94629462;27/02/2026 15:12;04/04/2026;25/04/2026;ITAPOA;NEW YORK;PLYLOG;HAPAG LLOYD;WIELAND;Finalizado;INDUSTRIA DE COMPENSADOS GUARARAPES LTDA;MADEIRA;FCL;0;5;40 HIGH CUBE;10
EM0249-26;35240971;27/02/2026 15:13;04/04/2026;25/04/2026;ITAPOA;NEW YORK;PLYLOG;HAPAG LLOYD;WIELAND;Finalizado;INDUSTRIA DE COMPENSADOS GUARARAPES LTDA;MADEIRA;FCL;0;5;40 HIGH CUBE;10
EM0250-26;22661204;27/02/2026 15:14;04/04/2026;25/04/2026;ITAPOA;NEW YORK;PLYLOG;HAPAG LLOYD;WIELAND;Finalizado;INDUSTRIA DE COMPENSADOS GUARARAPES LTDA;MADEIRA;FCL;0;5;40 HIGH CUBE;10
EM0251-26;19909933;27/02/2026 15:17;02/05/2026;18/05/2026;ITAPOA;NEW YORK;PLYLOG;HAPAG LLOYD;RDO FORTUNE;Finalizado;INDUSTRIA DE COMPENSADOS GUARARAPES LTDA;MADEIRA;FCL;0;5;40 HIGH CUBE;10
EM0252-26;75273991;27/02/2026 15:19;04/04/2026;25/04/2026;ITAPOA;NEW YORK;PLYLOG;HAPAG LLOYD;WIELAND;Finalizado;INDUSTRIA DE COMPENSADOS GUARARAPES LTDA;MADEIRA;FCL;0;5;40 HIGH CUBE;10
EM0253-26;37899870;27/02/2026 15:20;17/05/2026;02/06/2026;ITAPOA;NEW YORK;PLYLOG;HAPAG LLOYD;MAERSK FRANKFURT;Finalizado;INDUSTRIA DE COMPENSADOS GUARARAPES LTDA;MADEIRA;FCL;0;3;40 HIGH CUBE;6
EM0254-26;37118983;27/02/2026 15:23;04/04/2026;25/04/2026;ITAPOA;NEW YORK;PLYLOG;HAPAG LLOYD;WIELAND;Finalizado;INDUSTRIA DE COMPENSADOS GUARARAPES LTDA;MADEIRA;FCL;0;10;40 HIGH CUBE;20
EM0255-26;90095199;27/02/2026 15:25;04/04/2026;25/04/2026;ITAPOA;NEW YORK;PLYLOG;HAPAG LLOYD;WIELAND;Finalizado;INDUSTRIA DE COMPENSADOS GUARARAPES LTDA;MADEIRA;FCL;0;10;40 HIGH CUBE;20
EM0257-26;93940112;27/02/2026 15:28;17/04/2026;05/05/2026;ITAPOA;NEW YORK;PLYLOG;HAPAG LLOYD;MAERSK MONTE AZUL;Finalizado;INDUSTRIA DE COMPENSADOS GUARARAPES LTDA;MADEIRA;FCL;0;10;40 HIGH CUBE;20
EM0258-26;38074933;27/02/2026 15:29;04/04/2026;25/04/2026;ITAPOA;NEW YORK;PLYLOG;HAPAG LLOYD;WIELAND;Finalizado;INDUSTRIA DE COMPENSADOS GUARARAPES LTDA;MADEIRA;FCL;0;10;40 HIGH CUBE;20
EM0259-26;28941296;27/02/2026 15:31;04/04/2026;25/04/2026;ITAPOA;NEW YORK;PLYLOG;HAPAG LLOYD;WIELAND;Finalizado;INDUSTRIA DE COMPENSADOS GUARARAPES LTDA;MADEIRA;FCL;0;10;40 HIGH CUBE;20
EM0261-26;94097514;27/02/2026 15:34;17/04/2026;05/05/2026;ITAPOA;NEW YORK;PLYLOG;HAPAG LLOYD;MAERSK MONTE AZUL;Finalizado;INDUSTRIA DE COMPENSADOS GUARARAPES LTDA;MADEIRA;FCL;0;10;40 HIGH CUBE;20
EM0262-26;94566078;27/02/2026 15:36;02/05/2026;18/05/2026;ITAPOA;NEW YORK;PLYLOG;HAPAG LLOYD;RDO FORTUNE;Finalizado;INDUSTRIA DE COMPENSADOS GUARARAPES LTDA;MADEIRA;FCL;0;10;40 HIGH CUBE;20
EM0268-26;27643558;27/02/2026 15:43;12/04/2026;01/05/2026;ITAPOA;NEW YORK;PLYLOG;HAPAG LLOYD;MAERSK FREEPORT;Finalizado;INDUSTRIA DE COMPENSADOS GUARARAPES LTDA;MADEIRA;FCL;0;10;40 HIGH CUBE;20
EM0270-26;27297768;27/02/2026 15:45;17/05/2026;02/06/2026;ITAPOA;NEW YORK;PLYLOG;HAPAG LLOYD;MAERSK FRANKFURT;Finalizado;INDUSTRIA DE COMPENSADOS GUARARAPES LTDA;MADEIRA;FCL;0;5;40 HIGH CUBE;10
EM0273-26;23637832;27/02/2026 15:47;12/04/2026;01/05/2026;ITAPOA;NEW YORK;PLYLOG;HAPAG LLOYD;MAERSK FREEPORT;Finalizado;INDUSTRIA DE COMPENSADOS GUARARAPES LTDA;MADEIRA;FCL;0;5;40 HIGH CUBE;10
EM0275-26;62658956;27/02/2026 15:48;17/05/2026;02/06/2026;ITAPOA;NEW YORK;PLYLOG;HAPAG LLOYD;MAERSK FRANKFURT;Finalizado;INDUSTRIA DE COMPENSADOS GUARARAPES LTDA;MADEIRA;FCL;0;5;40 HIGH CUBE;10
EM0277-26;39877175;27/02/2026 15:51;24/04/2026;11/05/2026;ITAPOA;NEW YORK;PLYLOG;HAPAG LLOYD;MAERSK MONTE ALEGRE;Finalizado;INDUSTRIA DE COMPENSADOS GUARARAPES LTDA;MADEIRA;FCL;0;10;40 HIGH CUBE;20
EM0279-26;63681078;27/02/2026 15:53;24/04/2026;11/05/2026;ITAPOA;NEW YORK;PLYLOG;HAPAG LLOYD;MAERSK MONTE ALEGRE;Finalizado;INDUSTRIA DE COMPENSADOS GUARARAPES LTDA;MADEIRA;FCL;0;10;40 HIGH CUBE;20
EM0281-26;20992661;27/02/2026 15:53;02/05/2026;18/05/2026;ITAPOA;NEW YORK;PLYLOG;HAPAG LLOYD;RDO FORTUNE;Finalizado;INDUSTRIA DE COMPENSADOS GUARARAPES LTDA;MADEIRA;FCL;0;10;40 HIGH CUBE;20
EM0282-26;29991588;27/02/2026 15:55;02/05/2026;18/05/2026;ITAPOA;NEW YORK;PLYLOG;HAPAG LLOYD;RDO FORTUNE;Finalizado;INDUSTRIA DE COMPENSADOS GUARARAPES LTDA;MADEIRA;FCL;0;10;40 HIGH CUBE;20
EM0283-26;20654412;27/02/2026 15:56;17/04/2026;05/05/2026;ITAPOA;NEW YORK;PLYLOG;HAPAG LLOYD;MAERSK MONTE AZUL;Finalizado;INDUSTRIA DE COMPENSADOS GUARARAPES LTDA;MADEIRA;FCL;0;5;40 HIGH CUBE;10
EM0284-26;94543768;27/02/2026 15:57;02/05/2026;18/05/2026;ITAPOA;NEW YORK;PLYLOG;HAPAG LLOYD;RDO FORTUNE;Finalizado;INDUSTRIA DE COMPENSADOS GUARARAPES LTDA;MADEIRA;FCL;0;10;40 HIGH CUBE;20
EM0287-26;32582759;27/02/2026 15:59;02/05/2026;18/05/2026;ITAPOA;NEW YORK;PLYLOG;HAPAG LLOYD;RDO FORTUNE;Finalizado;INDUSTRIA DE COMPENSADOS GUARARAPES LTDA;MADEIRA;FCL;0;10;40 HIGH CUBE;20
EM0289-26;69665311;27/02/2026 16:02;24/04/2026;11/05/2026;ITAPOA;NEW YORK;PLYLOG;HAPAG LLOYD;MAERSK MONTE ALEGRE;Finalizado;INDUSTRIA DE COMPENSADOS GUARARAPES LTDA;MADEIRA;FCL;0;5;40 HIGH CUBE;10
EM0288-26;32189473;27/02/2026 16:02;24/04/2026;11/05/2026;ITAPOA;NEW YORK;PLYLOG;HAPAG LLOYD;MAERSK MONTE ALEGRE;Finalizado;INDUSTRIA DE COMPENSADOS GUARARAPES LTDA;MADEIRA;FCL;0;5;40 HIGH CUBE;10
EM0290-26;64661035;27/02/2026 16:03;02/05/2026;18/05/2026;ITAPOA;NEW YORK;PLYLOG;HAPAG LLOYD;RDO FORTUNE;Finalizado;INDUSTRIA DE COMPENSADOS GUARARAPES LTDA;MADEIRA;FCL;0;5;40 HIGH CUBE;10
EM0292-26;23274840;27/02/2026 16:06;17/05/2026;02/06/2026;ITAPOA;NEW YORK;PLYLOG;HAPAG LLOYD;MAERSK FRANKFURT;Finalizado;INDUSTRIA DE COMPENSADOS GUARARAPES LTDA;MADEIRA;FCL;0;10;40 HIGH CUBE;20
EM0297-26;21478033;27/02/2026 16:11;02/05/2026;18/05/2026;ITAPOA;NEW YORK;PLYLOG;HAPAG LLOYD;RDO FORTUNE;Finalizado;INDUSTRIA DE COMPENSADOS GUARARAPES LTDA;MADEIRA;FCL;0;5;40 HIGH CUBE;10
EM0296-26;19404870;27/02/2026 16:11;17/05/2026;02/06/2026;ITAPOA;NEW YORK;PLYLOG;HAPAG LLOYD;MAERSK FRANKFURT;Finalizado;INDUSTRIA DE COMPENSADOS GUARARAPES LTDA;MADEIRA;FCL;0;5;40 HIGH CUBE;10
EM0298-26;266946477;27/02/2026 16:33;06/04/2026;03/06/2026;VITORIA (MARITIMO);ASHDOD;SEAWAY LOGISTICS LTDA;MAERSK LINE;LOG-IN PANTANAL;Finalizado;PBA SERVICOS E COMERCIO DE PEDRAS ORNAMENTAIS LTDA;MARMORE, GRANITO, PEDRAS;FCL;1;0;20 DRY BOX;1
EM0299-26;ZIMUITJ8053310;27/02/2026 16:34;30/03/2026;23/04/2026;NAVEGANTES;ALTAMIRA;GRUPO FORESTAL IND. MEXICANO CORPORATIVO;ZIM;LONCOMILLA;Finalizado;MADEIREIRA GRAMADOS LTDA;MADEIRA;FCL;0;2;40 HIGH CUBE;4
EM0300-26;ZIMUITJ8053308;27/02/2026 16:38;22/03/2026;18/04/2026;NAVEGANTES;ALTAMIRA;GRUPO FORESTAL IND. MEXICANO CORPORATIVO;ZIM;ZIM IBERIA;Finalizado;MADEIREIRA GRAMADOS LTDA;MADEIRA;FCL;0;2;40 HIGH CUBE;4
EM0301-26;2322496170;27/02/2026 16:49;16/03/2026;27/04/2026;RIO DE JANEIRO;FELIXSTOWE;MELBRAS IMPORTADORA E EXPORTADORA AGROINDUSTRIA LTDA;OOCL;SEATTLE C;Finalizado;MELBRAS IMPORTADORA E EXPORTADORA AGROINDUSTRIA LTDA;MEL;FCL;2;0;20 DRY BOX;2
EM0302-26;6446192420;27/02/2026 16:58;08/03/2026;28/03/2026;PARANAGUA;CARTAGENA, CO;FECULARIA ELDORADO LTDA;COSCO SHIPPING;ALESSIA;Finalizado;FECULARIA ELDORADO LTDA;ALIMENTOS EM GERAL;FCL;0;3;40 HIGH CUBE;6
EM0303-26;ZIMUITJ8055090;27/02/2026 17:04;21/07/2026;20/08/2026;NAVEGANTES;ALTAMIRA;GRUPO FORESTAL IND. MEXICANO CORPORATIVO;ZIM;FELIXSTOWE;Desembarcado;MADEIREIRA GRAMADOS LTDA;MADEIRA;FCL;0;3;40 HIGH CUBE;6
EM0304-26;26976405;27/02/2026 18:11;27/03/2026;21/04/2026;ITAJAI;ALTAMIRA;GRUPO FORESTAL IND. MEXICANO CORPORATIVO;HAPAG LLOYD;CAPE PIONEER;Finalizado;MADEIREIRA FABRICIO;MADEIRA;FCL;0;3;40 HIGH CUBE;6
EM0305-26;ZIMUSNT8108201;27/02/2026 18:20;18/03/2026;04/04/2026;SANTOS;KINGSTON;INTERNATIONAL FOREST PRODUCTS;ZIM;MELINA;Finalizado;ECTX S/A - EUCATEX;MADEIRA;FCL;0;5;40 HIGH CUBE;10
EM0306-26;SAO600122900;02/03/2026 09:15;28/03/2026;20/05/2026;NAVEGANTES;NHAVA SHEVA;DISAMTEX;PIL - PACIFIC INTERNATIONAL LINES;CMA CGM BAHIA;Finalizado;DISAMTEX;CARGA GERAL NAO PERIGOSA;FCL;1;0;20 DRY BOX;1
EM0307-26;;02/03/2026 11:24;31/03/2026;23/04/2026;ITAJAI;FELIXSTOWE;MASTER COMERCIO EXTERIOR LTDA.;OOCL;NYK DIANA;Cancelado;SOUTH SERVICE TRADING SA;MADEIRA;FCL;0;2;40 HIGH CUBE;4
EM0309-26;ZIMUPGU8025372;03/03/2026 08:58;30/03/2026;17/04/2026;PARANAGUA;KINGSTON;TEX SHIPPING LTDA;ZIM;LONCOMILLA;Finalizado;TEX SHIPPING LTDA;MADEIRA;FCL;0;3;40 HIGH CUBE;6
EM0310-26;16227260;03/03/2026 09:15;;;PARANAGUA;ALTAMIRA;GRUPO FORESTAL IND. MEXICANO CORPORATIVO;HAPAG LLOYD;SUNNY PHOENIX;Cancelado;SINCOL SA INDUSTRIA E COMERCIO;MADEIRA;FCL;0;1;40 HIGH CUBE;2
EM0314-26;SAO600124400;03/03/2026 11:57;18/03/2026;20/05/2026;NAVEGANTES;NHAVA SHEVA;DISAMTEX;PIL - PACIFIC INTERNATIONAL LINES;CMA CGM PARATY;Finalizado;DISAMTEX;CARGA GERAL NAO PERIGOSA;FCL;1;0;20 DRY BOX;1
EM0315-26;ZIMUPGU8025416;03/03/2026 14:25;30/03/2026;23/04/2026;PARANAGUA;ALTAMIRA;GRUPO FORESTAL IND. MEXICANO CORPORATIVO;ZIM;LONCOMILLA;Finalizado;INDUSTRIA DE COMPENSADOS GUARARAPES LTDA;MADEIRA;FCL;0;5;40 HIGH CUBE;10
EM0316-26;267052163;03/03/2026 15:34;28/03/2026;22/04/2026;PARANAGUA;PUERTO CABELLO;RDF COMERCIO EXTERIOR E ARMAZENS GERAIS LTDA;MAERSK LINE;MSC YAMUNA VI;Finalizado;LABORATORIOS CALBOS LTDA;;FCL;0;2;40 HIGH CUBE;4
EM0317-26;6446518840;03/03/2026 15:54;29/03/2026;18/05/2026;PARANAGUA;BOSTON;INTERNATIONAL FOREST PRODUCTS;COSCO SHIPPING;CMA CGM FRANCOISE SAGAN;Finalizado;GUARAETA COMPENSADOS LTDA;MADEIRA;FCL;0;5;40 HIGH CUBE;10
EM0318-26;6446518860;03/03/2026 16:06;29/03/2026;18/05/2026;PARANAGUA;BOSTON;INTERNATIONAL FOREST PRODUCTS;COSCO SHIPPING;CMA CGM FRANCOISE SAGAN;Finalizado;GUARAETA COMPENSADOS LTDA;MADEIRA;FCL;0;4;40 HIGH CUBE;8
EM0319-26;SSZ1755377;03/03/2026 23:18;29/03/2026;13/05/2026;PARANAGUA;CAUCEDO;INTERNATIONAL FOREST PRODUCTS;CMA CGM DO BRASIL;CMA CGM FRANCOISE SAGAN;Finalizado;MADEBIL MADEREIRA BITURUNA LTDA;MADEIRA;FCL;0;5;40 HIGH CUBE;10
EM0320-26;SSZ1755879;04/03/2026 16:09;31/03/2026;08/05/2026;IMBITUBA;NEW ORLEANS;TEX SHIPPING LTDA;CMA CGM DO BRASIL;CMA CGM FRANCOISE SAGAN;Finalizado;TEX SHIPPING LTDA;MADEIRA;FCL;0;7;40 HIGH CUBE;14
EM0321-26;SSZ1755829;04/03/2026 16:11;31/03/2026;08/05/2026;IMBITUBA;NEW ORLEANS;TEX SHIPPING LTDA;CMA CGM DO BRASIL;CMA CGM FRANCOISE SAGAN;Finalizado;TEX SHIPPING LTDA;MADEIRA;FCL;0;8;40 HIGH CUBE;16
EM0322-26;6446631790;04/03/2026 16:24;24/03/2026;10/04/2026;PARANAGUA;CARTAGENA, CO;FECULARIA ELDORADO LTDA;COSCO SHIPPING;CMA CGM SAMBHAR;Finalizado;AMIDOS BRASIL COMERCIO E DISTRIBUICAO LTDA;ALIMENTOS EM GERAL;FCL;0;1;40 HIGH CUBE;2
EM0323-26;ZIMUPGU8025450;04/03/2026 16:46;16/03/2026;10/04/2026;PARANAGUA;ALTAMIRA;GRUPO FORESTAL IND. MEXICANO CORPORATIVO;ZIM;MELINA;Finalizado;MADEIREIRA EK LTDA;MADEIRA;FCL;0;3;40 HIGH CUBE;6
EM0324-26;6446639870;04/03/2026 17:01;28/03/2026;10/05/2026;SANTOS;LISBOA;NTI GLOBAL LOGISTICS;COSCO SHIPPING;XIN WEI HAI;Finalizado;POMPEIA SA INDUSTRIA E COMERCIO;FOODSTUFF;FCL;0;1;40 HIGH CUBE;2
EM0325-26;55057393;04/03/2026 17:29;26/04/2026;21/05/2026;SANTOS;PORT EVERGLADES;GREAT BLEND LLC;HAPAG LLOYD;MAERSK MONTE ALEGRE;Finalizado;FLORÃO ALIMENTOS LTDA;CAFÉ;FCL;0;3;40 HIGH CUBE;6
EM0326-26;90163923;04/03/2026 17:32;20/03/2026;20/04/2026;BUENOS AIRES;ALTAMIRA;GRUPO FORESTAL IND. MEXICANO CORPORATIVO;HAPAG LLOYD;CAPE PIONEER;Finalizado;RAUL E. FERNANDEZ S.A;MADEIRA;FCL;0;4;40 HIGH CUBE;8
EM0327-26;2322602590;05/03/2026 08:09;16/03/2026;27/04/2026;RIO DE JANEIRO;FELIXSTOWE;MELBRAS IMPORTADORA E EXPORTADORA AGROINDUSTRIA LTDA;OOCL;SEATTLE C;Finalizado;MELBRAS IMPORTADORA E EXPORTADORA AGROINDUSTRIA LTDA;MEL;FCL;2;0;20 DRY BOX;2
EM0328-26;267146443;05/03/2026 10:31;25/03/2026;08/05/2026;SUAPE;TORONTO;F C TRADING IMPORTADORA & EXPORTADORA LTDA;MAERSK LINE;BARTOLOMEU DIAS;Finalizado;LUIZ ADOLFO SILVA MAIA PE DE FRUTA LTDA;AÇAI;FCL;0;1;40 REEFER;2
EM0329-26;ZIMUPGU8025469;05/03/2026 14:21;24/03/2026;11/04/2026;PARANAGUA;KINGSTON;INTERNATIONAL FOREST PRODUCTS;ZIM;ZIM IBERIA;Finalizado;AGROSEPAC SERRADOS LTDA;MADEIRA;FCL;0;2;40 HIGH CUBE;4
EM0330-26;6446759050;05/03/2026 17:07;25/03/2026;07/06/2026;IMBITUBA;GEORGETOWN, GY;INTERNATIONAL FOREST PRODUCTS;COSCO SHIPPING;CMA CGM SAMBHAR;Finalizado;BERNECK S.A. PAINEIS E SERRADOS;MADEIRA;FCL;0;2;40 HIGH CUBE;4
EM0331-26;BUA0362389;05/03/2026 17:14;06/03/2026;13/04/2026;BUENOS AIRES;ALTAMIRA;GRUPO FORESTAL IND. MEXICANO CORPORATIVO;CMA CGM DO BRASIL;MERCOSUL SANTOS;Finalizado;RAUL E. FERNANDEZ S.A;MADEIRA;FCL;0;3;40 HIGH CUBE;6
EM0333-26;34747690;05/03/2026 17:55;19/04/2026;22/05/2026;PARANAGUA;JACKSONVILLE;FECULARIA ELDORADO LTDA;HAPAG LLOYD;DALIAN EXPRESS;Finalizado;FECULARIA ELDORADO LTDA;ALIMENTOS EM GERAL;FCL;0;1;40 HIGH CUBE;2
EM0334-26;6446761750;05/03/2026 18:22;24/03/2026;21/04/2026;PARANAGUA;ALTAMIRA;GRUPO FORESTAL IND. MEXICANO CORPORATIVO;COSCO SHIPPING;CMA CGM SAMBHAR;Finalizado;MADEIREIRA EK LTDA;MADEIRA;FCL;0;3;40 HIGH CUBE;6
EM0335-26;6446875670;06/03/2026 15:06;15/03/2026;21/04/2026;PARANAGUA;ALTAMIRA;GRUPO FORESTAL IND. MEXICANO CORPORATIVO;COSCO SHIPPING;HANS SCHULTE;Finalizado;MADEIREIRA EK LTDA;MADEIRA;FCL;0;3;40 HIGH CUBE;6
EM0336-26;6445652070;06/03/2026 16:08;29/03/2026;27/04/2026;PARANAGUA;ALTAMIRA;GRUPO FORESTAL IND. MEXICANO CORPORATIVO;COSCO SHIPPING;CMA CGM FRANCOISE SAGAN;Finalizado;INDUSTRIA DE COMPENSADOS GUARARAPES LTDA;MADEIRA;FCL;0;5;40 HIGH CUBE;10
EM0337-26;2322800590;09/03/2026 08:35;06/04/2026;02/05/2026;RIO DE JANEIRO;FELIXSTOWE;LAMEX FOODS EUROPE LTD;OOCL;NYK DIANA;Finalizado;MELBRAS IMPORTADORA E EXPORTADORA AGROINDUSTRIA LTDA;MEL;FCL;2;0;20 DRY BOX;2
EM0338-26;ZIMUPGU8025517;09/03/2026 10:44;30/03/2026;05/05/2026;PARANAGUA;HALIFAX;ARAUCO INDUSTRIA DE PAINEIS S.A. - PIEN;ZIM;LONCOMILLA;Finalizado;ARAUCO INDUSTRIA DE PAINEIS S.A. - PIEN;MADEIRA;FCL;0;2;40 HIGH CUBE;4
EM0339-26;ZIMUPGU8025527;09/03/2026 11:35;24/03/2026;11/04/2026;PARANAGUA;KINGSTON;TEX SHIPPING LTDA;ZIM;ZIM IBERIA;Finalizado;TEX SHIPPING LTDA;MADEIRA;FCL;0;5;40 HIGH CUBE;10
EM0341-26;SSZ1757595;09/03/2026 12:01;31/03/2026;17/05/2026;IMBITUBA;LIRQUEN;TF COMERCIAL EXPORTADORA LTDA;CMA CGM DO BRASIL;CMA CGM FRANCOISE SAGAN;Finalizado;TF COMERCIAL EXPORTADORA LTDA;MADEIRA;FCL;0;4;40 HIGH CUBE;8
EM0342-26;SSZ1757020;09/03/2026 12:09;25/03/2026;14/05/2026;IMBITUBA;LIRQUEN;TF COMERCIAL EXPORTADORA LTDA;CMA CGM DO BRASIL;CMA CGM SAMBHAR;Finalizado;TF COMERCIAL EXPORTADORA LTDA;MADEIRA;FCL;0;3;40 HIGH CUBE;6
EM0343-26;6447030510;09/03/2026 16:27;29/03/2026;17/04/2026;PARANAGUA;CARTAGENA, CO;INDUSTRIA DE COMPENSADOS GUARARAPES LTDA;COSCO SHIPPING;CMA CGM FRANCOISE SAGAN;Finalizado;INDUSTRIA DE COMPENSADOS GUARARAPES LTDA;MADEIRA;FCL;0;1;40 HIGH CUBE;2
EM0345-26;3,8061E+11;10/03/2026 09:00;;;BUSAN;MANZANILLO, MX;BGS - BESTWAY GLOBAL SERVICES S.A. DE C.V.;HAPAG LLOYD;;Pendente;;CARGA GERAL NAO PERIGOSA;FCL;0;5;40 REEFER;10
EM0346-26;ZIMUPGU8025545;10/03/2026 09:03;30/03/2026;17/04/2026;PARANAGUA;KINGSTON;TEX SHIPPING LTDA;ZIM;LONCOMILLA;Finalizado;TEX SHIPPING LTDA;MADEIRA;FCL;0;2;40 HIGH CUBE;4
EM0347-26;ZIMUPGU8025555;10/03/2026 10:28;30/03/2026;17/04/2026;PARANAGUA;KINGSTON;TEX SHIPPING LTDA;ZIM;LONCOMILLA;Finalizado;TEX SHIPPING LTDA;MADEIRA;FCL;0;3;40 HIGH CUBE;6
EM0348-26;EBKG16194274;10/03/2026 15:28;02/04/2026;21/05/2026;PARANAGUA;PORT EVERGLADES;FECULARIA ELDORADO LTDA;MSC MEDITERRANEO;MSC VANCOUVER;Finalizado;FECULARIA ELDORADO LTDA;ALIMENTOS EM GERAL;FCL;0;2;40 HIGH CUBE;4
EM0349-26;6445435950;10/03/2026 15:58;24/03/2026;05/06/2026;PARANAGUA;PORT OF SPAIN;INTERNATIONAL FOREST PRODUCTS;COSCO SHIPPING;CMA CGM SAMBHAR;Finalizado;AGROSEPAC SERRADOS LTDA;MADEIRA;FCL;0;2;40 HIGH CUBE;4
EM0350-26;6445435930;10/03/2026 16:42;05/04/2026;12/05/2026;PARANAGUA;ALTAMIRA;GRUPO FORESTAL IND. MEXICANO CORPORATIVO;COSCO SHIPPING;APL NEW JERSEY;Finalizado;PINUSBRAS EXPORTACAO DE MADEIRA LTDA;MADEIRA;FCL;0;4;40 HIGH CUBE;8
EM0351-26;267320628;11/03/2026 09:25;31/03/2026;18/05/2026;ITAPOA;ASHDOD;ARAUCO INDUSTRIA DE PAINEIS S.A. - PIEN;MAERSK LINE;MAERSK LOTA;Finalizado;ARAUCO INDUSTRIA DE PAINEIS S.A. - PIEN;MADEIRA;FCL;0;5;40 HIGH CUBE;10
EM0352-26;267321214;11/03/2026 09:40;31/03/2026;10/05/2026;ITAPOA;ASHDOD;ARAUCO INDUSTRIA DE PAINEIS S.A. - PIEN;MAERSK LINE;MAERSK LOTA;Finalizado;ARAUCO INDUSTRIA DE PAINEIS S.A. - PIEN;MADEIRA;FCL;0;3;40 HIGH CUBE;6
EM0353-26;267321057;11/03/2026 09:48;31/03/2026;10/05/2026;ITAPOA;ASHDOD;ARAUCO INDUSTRIA DE PAINEIS S.A. - PIEN;MAERSK LINE;MAERSK LOTA;Finalizado;ARAUCO INDUSTRIA DE PAINEIS S.A. - PIEN;MADEIRA;FCL;0;7;40 HIGH CUBE;14
EM0354-26;267321170;11/03/2026 09:56;31/03/2026;10/05/2026;ITAPOA;ASHDOD;ARAUCO INDUSTRIA DE PAINEIS S.A. - PIEN;MAERSK LINE;MAERSK LOTA;Finalizado;ARAUCO INDUSTRIA DE PAINEIS S.A. - PIEN;MADEIRA;FCL;0;6;40 HIGH CUBE;12
EM0355-26;6447320560;11/03/2026 11:12;29/03/2026;17/04/2026;PARANAGUA;CARTAGENA, CO;ARAUCO INDUSTRIA DE PAINEIS S.A. - PIEN;COSCO SHIPPING;CMA CGM FRANCOISE SAGAN;Finalizado;ARAUCO INDUSTRIA DE PAINEIS S.A. - PIEN;MADEIRA;FCL;0;2;40 HIGH CUBE;4
EM0356-26;SAOA73930600;12/03/2026 09:27;26/04/2026;16/06/2026;RIO GRANDE;SHANGHAI;ARAUCO INDUSTRIA DE PAINEIS S.A. - PIEN;HYUNDAI;HMM PLATINUM;Finalizado;ARAUCO INDUSTRIA DE PAINEIS S.A. - PIEN;MADEIRA;FCL;0;5;40 HIGH CUBE;10
EM0357-26;SAOA93251000;12/03/2026 09:32;26/04/2026;16/06/2026;RIO GRANDE;SHANGHAI;ARAUCO INDUSTRIA DE PAINEIS S.A. - PIEN;HYUNDAI;HMM PLATINUM;Finalizado;ARAUCO INDUSTRIA DE PAINEIS S.A. - PIEN;MADEIRA;FCL;0;5;40 HIGH CUBE;10
EM0358-26;91291346;12/03/2026 14:28;14/04/2026;07/05/2026;RIO GRANDE;VERACRUZ;TEX SHIPPING LTDA;HAPAG LLOYD;DALIAN EXPRESS;Finalizado;TEX SHIPPING LTDA;MADEIRA;FCL;0;3;40 HIGH CUBE;6
EM0359-26;2323142820;12/03/2026 16:37;20/04/2026;25/05/2026;RIO DE JANEIRO;FELIXSTOWE;LAMEX FOODS EUROPE LTD;OOCL;NAVIOS VERMILION;Finalizado;MELBRAS IMPORTADORA E EXPORTADORA AGROINDUSTRIA LTDA;MEL;FCL;2;0;20 DRY BOX;2
EM0360-26;ZIMUPGU8025616;12/03/2026 16:45;30/03/2026;17/04/2026;PARANAGUA;KINGSTON;TEX SHIPPING LTDA;ZIM;LONCOMILLA;Finalizado;TEX SHIPPING LTDA;MADEIRA;FCL;0;1;40 HIGH CUBE;2
EM0361-26;ZIMUPGU8025615;12/03/2026 16:47;30/03/2026;17/04/2026;PARANAGUA;KINGSTON;TEX SHIPPING LTDA;ZIM;LONCOMILLA;Finalizado;TEX SHIPPING LTDA;MADEIRA;FCL;0;1;40 HIGH CUBE;2
EM0362-26;ZIMUPGU8025622;13/03/2026 13:47;06/04/2026;30/04/2026;PARANAGUA;ALTAMIRA;GRUPO FORESTAL IND. MEXICANO CORPORATIVO;ZIM;SPYROS V;Finalizado;PINUSTAN INDUSTRIA E COMERCIO DE MADEIRAS LTDA;MADEIRA;FCL;0;2;40 HIGH CUBE;4
EM0363-26;ZIMUPGU8025674;13/03/2026 13:52;06/04/2026;30/04/2026;PARANAGUA;ALTAMIRA;GRUPO FORESTAL IND. MEXICANO CORPORATIVO;ZIM;SPYROS V;Finalizado;PINUSTAN INDUSTRIA E COMERCIO DE MADEIRAS LTDA;MADEIRA;FCL;0;2;40 HIGH CUBE;4
EM0364-26;ZIMUPGU8025618;13/03/2026 14:04;30/03/2026;23/04/2026;PARANAGUA;ALTAMIRA;GRUPO FORESTAL IND. MEXICANO CORPORATIVO;ZIM;LONCOMILLA;Finalizado;INDUSTRIA DE COMPENSADOS GUARARAPES LTDA;MADEIRA;FCL;0;5;40 HIGH CUBE;10
EM0365-26;90722212;13/03/2026 15:11;07/05/2026;04/06/2026;RIO GRANDE;HOUSTON;MAPPER LOGISTICA DE COMERCIO EXTERIOR;HAPAG LLOYD;COSTA RICA EXPRESS;Finalizado;IMS BRAZIL LTDA;ALIMENTOS EM GERAL;FCL;0;1;40 HIGH CUBE;2
EM0366-26;6447590560;13/03/2026 15:41;07/04/2026;07/05/2026;IMBITUBA;MANZANILLO, PA;METALURGICA TRAPP LTDA;COSCO SHIPPING;APL NEW JERSEY;Finalizado;METALURGICA TRAPP LTDA;MAQUINARIOS;FCL;0;1;40 HIGH CUBE;2
EM0367-26;28552334;13/03/2026 16:02;14/04/2026;07/05/2026;RIO GRANDE;VERACRUZ;TEX SHIPPING LTDA;HAPAG LLOYD;DALIAN EXPRESS;Finalizado;TEX SHIPPING LTDA;MADEIRA;FCL;0;3;40 HIGH CUBE;6
EM0368-26;6445652040;13/03/2026 17:44;05/04/2026;12/05/2026;PARANAGUA;ALTAMIRA;GRUPO FORESTAL IND. MEXICANO CORPORATIVO;COSCO SHIPPING;APL NEW JERSEY;Finalizado;INDUSTRIA DE COMPENSADOS GUARARAPES LTDA;MADEIRA;FCL;0;5;40 HIGH CUBE;10
EM0369-26;ZIMUITJ8053843;13/03/2026 18:08;19/04/2026;16/06/2026;ITAPOA;MONTREAL;MMC  S.A.;ZIM;NAVIOS AMARILLO;Finalizado;MMC  S.A.;MADEIRA;FCL;0;1;40 HIGH CUBE;2
EM0370-26;35513798;16/03/2026 08:36;03/04/2026;03/05/2026;BUENOS AIRES;ALTAMIRA;GRUPO FORESTAL IND. MEXICANO CORPORATIVO;HAPAG LLOYD;PALENA;Finalizado;RAUL E. FERNANDEZ S.A;MADEIRA;FCL;0;4;40 HIGH CUBE;8
EM0371-26;6447031930;16/03/2026 08:52;21/04/2026;24/05/2026;IMBITUBA;SANTO TOMAS DE CASTILLA;MANOEL MARCHETTI;COSCO SHIPPING;SWANSEA;Finalizado;MANOEL MARCHETTI;MADEIRA;FCL;0;1;40 HIGH CUBE;2
EM0372-26;6445652050;16/03/2026 10:46;24/03/2026;02/05/2026;PARANAGUA;BUENAVENTURA;FECULARIA ELDORADO LTDA;COSCO SHIPPING;CMA CGM SAMBHAR;Finalizado;FECULARIA ELDORADO LTDA;ALIMENTOS EM GERAL;FCL;0;2;40 HIGH CUBE;4
EM0373-26;SSZ1760863;16/03/2026 11:21;29/03/2026;13/05/2026;PARANAGUA;CAUCEDO;INTERNATIONAL FOREST PRODUCTS;CMA CGM DO BRASIL;CMA CGM FRANCOISE SAGAN;Finalizado;LEVEL IMPORTACAO, EXPORTACAO E COMERCIO S/A;MADEIRA;FCL;0;1;40 HIGH CUBE;2
EM0374-26;6445435680;16/03/2026 16:58;29/03/2026;08/05/2026;PARANAGUA;BUENAVENTURA;ARAUCO INDUSTRIA DE PAINEIS S.A. - PIEN;COSCO SHIPPING;CMA CGM FRANCOISE SAGAN;Finalizado;ARAUCO INDUSTRIA DE PAINEIS S.A. - PIEN;MADEIRA;FCL;0;4;40 HIGH CUBE;8
EM0375-26;ZIMUPGU8025621;16/03/2026 17:55;30/03/2026;23/04/2026;PARANAGUA;ALTAMIRA;GRUPO FORESTAL IND. MEXICANO CORPORATIVO;ZIM;LONCOMILLA;Finalizado;MADEIREIRA EK LTDA;MADEIRA;FCL;0;3;40 HIGH CUBE;6
EM0376-26;EBKG16210574;17/03/2026 09:13;05/04/2026;30/05/2026;RIO GRANDE;VANCOUVER;MAPPER LOGISTICA DE COMERCIO EXTERIOR;MSC MEDITERRANEO;MSC ROCHELLE;Finalizado;IMS BRAZIL LTDA;ALIMENTOS EM GERAL;FCL;0;1;40 HIGH CUBE;2
EM0377-26;EBKG16195266;17/03/2026 11:40;16/04/2026;27/05/2026;ITAJAI;SAVANNAH;TEX SHIPPING LTDA;MSC MEDITERRANEO;MARIANNA I;Finalizado;TEX SHIPPING LTDA;LUMBER;FCL;0;2;40 HIGH CUBE;4
EM0379-26;EBKG16225995;17/03/2026 15:44;16/04/2026;20/06/2026;PARANAGUA;PUERTO PROGRESO;GRUPO FORESTAL IND. MEXICANO CORPORATIVO;MSC MEDITERRANEO;MARIANNA I;Finalizado;SINCOL SA INDUSTRIA E COMERCIO;MADEIRA;FCL;0;2;40 HIGH CUBE;4
EM0380-26;ZIMUPGU8025677;18/03/2026 08:42;06/04/2026;30/04/2026;PARANAGUA;ALTAMIRA;GRUPO FORESTAL IND. MEXICANO CORPORATIVO;ZIM;SPYROS V;Finalizado;MADEIREIRA EK LTDA;MADEIRA;FCL;0;8;40 HIGH CUBE;16
EM0381-26;ZIMUPGU8025678;18/03/2026 08:49;30/03/2026;23/04/2026;PARANAGUA;ALTAMIRA;GRUPO FORESTAL IND. MEXICANO CORPORATIVO;ZIM;LONCOMILLA;Finalizado;MADEIREIRA EK LTDA;MADEIRA;FCL;0;7;40 HIGH CUBE;14
EM0382-26;6445435990;18/03/2026 09:05;12/04/2026;17/05/2026;PARANAGUA;CALLAO;ARAUCO INDUSTRIA DE PAINEIS S.A. - PIEN;COSCO SHIPPING;CARDIFF;Finalizado;ARAUCO INDUSTRIA DE PAINEIS S.A. - PIEN;MADEIRA;FCL;0;5;40 HIGH CUBE;10
EM0383-26;6445436010;18/03/2026 09:09;12/04/2026;17/05/2026;PARANAGUA;CALLAO;ARAUCO INDUSTRIA DE PAINEIS S.A. - PIEN;COSCO SHIPPING;CARDIFF;Finalizado;ARAUCO INDUSTRIA DE PAINEIS S.A. - PIEN;MADEIRA;FCL;0;5;40 HIGH CUBE;10
EM0384-26;6445436030;18/03/2026 10:33;12/04/2026;17/05/2026;PARANAGUA;CALLAO;ARAUCO INDUSTRIA DE PAINEIS S.A. - PIEN;COSCO SHIPPING;CARDIFF;Finalizado;ARAUCO INDUSTRIA DE PAINEIS S.A. - PIEN;MADEIRA;FCL;0;5;40 HIGH CUBE;10
EM0385-26;ZIMUPGU8025676;18/03/2026 14:02;29/04/2026;16/05/2026;PARANAGUA;KINGSTON;INTERNATIONAL FOREST PRODUCTS;ZIM;SUNNY PHOENIX;Finalizado;SENBRA INDUSTRIA E COMERCIO DE MADEIRAS LTDA;MADEIRA;FCL;0;5;40 HIGH CUBE;10
EM0386-26;ZIMUPGU8025692;18/03/2026 14:11;06/04/2026;23/04/2026;PARANAGUA;KINGSTON;INTERNATIONAL FOREST PRODUCTS;ZIM;SPYROS V;Finalizado;SENBRA INDUSTRIA E COMERCIO DE MADEIRAS LTDA;MADEIRA;FCL;0;5;40 HIGH CUBE;10
EM0387-26;91080959;18/03/2026 15:06;13/05/2026;21/06/2026;PARANAGUA;ALGIERS;FECULARIA ELDORADO LTDA;HAPAG LLOYD;MSC LE HAVRE;Desembarcado;FECULARIA ELDORADO LTDA;ALIMENTOS EM GERAL;FCL;0;5;40 HIGH CUBE;10
EM0388-26;6447911360;18/03/2026 17:31;31/03/2026;01/05/2026;IMBITUBA;PUERTO MOIN;METALURGICA TRAPP LTDA;COSCO SHIPPING;CMA CGM FRANCOISE SAGAN;Finalizado;METALURGICA TRAPP LTDA;MAQUINARIOS;FCL;1;0;20 DRY BOX;1
EM0389-26;2324027860;19/03/2026 10:02;14/04/2026;18/05/2026;ITAJAI;FELIXSTOWE;LAMEX FOODS EUROPE LTD;OOCL;NAVIOS VERMILION;Finalizado;MINAMEL AGROINDUSTRIA LTDA;MEL;FCL;2;0;20 DRY BOX;2
EM0390-26;267703605;19/03/2026 16:50;16/04/2026;16/05/2026;ITAPOA;PUERTO PROGRESO;ARAUCO INDUSTRIA DE PAINEIS S.A. - PIEN;MAERSK LINE;MSC DAMLA;Finalizado;ARAUCO INDUSTRIA DE PAINEIS S.A. - PIEN;MADEIRA;FCL;0;2;40 HIGH CUBE;4
EM0391-26;EBKG16245142;19/03/2026 17:02;15/04/2026;22/06/2026;ASUNCION;SEATTLE;M. A. COMISSARIA;MSC MEDITERRANEO;NA CHOLITA;Finalizado;IRUNA S.A.I.C.;MADEIRA;FCL;0;1;40 HIGH CUBE;2
EM0392-26;6448182980;20/03/2026 11:01;14/04/2026;17/05/2026;IMBITUBA;HOUSTON;TF COMERCIAL EXPORTADORA LTDA;COSCO SHIPPING;CARDIFF;Finalizado;TF COMERCIAL EXPORTADORA LTDA;MADEIRA;FCL;0;1;40 HIGH CUBE;2
EM0394-26;SAOA00572800;23/03/2026 08:44;10/06/2026;01/08/2026;NAVEGANTES;XINGANG;SERRA MORENA CORRETORA LTDA;HYUNDAI;HYUNDAI PREMIUM;Cancelado;SERRA MORENA CORRETORA LTDA;SOJA;FCL;2;0;20 DRY BOX;2
EM0395-26;ZIMUSNT8109095;23/03/2026 14:17;08/04/2026;29/04/2026;SANTOS;VERACRUZ;CRUZEIRO PAPEIS INDUSTRIAIS LTDA;ZIM;SPYROS V;Finalizado;CRUZEIRO PAPEIS INDUSTRIAIS LTDA;CARGA GERAL NAO PERIGOSA;FCL;0;1;40 HIGH CUBE;2
EM0396-26;267814477;23/03/2026 15:40;05/04/2026;13/06/2026;VILA DO CONDE;LEIXOES;321 VS IMPORTS EXPORTACAO E IMPORTACAO LTDA;MAERSK LINE;ALIANCA LEBLON;Finalizado;FORTIMBER INDUSTRIA FLORESTAL LTDA;MADEIRA;FCL;0;2;40 DRY BOX;4
EM0400-26;SSZTOR6189059V;23/03/2026 16:01;14/04/2026;21/05/2026;SANTOS;TORONTO, ON - ALL TRUCK;F C TRADING IMPORTADORA & EXPORTADORA LTDA;VANGUARD LOGISTICS SERVICES DO BRASIL LTDA;MAERSK FREEPORT;Finalizado;BRALYX MÁQUINAS INDÚSTRIA E COMÉRCIO LTDA;MAQUINARIOS;LCL;0;0;;0
EM0402-26;6449683060;24/03/2026 09:06;12/04/2026;22/05/2026;PARANAGUA;BUENAVENTURA;ARAUCO INDUSTRIA DE PAINEIS S.A. - PIEN;COSCO SHIPPING;CARDIFF;Finalizado;ARAUCO INDUSTRIA DE PAINEIS S.A. - PIEN;MADEIRA;FCL;0;2;40 HIGH CUBE;4
EM0403-26;6446887020;24/03/2026 09:11;12/04/2026;22/05/2026;PARANAGUA;BUENAVENTURA;ARAUCO INDUSTRIA DE PAINEIS S.A. - PIEN;COSCO SHIPPING;CARDIFF;Finalizado;ARAUCO INDUSTRIA DE PAINEIS S.A. - PIEN;MADEIRA;FCL;0;4;40 HIGH CUBE;8
EM0404-26;6447031900;24/03/2026 09:15;12/04/2026;22/05/2026;PARANAGUA;BUENAVENTURA;ARAUCO INDUSTRIA DE PAINEIS S.A. - PIEN;COSCO SHIPPING;CARDIFF;Finalizado;ARAUCO INDUSTRIA DE PAINEIS S.A. - PIEN;MADEIRA;FCL;0;4;40 HIGH CUBE;8
EM0405-26;34473946;24/03/2026 10:33;30/04/2026;04/07/2026;SANTOS;DADRI;CRUZEIRO PAPEIS INDUSTRIAIS LTDA;HAPAG LLOYD;MSC LEILA;Finalizado;CRUZEIRO PAPEIS INDUSTRIAIS LTDA;CARGA GERAL NAO PERIGOSA;FCL;0;1;40 HIGH CUBE;2
EM0406-26;24935190;24/03/2026 10:56;06/05/2026;08/07/2026;SANTOS;DADRI;CRUZEIRO PAPEIS INDUSTRIAIS LTDA;HAPAG LLOYD;LAEM CHABANG EXPRESS;Finalizado;CRUZEIRO PAPEIS INDUSTRIAIS LTDA;CARGA GERAL NAO PERIGOSA;FCL;0;1;40 HIGH CUBE;2
EM0407-26;268547321;24/03/2026 12:00;08/04/2026;09/05/2026;PARANAGUA;CARTAGENA, CO;TEX SHIPPING LTDA;MAERSK LINE;MAERSK JAIPUR;Finalizado;TEX SHIPPING LTDA;MADEIRA;FCL;0;2;40 HIGH CUBE;4
EM0408-26;6448669180;24/03/2026 14:13;12/04/2026;17/05/2026;PARANAGUA;MOIN;TEX SHIPPING LTDA;COSCO SHIPPING;CARDIFF;Finalizado;TEX SHIPPING LTDA;MADEIRA;FCL;0;2;40 HIGH CUBE;4
EM0409-26;EBKG16304506;24/03/2026 17:26;06/05/2026;19/06/2026;PARANAGUA;SAVANNAH;M. A. COMISSARIA;MSC MEDITERRANEO;MSC INIYA V;Finalizado;IRUNA S.A.I.C.;;FCL;0;1;40 HIGH CUBE;2
EM0410-26;EBKG16304507;24/03/2026 17:29;06/05/2026;19/06/2026;PARANAGUA;SAVANNAH;M. A. COMISSARIA;MSC MEDITERRANEO;MSC INIYA V;Finalizado;IRUNA S.A.I.C.;;FCL;0;1;40 HIGH CUBE;2
EM0411-26;EBKG16304508;24/03/2026 17:31;06/05/2026;19/06/2026;PARANAGUA;SAVANNAH;M. A. COMISSARIA;MSC MEDITERRANEO;MSC INIYA V;Finalizado;IRUNA S.A.I.C.;;FCL;0;1;40 HIGH CUBE;2
EM0413-26;ZIMUPGU8025771;25/03/2026 09:31;30/03/2026;17/04/2026;PARANAGUA;KINGSTON;INTERNATIONAL FOREST PRODUCTS;ZIM;LONCOMILLA;Finalizado;AGROSEPAC SERRADOS LTDA;MADEIRA;FCL;0;1;40 HIGH CUBE;2
EM0414-26;2324137800;25/03/2026 11:05;07/05/2026;23/06/2026;PARANAGUA;DAKAR;SPEED LOG;OOCL;XIN CHANG SHA;Finalizado;ALLBRANDS INDUSTRIA DE ALIMENTOS S/A;ALIMENTOS EM GERAL;FCL;0;1;40 HIGH CUBE;2
EM0415-26;ZIMUPGU8025782;25/03/2026 16:12;18/04/2026;08/05/2026;PARANAGUA;KINGSTON;TEX SHIPPING LTDA;ZIM;NAVIOS AMARILLO;Finalizado;TEX SHIPPING LTDA;MADEIRA;FCL;0;5;40 HIGH CUBE;10
EM0416-26;6448827190;26/03/2026 09:15;12/04/2026;03/07/2026;PARANAGUA;PORT OF SPAIN;INTERNATIONAL FOREST PRODUCTS;COSCO SHIPPING;CARDIFF;Finalizado;AGROSEPAC SERRADOS LTDA;MADEIRA;FCL;0;2;40 HIGH CUBE;4
EM0417-26;33863495;26/03/2026 10:12;21/04/2026;20/06/2026;RIO GRANDE;KINGSTON;TEX SHIPPING LTDA;HAPAG LLOYD;LE HAVRE EXPRESS;Finalizado;TEX SHIPPING LTDA;MADEIRA;FCL;0;2;40 HIGH CUBE;4
EM0418-26;6448944630;26/03/2026 14:04;14/04/2026;14/05/2026;IMBITUBA;GUAYAQUIL;TEX SHIPPING LTDA;COSCO SHIPPING;CARDIFF;Finalizado;TEX SHIPPING LTDA;MADEIRA;FCL;0;1;40 HIGH CUBE;2
EM0419-26;268619799;26/03/2026 17:33;25/04/2026;02/06/2026;SANTOS;PIRAEUS;CUSTOMS SOLUTION EUROPEAN COMMUNITY SERVICES SINGLE MEMBER S.A.;MAERSK LINE;MAERSK LEON;Finalizado;COOPERATIVA REGIONAL DE CAFEICULTORES EM GUAXUPE LTDA;COFFEE;FCL;1;0;20 DRY BOX;1
EM0420-26;ZIMUITJ8053775;27/03/2026 09:24;27/04/2026;27/05/2026;NAVEGANTES;BARCADERA;PATMO LUMBER TRADE;ZIM;SUNNY PHOENIX;Finalizado;ESQUADRIBRAS - INDUSTRIA DE ESQUADRIAS LTDA;DOORS;FCL;0;1;40 HIGH CUBE;2
EM0421-26;6449089180;27/03/2026 14:19;12/04/2026;03/07/2026;PARANAGUA;PORT OF SPAIN;INTERNATIONAL FOREST PRODUCTS;COSCO SHIPPING;CARDIFF;Finalizado;AGROSEPAC SERRADOS LTDA;MADEIRA;FCL;0;2;40 HIGH CUBE;4
EM0422-26;268731154;27/03/2026 14:41;25/04/2026;08/05/2026;PARANAGUA;CARTAGENA;TEX SHIPPING LTDA;MAERSK LINE;MAERSK CHACHAI;Finalizado;TEX SHIPPING LTDA;MADEIRA;FCL;0;3;40 HIGH CUBE;6
EM0423-26;6446886990;27/03/2026 14:42;12/04/2026;05/05/2026;PARANAGUA;KINGSTON;INTERNATIONAL FOREST PRODUCTS;COSCO SHIPPING;CARDIFF;Finalizado;AGROSEPAC SERRADOS LTDA;MADEIRA;FCL;0;2;40 HIGH CUBE;4
EM0424-26;ZIMUPGU8025818;27/03/2026 15:30;18/04/2026;08/05/2026;PARANAGUA;KINGSTON;TEX SHIPPING LTDA;ZIM;NAVIOS AMARILLO;Finalizado;TEX SHIPPING LTDA;MADEIRA;FCL;0;4;40 HIGH CUBE;8
EM0425-26;ZIMUPGU8025819;27/03/2026 15:50;18/04/2026;08/05/2026;PARANAGUA;KINGSTON;TEX SHIPPING LTDA;ZIM;NAVIOS AMARILLO;Finalizado;TEX SHIPPING LTDA;MADEIRA;FCL;0;4;40 HIGH CUBE;8
EM0426-26;268731186;27/03/2026 15:51;18/04/2026;02/05/2026;PARANAGUA;CARTAGENA;TEX SHIPPING LTDA;MAERSK LINE;MSC DAMLA;Finalizado;TEX SHIPPING LTDA;MADEIRA;FCL;0;2;40 HIGH CUBE;4
EM0427-26;ZIMUPGU8025796;27/03/2026 15:53;18/04/2026;08/05/2026;PARANAGUA;KINGSTON;TEX SHIPPING LTDA;ZIM;NAVIOS AMARILLO;Finalizado;TEX SHIPPING LTDA;MADEIRA;FCL;0;3;40 HIGH CUBE;6
EM0428-26;268723378;30/03/2026 08:35;17/04/2026;05/05/2026;ITAPOA;NEWARK;PATMO LUMBER TRADE;MAERSK LINE;MAERSK MONTE AZUL;Finalizado;ESQUADRIBRAS - INDUSTRIA DE ESQUADRIAS LTDA;DOORS;FCL;0;1;40 HIGH CUBE;2
EM0429-26;268723423;30/03/2026 08:41;17/04/2026;05/05/2026;ITAPOA;NEWARK;PATMO LUMBER TRADE;MAERSK LINE;MAERSK MONTE AZUL;Finalizado;ESQUADRIBRAS - INDUSTRIA DE ESQUADRIAS LTDA;DOORS;FCL;0;1;40 HIGH CUBE;2
EM0430-26;EBKG16342014;30/03/2026 11:50;12/05/2026;15/07/2026;ITAJAI;MONTREAL;PATMO LUMBER TRADE;MSC MEDITERRANEO;MSC LUDOVICA;Finalizado;ESQUADRIBRAS - INDUSTRIA DE ESQUADRIAS LTDA;DOORS;FCL;0;1;40 HIGH CUBE;2
EM0431-26;6448934010;30/03/2026 14:53;12/04/2026;05/05/2026;PARANAGUA;KINGSTON;INTERNATIONAL FOREST PRODUCTS;COSCO SHIPPING;CARDIFF;Finalizado;SANTA CATARINA INDUSTRIA E COMERCIO DE COMPENSADOS LTDA.;MADEIRA;FCL;0;5;40 HIGH CUBE;10
EM0432-26;6449263540;30/03/2026 14:58;19/04/2026;11/05/2026;PARANAGUA;KINGSTON;INTERNATIONAL FOREST PRODUCTS;COSCO SHIPPING;SWANSEA;Finalizado;SANTA CATARINA INDUSTRIA E COMERCIO DE COMPENSADOS LTDA.;MADEIRA;FCL;0;5;40 HIGH CUBE;10
EM0433-26;6446887190;30/03/2026 15:37;19/04/2026;11/05/2026;PARANAGUA;KINGSTON;INTERNATIONAL FOREST PRODUCTS;COSCO SHIPPING;SWANSEA;Finalizado;GUARAETA COMPENSADOS LTDA;MADEIRA;FCL;0;5;40 HIGH CUBE;10
EM0434-26;ZIMUPGU8025847;30/03/2026 15:49;29/04/2026;16/05/2026;PARANAGUA;KINGSTON;TEX SHIPPING LTDA;ZIM;SUNNY PHOENIX;Finalizado;TEX SHIPPING LTDA;MADEIRA;FCL;0;2;40 HIGH CUBE;4
EM0435-26;6449273070;30/03/2026 16:24;06/05/2026;14/07/2026;IMBITUBA;PORT OF SPAIN;INTERNATIONAL FOREST PRODUCTS;COSCO SHIPPING;CMA CGM RABELAIS;Finalizado;SERRARIA BOA ESPERANCA LTDA;MADEIRA;FCL;0;1;40 HIGH CUBE;2
EM0436-26;268815036;30/03/2026 16:26;20/04/2026;17/05/2026;SANTOS;CASABLANCA;MARPRO LOGISTICS;MAERSK LINE;SAN RAPHAEL MAERSK;Finalizado;F. PACHE DO BRASIL IMPORTACAO E EXPORTACAO LTDA.;FOODSTUFF;FCL;0;1;40 HIGH CUBE;2
EM0437-26;22770291;30/03/2026 16:55;11/04/2026;04/05/2026;PARANAGUA;PORT EVERGLADES;FECULARIA ELDORADO LTDA;HAPAG LLOYD;PALENA;Finalizado;FECULARIA ELDORADO LTDA;ALIMENTOS EM GERAL;FCL;0;2;40 HIGH CUBE;4
EM0438-26;ZIMUPGU8025846;30/03/2026 17:22;29/04/2026;21/05/2026;PARANAGUA;ALTAMIRA;GRUPO FORESTAL IND. MEXICANO CORPORATIVO;ZIM;SUNNY PHOENIX;Finalizado;INDUSTRIA DE COMPENSADOS GUARARAPES LTDA;MADEIRA;FCL;0;6;40 HIGH CUBE;12
EM0439-26;6449393440;31/03/2026 11:01;21/04/2026;24/05/2026;IMBITUBA;SANTO TOMAS DE CASTILLA;INTERNATIONAL FOREST PRODUCTS;COSCO SHIPPING;SWANSEA;Finalizado;BERNECK S.A. PAINEIS E SERRADOS;MADEIRA;FCL;0;1;40 HIGH CUBE;2
EM0440-26;2321235540;31/03/2026 11:23;15/04/2026;11/06/2026;PARANAGUA;ASHDOD;P&B PRODUCTS COMERCIO DE PRODUTOS E ASSESSORIA DE IMPORTACAO E EXPORTACAO L;OOCL;NAVIOS VERMILION;Finalizado;FORT EXPORTAÇÃO - NAO UTILIZAR CADASTRO;CARGA GERAL NAO PERIGOSA;FCL;0;4;40 HIGH CUBE;8
EM0441-26;6449393600;31/03/2026 11:37;19/04/2026;03/07/2026;PARANAGUA;PORT OF SPAIN;INTERNATIONAL FOREST PRODUCTS;COSCO SHIPPING;SWANSEA;Finalizado;FAGANELLO INDUSTRIA DE COMPENSADOS;MADEIRA;FCL;0;3;40 HIGH CUBE;6
EM0442-26;2324586390;31/03/2026 13:45;21/05/2026;13/07/2026;PARANAGUA;ASHDOD;INTERNATIONAL FOREST PRODUCTS;OOCL;SEATTLE C;Finalizado;AGROSEPAC SERRADOS LTDA;MADEIRA;FCL;0;2;40 HIGH CUBE;4
EM0443-26;SMEXSI26020022;31/03/2026 14:16;06/04/2026;23/04/2026;BUSAN;MANZANILLO, MX;BGS - BESTWAY GLOBAL SERVICES S.A. DE C.V.;YANG MING;YM ORCHID;Finalizado;;CARGA GERAL NAO PERIGOSA;FCL;0;3;40 REEFER;6
EM0445-26;34541684;31/03/2026 16:21;26/04/2026;18/05/2026;PARANAGUA;PORT EVERGLADES;FECULARIA ELDORADO LTDA;HAPAG LLOYD;LE HAVRE EXPRESS;Finalizado;FECULARIA ELDORADO LTDA;ALIMENTOS EM GERAL;FCL;0;1;40 HIGH CUBE;2
EM0446-26;74640735;31/03/2026 16:29;19/04/2026;11/05/2026;PARANAGUA;PORT EVERGLADES;FECULARIA ELDORADO LTDA;HAPAG LLOYD;DALIAN EXPRESS;Finalizado;FECULARIA ELDORADO LTDA;ALIMENTOS EM GERAL;FCL;0;2;40 HIGH CUBE;4
EM0448-26;268880270;31/03/2026 17:04;06/05/2026;03/06/2026;PARANAGUA;PUERTO CABELLO;RDF COMERCIO EXTERIOR E ARMAZENS GERAIS LTDA;MAERSK LINE;VARAMO;Finalizado;LABORATORIOS CALBOS LTDA;CARGA GERAL NAO PERIGOSA;FCL;0;2;40 HIGH CUBE;4
EM0449-26;SSZ1770145;01/04/2026 13:50;12/04/2026;17/06/2026;PARANAGUA;CAUCEDO;INTERNATIONAL FOREST PRODUCTS;CMA CGM DO BRASIL;CARDIFF;Finalizado;SENBRA INDUSTRIA E COMERCIO DE MADEIRAS LTDA;MADEIRA;FCL;0;3;40 HIGH CUBE;6
EM0450-26;3,606E+11;01/04/2026 17:25;22/04/2026;24/06/2026;SANTOS;MUNDRA;BRAZIL ECO TRADE LTDA;EVERGREEN;EVER FAR;Finalizado;BRAZIL ECO TRADE LTDA;MADEIRA;FCL;0;6;40 HIGH CUBE;12
EM0451-26;ZIMUPGU8025884;02/04/2026 11:16;18/04/2026;19/05/2026;PARANAGUA;HALIFAX;ARAUCO INDUSTRIA DE PAINEIS S.A. - PIEN;ZIM;NAVIOS AMARILLO;Finalizado;ARAUCO INDUSTRIA DE PAINEIS S.A. - PIEN;MADEIRA;FCL;0;2;40 HIGH CUBE;4
EM0452-26;6449682870;02/04/2026 13:56;19/04/2026;21/05/2026;PARANAGUA;PUERTO CORTES;ARAUCO INDUSTRIA DE PAINEIS S.A. - PIEN;COSCO SHIPPING;SWANSEA;Finalizado;ARAUCO INDUSTRIA DE PAINEIS S.A. - PIEN;MADEIRA;FCL;0;1;40 HIGH CUBE;2
EM0453-26;6449678620;02/04/2026 14:00;19/04/2026;21/05/2026;PARANAGUA;PUERTO CORTES;ARAUCO INDUSTRIA DE PAINEIS S.A. - PIEN;COSCO SHIPPING;SWANSEA;Finalizado;ARAUCO INDUSTRIA DE PAINEIS S.A. - PIEN;MADEIRA;FCL;0;1;40 HIGH CUBE;2
EM0454-26;6449678630;02/04/2026 14:09;19/04/2026;21/05/2026;PARANAGUA;PUERTO CORTES;ARAUCO INDUSTRIA DE PAINEIS S.A. - PIEN;COSCO SHIPPING;SWANSEA;Finalizado;ARAUCO INDUSTRIA DE PAINEIS S.A. - PIEN;MADEIRA;FCL;0;2;40 HIGH CUBE;4
EM0455-26;268723457;02/04/2026 14:21;24/04/2026;11/05/2026;ITAPOA;NEWARK;PATMO LUMBER TRADE;MAERSK LINE;MAERSK MONTE ALEGRE;Finalizado;ESQUADRIBRAS - INDUSTRIA DE ESQUADRIAS LTDA;DOORS;FCL;0;1;40 HIGH CUBE;2
EM0456-26;268969082;02/04/2026 15:07;24/04/2026;11/05/2026;ITAPOA;NEWARK;PATMO LUMBER TRADE;MAERSK LINE;MAERSK MONTE ALEGRE;Finalizado;ESQUADRIBRAS - INDUSTRIA DE ESQUADRIAS LTDA;DOORS;FCL;0;1;40 HIGH CUBE;2
EM0457-26;ZIMUPGU8025865;02/04/2026 15:14;18/04/2026;14/05/2026;PARANAGUA;ALTAMIRA;GRUPO FORESTAL IND. MEXICANO CORPORATIVO;ZIM;NAVIOS AMARILLO;Finalizado;PINUSTAN INDUSTRIA E COMERCIO DE MADEIRAS LTDA;MADEIRA;FCL;0;2;40 HIGH CUBE;4
EM0458-26;268969162;02/04/2026 15:30;02/05/2026;18/05/2026;ITAPOA;NEWARK;PATMO LUMBER TRADE;MAERSK LINE;RDO FORTUNE;Finalizado;ESQUADRIBRAS - INDUSTRIA DE ESQUADRIAS LTDA;DOORS;FCL;0;1;40 HIGH CUBE;2
EM0459-26;BUA0361622;02/04/2026 16:38;27/02/2026;13/04/2026;BUENOS AIRES;ALTAMIRA;GRUPO FORESTAL IND. MEXICANO CORPORATIVO;CMA CGM DO BRASIL;MERCOSUL ITAJAI;Finalizado;RAUL E. FERNANDEZ S.A;MADEIRA;FCL;0;3;40 HIGH CUBE;6
EM0460-26;14714783;06/04/2026 13:49;30/04/2026;10/06/2026;PARANAGUA;LEIXOES;COMEX APOIO ADMINISTRATIVO LTDA;HAPAG LLOYD;LAEM CHABANG EXPRESS;Finalizado;SM MADEIRAS E LAMINADOS LTDA (0001-82);MADEIRA;FCL;0;3;40 HIGH CUBE;6
EM0463-26;269063613;06/04/2026 15:40;25/04/2026;02/06/2026;SANTOS;PIRAEUS;CUSTOMS SOLUTION EUROPEAN COMMUNITY SERVICES SINGLE MEMBER S.A.;MAERSK LINE;MAERSK LEON;Finalizado;NKG STOCKLER;COFFEE;FCL;1;0;20 DRY BOX;1
EM0465-26;6450003180;07/04/2026 09:22;19/04/2026;21/05/2026;PARANAGUA;PUERTO CORTES;ARAUCO INDUSTRIA DE PAINEIS S.A. - PIEN;COSCO SHIPPING;SWANSEA;Finalizado;ARAUCO INDUSTRIA DE PAINEIS S.A. - PIEN;MADEIRA;FCL;0;1;40 HIGH CUBE;2
EM0466-26;269076320;07/04/2026 10:36;22/04/2026;18/05/2026;SANTOS;CAUCEDO;COMEX APOIO ADMINISTRATIVO LTDA;MAERSK LINE;MAX SCHULTE;Finalizado;SM MADEIRAS LTDA (0001-63);MADEIRA;FCL;0;2;40 HIGH CUBE;4
EM0467-26;2322252670;08/04/2026 08:35;13/05/2026;02/07/2026;ITAJAI;ASHDOD;SHEM TOV PIRZUL;OOCL;NAVIOS DOMINO;Finalizado;EVOLUTION COMERCIAL EXPORTADORA LTDA;MADEIRA;FCL;0;1;40 HIGH CUBE;2
EM0468-26;269135016;08/04/2026 09:34;21/04/2026;23/05/2026;PARANAGUA;CORINTO;RDF COMERCIO EXTERIOR E ARMAZENS GERAIS LTDA;MAERSK LINE;CAPE SOREL;Finalizado;LABORATORIOS CALBOS LTDA;CARGA GERAL NAO PERIGOSA;FCL;0;1;40 HIGH CUBE;2
EM0469-26;91843874;08/04/2026 14:35;03/05/2026;30/05/2026;BUENOS AIRES;ALTAMIRA;GRUPO FORESTAL IND. MEXICANO CORPORATIVO;HAPAG LLOYD;COSTA RICA EXPRESS;Finalizado;RAUL E. FERNANDEZ S.A;MADEIRA;FCL;0;4;40 HIGH CUBE;8
EM0470-26;2321235510;08/04/2026 14:46;07/05/2026;02/07/2026;PARANAGUA;ASHDOD;P&B PRODUCTS COMERCIO DE PRODUTOS E ASSESSORIA DE IMPORTACAO E EXPORTACAO L;OOCL;XIN CHANG SHA;Finalizado;FORT EXPORTAÇÃO - NAO UTILIZAR CADASTRO;CARGA GERAL NAO PERIGOSA;FCL;0;3;40 HIGH CUBE;6
EM0471-26;6450191770;08/04/2026 15:31;06/05/2026;23/07/2026;IMBITUBA;PARAMARIBO;PATMO LUMBER TRADE;COSCO SHIPPING;CMA CGM RABELAIS;Finalizado;ESQUADRIBRAS - INDUSTRIA DE ESQUADRIAS LTDA;LUMBER;FCL;0;1;40 HIGH CUBE;2
EM0472-26;ZIMUPGU8025946;08/04/2026 17:19;29/04/2026;21/05/2026;PARANAGUA;ALTAMIRA;GRUPO FORESTAL IND. MEXICANO CORPORATIVO;ZIM;SUNNY PHOENIX;Finalizado;PINUSBRAS EXPORTACAO DE MADEIRA LTDA;MADEIRA;FCL;0;5;40 HIGH CUBE;10
EM0473-26;EBKG16462352;09/04/2026 14:45;17/04/2026;25/05/2026;PORTO VELHO;CAUCEDO;VEIGAFARIAS DESPACHOS ADUANEIROS LTDA;MSC MEDITERRANEO;BARGE;Finalizado;SOLIMAD MADEIRAS LTDA;MADEIRA;FCL;0;1;40 HIGH CUBE;2
EM0474-26;6450191290;09/04/2026 15:21;19/04/2026;24/06/2026;PARANAGUA;PORT OF SPAIN;INTERNATIONAL FOREST PRODUCTS;COSCO SHIPPING;SWANSEA;Finalizado;COMPENSADOS NOVO MILENIO LTDA;MADEIRA;FCL;0;2;40 HIGH CUBE;4
EM0475-26;22419322;09/04/2026 16:16;24/04/2026;07/06/2026;ITAJAI;HAMILTON;MANOEL MARCHETTI;HAPAG LLOYD;LE HAVRE EXPRESS;Finalizado;MANOEL MARCHETTI;MADEIRA;FCL;1;0;20 DRY BOX;1
EM0476-26;269260626;09/04/2026 17:58;;14/07/2026;ITAPOA;SALALAH;BIOPRODUTOS BRASILEIROS NEGÓCIOS INTERNACIONAIS LTDA – ME;MAERSK LINE;;Cancelado;BIOPRODUTOS BRASILEIROS NEGÓCIOS INTERNACIONAIS LTDA – ME;MADEIRA;FCL;0;9;40 HIGH CUBE;18
EM0477-26;269312500;10/04/2026 10:16;20/04/2026;08/06/2026;VITORIA (MARITIMO);ASHDOD;SEAWAY LOGISTICS LTDA;MAERSK LINE;LOG-IN PANTANAL;Finalizado;NATURALE GRANITOS E MARMORES LTDA;MARMORE, GRANITO, PEDRAS;FCL;1;0;20 DRY BOX;1
EM0478-26;269199794;10/04/2026 10:42;02/05/2026;04/06/2026;PARANAGUA;LISBOA;NTI GLOBAL LOGISTICS;MAERSK LINE;MAERSK LAGUNA;Finalizado;PECCIN SA;ALIMENTOS EM GERAL;FCL;1;0;20 DRY BOX;1
EM0479-26;39383570;10/04/2026 11:32;08/05/2026;10/06/2026;ITAPOA;READING, PA;MANOEL MARCHETTI;HAPAG LLOYD;MAERSK FORTALEZA;Finalizado;MANOEL MARCHETTI;MADEIRA;FCL;0;1;40 HIGH CUBE;2
EM0480-26;2322162500;10/04/2026 11:48;19/04/2026;10/05/2026;RIO DE JANEIRO;ROTTERDAM;MELBRAS IMPORTADORA E EXPORTADORA AGROINDUSTRIA LTDA;OOCL;NAVIOS VERMILION;Finalizado;MELBRAS IMPORTADORA E EXPORTADORA AGROINDUSTRIA LTDA;MEL;FCL;2;0;20 DRY BOX;2
EM0481-26;269380005;10/04/2026 14:36;26/04/2026;14/05/2026;PECEM;PORT EVERGLADES;KCE LOGISTICS USA;MAERSK LINE;MAERSK MONTE AZUL;Finalizado;PARAIPABA AGROINDUSTRIAL LTDA;AGUA DE COCO;FCL;0;1;40 HIGH CUBE;2
EM0482-26;2320048030;13/04/2026 11:07;23/04/2026;11/06/2026;PARANAGUA;ASHDOD;NESTOR SILVIO ZEILICOVICH;OOCL;XIN CHONG QING;Finalizado;INDUSTRIA E COMERCIO DE MADEIRAS SCHAFER LTDA;MADEIRA;FCL;0;1;40 HIGH CUBE;2
EM0483-26;6450658950;13/04/2026 15:27;07/06/2026;19/07/2026;PARANAGUA;HOUSTON;STANTON ASSOCIADOS IMP EXP E REPRESENTACOES LTDA;COSCO SHIPPING;APL NEW JERSEY;Finalizado;CARPISO IND.DE PAINEIS E REVEST.DE MAD.LTDA;MADEIRA;FCL;0;2;40 HIGH CUBE;4
EM0484-26;6450673720;13/04/2026 15:47;19/04/2026;07/05/2026;PARANAGUA;CARTAGENA, CO;FECULARIA ELDORADO LTDA;COSCO SHIPPING;SWANSEA;Finalizado;FECULARIA ELDORADO LTDA;ALIMENTOS EM GERAL;FCL;0;1;40 HIGH CUBE;2
EM0485-26;269390872;13/04/2026 15:50;05/05/2026;09/06/2026;SANTOS;PIRAEUS;CUSTOMS SOLUTION EUROPEAN COMMUNITY SERVICES SINGLE MEMBER S.A.;MAERSK LINE;CMA CGM LISA MARIE;Finalizado;COFFEE SENSES LTDA;COFFEE;FCL;1;0;20 DRY BOX;1
EM0486-26;6450502980;13/04/2026 16:43;04/06/2026;28/06/2026;IMBITUBA;HOUSTON;TTS REPRESENTACOES COMERCIAS LTDA;COSCO SHIPPING;CMA CGM SAMBHAR;Finalizado;MADPINE MADEIRAS LTDA;MADEIRA;FCL;0;1;40 HIGH CUBE;2
EM0487-26;6450504100;13/04/2026 18:02;03/05/2026;06/06/2026;PARANAGUA;BUENAVENTURA;ARAUCO INDUSTRIA DE PAINEIS S.A. - PIEN;COSCO SHIPPING;CMA CGM RABELAIS;Finalizado;ARAUCO INDUSTRIA DE PAINEIS S.A. - PIEN;MADEIRA;FCL;0;3;40 HIGH CUBE;6
EM0488-26;33201538;14/04/2026 09:04;08/05/2026;02/06/2026;ITAPOA;WARWICK;MANOEL MARCHETTI;HAPAG LLOYD;MAERSK FORTALEZA;Finalizado;MANOEL MARCHETTI;MADEIRA;FCL;0;1;40 HIGH CUBE;2
EM0489-26;41435561;14/04/2026 14:04;30/05/2026;28/06/2026;NAVEGANTES;LONDON GATEWAY PORT;MASTER COMERCIO EXTERIOR LTDA.;HAPAG LLOYD;BREMERHAVEN EXPRESS;Finalizado;SOUTH SERVICE TRADING SA;MADEIRA;FCL;0;2;40 HIGH CUBE;4
EM0490-26;6450674590;15/04/2026 08:48;12/05/2026;03/07/2026;IMBITUBA;SAN JOSE, Costa Rica - DOOR DELIVERY;METALURGICA TRAPP LTDA;COSCO SHIPPING;TINA I;Finalizado;METALURGICA TRAPP LTDA;MAQUINARIOS;FCL;1;0;20 DRY BOX;1
EM0492-26;22775568;15/04/2026 09:07;15/05/2026;28/08/2026;SANTOS;MUNDRA;TWS COMEX;HAPAG LLOYD;ONE SYNERGY;Embarcado;COMPO EXPERT BRASIL FERT. LTDA;FERTILIZANTE;FCL;1;0;20 DRY BOX;1
EM0493-26;EBKG16555203;15/04/2026 11:37;14/05/2026;04/07/2026;PARANAGUA;MONTREAL;MMC  S.A.;MSC MEDITERRANEO;MSC LUDOVICA;Finalizado;MMC  S.A.;MADEIRA;FCL;0;1;40 HIGH CUBE;2
EM0494-26;6450978880;15/04/2026 17:21;03/05/2026;22/05/2026;PARANAGUA;CARTAGENA, CO;ARAUCO INDUSTRIA DE PAINEIS S.A. - PIEN;COSCO SHIPPING;CMA CGM RABELAIS;Finalizado;ARAUCO INDUSTRIA DE PAINEIS S.A. - PIEN;MADEIRA;FCL;0;2;40 HIGH CUBE;4
EM0495-26;6450978840;15/04/2026 17:30;03/05/2026;06/06/2026;PARANAGUA;BUENAVENTURA;ARAUCO INDUSTRIA DE PAINEIS S.A. - PIEN;COSCO SHIPPING;CMA CGM RABELAIS;Finalizado;ARAUCO INDUSTRIA DE PAINEIS S.A. - PIEN;MADEIRA;FCL;0;7;40 HIGH CUBE;14
EM0496-26;ZIMUPGU8026071;16/04/2026 09:12;04/05/2026;04/06/2026;PARANAGUA;ALTAMIRA;GRUPO FORESTAL IND. MEXICANO CORPORATIVO;ZIM;ZIM BALTIMORE;Finalizado;SINCOL SA INDUSTRIA E COMERCIO;MADEIRA;FCL;0;1;40 HIGH CUBE;2
EM0497-26;269492985;16/04/2026 16:53;05/05/2026;27/06/2026;ITAPOA;DURBAN;METALURGICA TRAPP LTDA;MAERSK LINE;SANTA INES;Finalizado;METALURGICA TRAPP LTDA;MAQUINARIOS;FCL;0;1;40 HIGH CUBE;2
EM0498-26;2326103380;17/04/2026 16:14;13/05/2026;30/06/2026;ITAJAI;HAIFA;DITZEL & SANCHES LTDA;OOCL;NAVIOS DOMINO;Finalizado;DITZEL & SANCHES LTDA;LUMBER;FCL;0;1;40 HIGH CUBE;2
EM0499-26;SAO600259300;17/04/2026 17:16;26/04/2026;29/06/2026;PARANAGUA;KARACHI;FECULARIA ELDORADO LTDA;PIL - PACIFIC INTERNATIONAL LINES;EVER FORTUNE;Desembarcado;FECULARIA ELDORADO LTDA;ALIMENTOS EM GERAL;FCL;0;2;40 HIGH CUBE;4
EM0500-26;93971802;20/04/2026 09:47;10/05/2026;09/07/2026;BUENOS AIRES;ALTAMIRA;GRUPO FORESTAL IND. MEXICANO CORPORATIVO;HAPAG LLOYD;MSC PHOENIX;Finalizado;RAUL E. FERNANDEZ S.A;MADEIRA;FCL;0;2;40 HIGH CUBE;4
EM0501-26;6450495180;20/04/2026 10:48;03/05/2026;26/05/2026;PARANAGUA;KINGSTON;INTERNATIONAL FOREST PRODUCTS;COSCO SHIPPING;CMA CGM RABELAIS;Finalizado;SANTA CATARINA INDUSTRIA E COMERCIO DE COMPENSADOS LTDA.;MADEIRA;FCL;0;5;40 HIGH CUBE;10
EM0502-26;6451432080;20/04/2026 11:06;21/05/2026;28/06/2026;PARANAGUA;HELSINGBORG;AG - ASSESSORIA E AGENCIAMENTO EM COMERCIO EXTERIOR LTDA;COSCO SHIPPING;SEATTLE C;Finalizado;SISPORTE COMERCIO E SISTEMAS EIRELI;MADEIRA;FCL;0;1;40 HIGH CUBE;2
EM0503-26;6451439250;20/04/2026 12:04;03/05/2026;26/05/2026;PARANAGUA;KINGSTON;INTERNATIONAL FOREST PRODUCTS;COSCO SHIPPING;CMA CGM RABELAIS;Finalizado;GUARAETA COMPENSADOS LTDA;MADEIRA;FCL;0;4;40 HIGH CUBE;8
EM0504-26;6449264120;20/04/2026 13:40;03/05/2026;06/06/2026;PARANAGUA;PUERTO CORTES;ARAUCO INDUSTRIA DE PAINEIS S.A. - PIEN;COSCO SHIPPING;CMA CGM RABELAIS;Finalizado;ARAUCO INDUSTRIA DE PAINEIS S.A. - PIEN;MADEIRA;FCL;0;1;40 HIGH CUBE;2
EM0505-26;SAO600259400;20/04/2026 14:33;10/05/2026;24/07/2026;PARANAGUA;KARACHI;FECULARIA ELDORADO LTDA;PIL - PACIFIC INTERNATIONAL LINES;EVER FAIR;Desembarcado;FECULARIA ELDORADO LTDA;ALIMENTOS EM GERAL;FCL;0;2;40 HIGH CUBE;4
EM0506-26;24722216;20/04/2026 17:07;06/05/2026;17/06/2026;RIO GRANDE;BLOOMFIELD, NJ, US;MAPPER LOGISTICA DE COMERCIO EXTERIOR;HAPAG LLOYD;MAERSK FORTALEZA;Finalizado;MAPPER LOGISTICA DE COMERCIO EXTERIOR;ALIMENTOS EM GERAL;FCL;0;1;40 HIGH CUBE;2
EM0507-26;6449264170;20/04/2026 17:08;03/05/2026;26/05/2026;PARANAGUA;KINGSTON;INTERNATIONAL FOREST PRODUCTS;COSCO SHIPPING;CMA CGM RABELAIS;Finalizado;FAGANELLO INDUSTRIA DE COMPENSADOS;MADEIRA;FCL;0;5;40 HIGH CUBE;10
EM0508-26;6450503390;22/04/2026 15:40;19/05/2026;02/07/2026;ITAJAI;RIGA;PATMO LUMBER TRADE;COSCO SHIPPING;SEATTLE C;Finalizado;ESQUADRIBRAS - INDUSTRIA DE ESQUADRIAS LTDA;LUMBER;FCL;0;1;40 HIGH CUBE;2
EM0509-26;269813508;22/04/2026 17:33;07/06/2026;07/07/2026;SANTOS;PIRAEUS;CUSTOMS SOLUTION EUROPEAN COMMUNITY SERVICES SINGLE MEMBER S.A.;MAERSK LINE;MAERSK LEON;Finalizado;COFFEE SENSES LTDA;COFFEE;FCL;1;0;20 DRY BOX;1
EM0510-26;6451778380;23/04/2026 09:00;06/05/2026;02/07/2026;IMBITUBA;PORT OF SPAIN;INTERNATIONAL FOREST PRODUCTS;COSCO SHIPPING;CMA CGM RABELAIS;Finalizado;BERNECK S.A. PAINEIS E SERRADOS;MADEIRA;FCL;0;3;40 HIGH CUBE;6
EM0511-26;6451779330;23/04/2026 10:10;03/05/2026;22/05/2026;PARANAGUA;CARTAGENA, CO;FECULARIA ELDORADO LTDA;COSCO SHIPPING;CMA CGM RABELAIS;Finalizado;FECULARIA ELDORADO LTDA;ALIMENTOS EM GERAL;FCL;0;1;40 HIGH CUBE;2
EM0513-26;2326487910;23/04/2026 11:39;19/05/2026;12/07/2026;ITAJAI;ASHDOD;PORTOTAL ASSESSORIA EM COMERCIO EXTERIOR LTDA;OOCL;SEATTLE C;Finalizado;MADESTIK MADEIRAS;MADEIRA;FCL;0;1;40 HIGH CUBE;2
EM0514-26;6451906490;23/04/2026 13:55;12/05/2026;21/06/2026;IMBITUBA;SANTO TOMAS DE CASTILLA;INTERNATIONAL FOREST PRODUCTS;COSCO SHIPPING;TINA I;Finalizado;BERNECK S.A. PAINEIS E SERRADOS;MADEIRA;FCL;0;2;40 HIGH CUBE;4
EM0515-26;ZIMUPGU8026145;23/04/2026 14:46;04/05/2026;04/06/2026;PARANAGUA;ALTAMIRA;GRUPO FORESTAL IND. MEXICANO CORPORATIVO;ZIM;ZIM BALTIMORE;Finalizado;PINUSTAN INDUSTRIA E COMERCIO DE MADEIRAS LTDA;MADEIRA;FCL;0;2;40 HIGH CUBE;4
EM0516-26;26515424;23/04/2026 16:32;17/05/2026;13/06/2026;MONTEVIDEO;ALTAMIRA;GRUPO FORESTAL IND. MEXICANO CORPORATIVO;HAPAG LLOYD;JAZAN;Finalizado;IMNSUR LTDA;MADEIRA;FCL;0;4;40 HIGH CUBE;8
EM0517-26;90318865;23/04/2026 16:37;12/05/2026;06/07/2026;MONTEVIDEO;ALTAMIRA;GRUPO FORESTAL IND. MEXICANO CORPORATIVO;HAPAG LLOYD;MSC PHOENIX;Finalizado;IMNSUR LTDA;MADEIRA;FCL;0;5;40 HIGH CUBE;10
EM0518-26;ZIMUITJ8054145;23/04/2026 17:51;06/06/2026;03/07/2026;NAVEGANTES;ALTAMIRA;GRUPO FORESTAL IND. MEXICANO CORPORATIVO;ZIM;SPYROS V;Finalizado;MADEIREIRA GRAMADOS LTDA;MADEIRA;FCL;0;3;40 HIGH CUBE;6
EM0519-26;ZIMUITJ8054144;23/04/2026 17:54;18/05/2026;14/06/2026;NAVEGANTES;ALTAMIRA;GRUPO FORESTAL IND. MEXICANO CORPORATIVO;ZIM;MELINA;Finalizado;MADEIREIRA GRAMADOS LTDA;MADEIRA;FCL;0;3;40 HIGH CUBE;6
EM0520-26;EBKG16656785;24/04/2026 10:18;21/05/2026;10/07/2026;PARANAGUA;DURRES;E. GOMES COMERCIO IMP. E EXP. LTDA;MSC MEDITERRANEO;MSC ALBANY;Cancelado;INDUSTRIA DE TECA MATO GROSSO LTDA;CARGA GERAL NAO PERIGOSA;FCL;1;0;20 DRY BOX;1
EM0521-26;ZIMUPGU8026155;24/04/2026 10:58;04/05/2026;04/06/2026;PARANAGUA;ALTAMIRA;GRUPO FORESTAL IND. MEXICANO CORPORATIVO;ZIM;ZIM BALTIMORE;Finalizado;INDUSTRIA DE COMPENSADOS SUDATI LTDA (0003-09 - SUV);MADEIRA;FCL;0;5;40 HIGH CUBE;10
EM0522-26;6452040350;24/04/2026 11:07;03/05/2026;06/06/2026;PARANAGUA;BUENAVENTURA;ARAUCO INDUSTRIA DE PAINEIS S.A. - PIEN;COSCO SHIPPING;CMA CGM RABELAIS;Finalizado;ARAUCO INDUSTRIA DE PAINEIS S.A. - PIEN;MADEIRA;FCL;0;4;40 HIGH CUBE;8
EM0523-26;ZIMUPGU8026175;24/04/2026 16:34;04/05/2026;04/06/2026;PARANAGUA;ALTAMIRA;GRUPO FORESTAL IND. MEXICANO CORPORATIVO;ZIM;ZIM BALTIMORE;Finalizado;MIRALUZ IND E COM DE MADEIRAS LTDA;MADEIRA;FCL;0;1;40 HIGH CUBE;2
EM0524-26;6449264390;27/04/2026 08:49;10/05/2026;12/06/2026;PARANAGUA;KINGSTON;PLYLOG;COSCO SHIPPING;TINA I;Finalizado;INDUSTRIA DE COMPENSADOS GUARARAPES LTDA;MADEIRA;FCL;0;10;40 HIGH CUBE;20
EM0525-26;6449265220;27/04/2026 09:02;24/05/2026;19/06/2026;PARANAGUA;KINGSTON;PLYLOG;COSCO SHIPPING;CMA CGM SAMBHAR;Finalizado;INDUSTRIA DE COMPENSADOS GUARARAPES LTDA;MADEIRA;FCL;0;10;40 HIGH CUBE;20
EM0526-26;6449265700;27/04/2026 09:07;07/06/2026;09/07/2026;PARANAGUA;KINGSTON;PLYLOG;COSCO SHIPPING;APL NEW JERSEY;Finalizado;INDUSTRIA DE COMPENSADOS GUARARAPES LTDA;MADEIRA;FCL;0;10;40 HIGH CUBE;20
EM0527-26;SAOG26472900;27/04/2026 10:19;23/05/2026;15/07/2026;RIO GRANDE;NHAVA SHEVA;CRESCERE GESTAO DE NEGOCIOS LTDA;ONE - OCEAN NETWORK EXPRESS;SAO PAULO EXPRESS;Finalizado;VLP COMERCIAL EXPORTADORA E IMPORTADORA LTDA;MADEIRA;FCL;0;1;40 HIGH CUBE;2
EM0528-26;6452192250;27/04/2026 11:37;12/05/2026;30/07/2026;IMBITUBA;GEORGETOWN, GY;INTERNATIONAL FOREST PRODUCTS;COSCO SHIPPING;TINA I;Desembarcado;BERNECK S.A. PAINEIS E SERRADOS;MADEIRA;FCL;0;2;40 HIGH CUBE;4
EM0529-26;ZIMUPGU8026189;27/04/2026 15:03;25/05/2026;02/07/2026;PARANAGUA;HALIFAX;ARAUCO INDUSTRIA DE PAINEIS S.A. - PIEN;ZIM;FELIXSTOWE;Finalizado;ARAUCO INDUSTRIA DE PAINEIS S.A. - PIEN;MADEIRA;FCL;0;1;40 HIGH CUBE;2
EM0530-26;270160509;27/04/2026 15:57;26/05/2026;17/06/2026;RIO DE JANEIRO;HOUSTON;HONEY HOLDING I, LTD;MAERSK LINE;MSC YAMUNA VI;Finalizado;MELBRAS IMPORTADORA E EXPORTADORA AGROINDUSTRIA LTDA;MEL;FCL;1;0;20 DRY BOX;1
EM0531-26;2326946810;28/04/2026 08:50;16/05/2026;23/06/2026;SANTOS;ALIAGA;MESCO INTERNATIONAL FORWARDING INC.;OOCL;NAVIOS DOMINO;Finalizado;CRUZEIRO PAPEIS INDUSTRIAIS LTDA;PAPEL;FCL;0;1;40 HIGH CUBE;2
EM0532-26;270153777;28/04/2026 10:09;13/05/2026;26/07/2026;RIO GRANDE;BRISBANE;MAPPER LOGISTICA DE COMERCIO EXTERIOR;MAERSK LINE;SAN MARCO MAERSK;Finalizado;IMS BRAZIL LTDA;ALIMENTOS EM GERAL;FCL;0;1;40 HIGH CUBE;2
EM0533-26;6452355840;28/04/2026 10:23;12/05/2026;12/06/2026;IMBITUBA;KINGSTON;MANOEL MARCHETTI;COSCO SHIPPING;TINA I;Finalizado;MANOEL MARCHETTI;MADEIRA;FCL;0;3;40 HIGH CUBE;6
EM0534-26;EBKG16695094;28/04/2026 11:46;21/05/2026;16/06/2026;MANAUS;CHARLESTON;N.CINTRA COMERCIO E SERVICOS DE ARTEFATOS DE MADEIRA LTDA;MSC MEDITERRANEO;MSC ASTRID III;Finalizado;BATISTA & CIA LTDA;MADEIRA;FCL;0;2;40 HIGH CUBE;4
EM0535-26;270271974;29/04/2026 10:48;10/05/2026;24/05/2026;SANTOS;CARTAGENA, CO;24K LOGISTICS SAS;MAERSK LINE;MAERSK PANGANI;Finalizado;Contitech Do Brasil Produtos Automotivos E Industriais Ltda.;CARGA GERAL NAO PERIGOSA;FCL;1;0;20 DRY BOX;1
EM0536-26;EBKG16731116;29/04/2026 15:17;11/06/2026;20/07/2026;PARANAGUA;BALTIMORE;M. A. COMISSARIA;MSC MEDITERRANEO;MSC BASEL V;Finalizado;IRUNA S.A.I.C.;;FCL;0;1;40 HIGH CUBE;2
EM0537-26;EBKG16731156;29/04/2026 15:21;11/06/2026;20/07/2026;PARANAGUA;BALTIMORE;M. A. COMISSARIA;MSC MEDITERRANEO;MSC BASEL V;Finalizado;IRUNA S.A.I.C.;;FCL;0;1;40 HIGH CUBE;2
EM0538-26;SAO600284400;29/04/2026 15:35;11/08/2026;04/09/2026;NAVEGANTES;NHAVA SHEVA;CRESCERE GESTAO DE NEGOCIOS LTDA;PIL - PACIFIC INTERNATIONAL LINES;CMA CGM COBALT;Embarcado;GRAN METAL LTDA;MADEIRA;FCL;0;3;40 HIGH CUBE;6
EM0539-26;16489477;29/04/2026 17:05;15/05/2026;13/06/2026;BUENOS AIRES;ALTAMIRA;GRUPO FORESTAL IND. MEXICANO CORPORATIVO;HAPAG LLOYD;JAZAN;Finalizado;RAUL E. FERNANDEZ S.A;MADEIRA;FCL;0;2;40 HIGH CUBE;4
EM0540-26;6450494660;29/04/2026 17:21;24/05/2026;15/06/2026;PARANAGUA;CARTAGENA, CO;FECULARIA ELDORADO LTDA;COSCO SHIPPING;CMA CGM SAMBHAR;Finalizado;FECULARIA ELDORADO LTDA;ALIMENTOS EM GERAL;FCL;0;6;40 HIGH CUBE;12
EM0541-26;6452529390;29/04/2026 17:28;07/06/2026;06/07/2026;PARANAGUA;CARTAGENA, CO;FECULARIA ELDORADO LTDA;COSCO SHIPPING;APL NEW JERSEY;Finalizado;FECULARIA ELDORADO LTDA;ALIMENTOS EM GERAL;FCL;0;6;40 HIGH CUBE;12
EM0542-26;6449264350;30/04/2026 17:16;10/05/2026;12/06/2026;PARANAGUA;KINGSTON;INTERNATIONAL FOREST PRODUCTS;COSCO SHIPPING;TINA I;Finalizado;GUARAETA COMPENSADOS LTDA;MADEIRA;FCL;0;1;40 HIGH CUBE;2
EM0543-26;2327073150;30/04/2026 17:32;21/05/2026;01/07/2026;PARANAGUA;PIRAEUS;INTERNATIONAL FOREST PRODUCTS;OOCL;SEATTLE C;Finalizado;AGROSEPAC SERRADOS LTDA;MADEIRA;FCL;0;3;40 HIGH CUBE;6
EM0544-26;6452678030;30/04/2026 17:47;10/05/2026;09/07/2026;PARANAGUA;SAVANNAH;TEX SHIPPING LTDA;COSCO SHIPPING;TINA I;Finalizado;TEX SHIPPING LTDA;MADEIRA;FCL;0;1;40 HIGH CUBE;2
EM0545-26;6449265230;04/05/2026 09:36;04/06/2026;01/07/2026;IMBITUBA;MOIN;TEX SHIPPING LTDA;COSCO SHIPPING;CMA CGM SAMBHAR;Finalizado;TEX SHIPPING LTDA;MADEIRA;FCL;0;1;40 HIGH CUBE;2
EM0546-26;6503316300;04/05/2026 13:52;22/06/2026;22/07/2026;PARANAGUA;KINGSTON;INTERNATIONAL FOREST PRODUCTS;COSCO SHIPPING;SWANSEA;Finalizado;AGROSEPAC SERRADOS LTDA;MADEIRA;FCL;0;4;40 HIGH CUBE;8
EM0547-26;6450494670;04/05/2026 14:10;24/05/2026;22/07/2026;PARANAGUA;PORT OF SPAIN;INTERNATIONAL FOREST PRODUCTS;COSCO SHIPPING;CMA CGM SAMBHAR;Finalizado;FAGANELLO INDUSTRIA DE COMPENSADOS;MADEIRA;FCL;0;3;40 HIGH CUBE;6
EM0548-26;6452676650;04/05/2026 14:17;13/06/2026;19/08/2026;SANTOS;PARAMARIBO;BTOTH COMEX;COSCO SHIPPING;APL NEW JERSEY;Desembarcado;ECTX S/A - EUCATEX;LUMBER;FCL;0;2;40 HIGH CUBE;4
EM0549-26;6500277420;05/05/2026 10:32;24/05/2026;05/07/2026;PARANAGUA;PUERTO CORTES;ARAUCO INDUSTRIA DE PAINEIS S.A. - PIEN;COSCO SHIPPING;CMA CGM SAMBHAR;Finalizado;ARAUCO INDUSTRIA DE PAINEIS S.A. - PIEN;MADEIRA;FCL;0;3;40 HIGH CUBE;6
EM0550-26;2319550140;05/05/2026 11:56;24/01/2026;23/02/2026;XIAMEN;MANZANILLO, MX;WEPORT S.A. DE C.V.;OOCL;COSCO ASIA;Finalizado;XIAMEN JIALIN FOREIGN TRADE CO.,LTD;MADEIRA;FCL;0;1;40 HIGH CUBE;2
EM0551-26;265411310;05/05/2026 12:11;31/01/2026;27/02/2026;XIAMEN;MANZANILLO, MX;WEPORT S.A. DE C.V.;MAERSK LINE;SYNERGY BUSAN;Finalizado;XIAMEN JIALIN FOREIGN TRADE CO.,LTD;MADEIRA;FCL;0;4;40 HIGH CUBE;8
EM0552-26;270330269;05/05/2026 14:49;07/06/2026;07/07/2026;SANTOS;PIRAEUS;CUSTOMS SOLUTION EUROPEAN COMMUNITY SERVICES SINGLE MEMBER S.A.;MAERSK LINE;MAERSK LEON;Finalizado;NKG STOCKLER;COFFEE;FCL;1;0;20 DRY BOX;1
EM0553-26;6451439251;05/05/2026 14:58;24/05/2026;27/06/2026;PARANAGUA;BUENAVENTURA;ARAUCO INDUSTRIA DE PAINEIS S.A. - PIEN;COSCO SHIPPING;CMA CGM SAMBHAR;Finalizado;ARAUCO INDUSTRIA DE PAINEIS S.A. - PIEN;MADEIRA;FCL;0;2;40 HIGH CUBE;4
EM0554-26;EBKG16789362;06/05/2026 07:34;23/05/2026;20/06/2026;NAVEGANTES;LONDON GATEWAY PORT;LAMEX FOODS EUROPE LTD;MSC MEDITERRANEO;MSC INSA;Finalizado;MINAMEL AGROINDUSTRIA LTDA;MEL;FCL;3;0;20 DRY BOX;3
EM0555-26;ZIMUPGU8026285;06/05/2026 08:45;23/06/2026;16/07/2026;PARANAGUA;ALTAMIRA;GRUPO FORESTAL IND. MEXICANO CORPORATIVO;ZIM;NAVIOS AMARILLO;Finalizado;SINCOL SA INDUSTRIA E COMERCIO;MADEIRA;FCL;0;3;40 HIGH CUBE;6
EM0556-26;ZIMUPGU8026279;06/05/2026 08:55;25/05/2026;21/06/2026;PARANAGUA;ALTAMIRA;GRUPO FORESTAL IND. MEXICANO CORPORATIVO;ZIM;FELIXSTOWE;Finalizado;SINCOL SA INDUSTRIA E COMERCIO;MADEIRA;FCL;0;3;40 HIGH CUBE;6
EM0557-26;2327324490;06/05/2026 08:55;22/05/2026;10/07/2026;SANTOS;ASHDOD;SEAWAY LOGISTICS LTDA;OOCL;SEATTLE C;Finalizado;JAPI S/A. INDUSTRIA E COMERCIO;POLYRESIN PLANTERS;FCL;0;1;40 HIGH CUBE;2
EM0558-26;EBKG16770783;06/05/2026 10:00;24/05/2026;20/07/2026;RIO GRANDE;SEATTLE;MAPPER LOGISTICA DE COMERCIO EXTERIOR;MSC MEDITERRANEO;MSC CAROLINA;Finalizado;IMS BRAZIL LTDA;ALIMENTOS EM GERAL;FCL;1;0;20 DRY BOX;1
EM0561-26;270440444;06/05/2026 11:21;18/05/2026;13/07/2026;VITORIA (MARITIMO);ASHDOD;SEAWAY LOGISTICS LTDA;MAERSK LINE;LOG-IN PANTANAL;Finalizado;NATURALE GRANITOS E MARMORES LTDA;MARMORE, GRANITO, PEDRAS;FCL;1;0;20 DRY BOX;1
EM0562-26;6500277410;06/05/2026 14:30;24/05/2026;05/07/2026;PARANAGUA;PUERTO CORTES;ARAUCO INDUSTRIA DE PAINEIS S.A. - PIEN;COSCO SHIPPING;CMA CGM SAMBHAR;Finalizado;ARAUCO INDUSTRIA DE PAINEIS S.A. - PIEN;MADEIRA;FCL;0;1;40 HIGH CUBE;2
EM0563-26;SGSIN26029E;06/05/2026 15:17;12/06/2026;31/07/2026;ITAJAI;SHANGHAI;GRANATUM INGREDIENTS LTDA;MSL DO BRASIL AGENCIAMENTOS E TRANSPORTES LTDA.;SANTA CATARINA EXPRESS;Finalizado;GRANATUM INGREDIENTS LTDA;CARGA GERAL NAO PERIGOSA;LCL;0;0;;0
EM0564-26;6449265210;06/05/2026 15:34;24/05/2026;16/06/2026;PARANAGUA;CARTAGENA, CO;ARAUCO INDUSTRIA DE PAINEIS S.A. - PIEN;COSCO SHIPPING;CMA CGM SAMBHAR;Finalizado;ARAUCO INDUSTRIA DE PAINEIS S.A. - PIEN;MADEIRA;FCL;0;2;40 HIGH CUBE;4
EM0565-26;EBKG16788969;06/05/2026 17:32;13/06/2026;26/08/2026;MANAUS;TUTICORIN;ELITE IMPORTACAO & EXPORTACAO LTDA;MSC MEDITERRANEO;GSL MERCER;Embarcado;ELITE IMPORTACAO & EXPORTACAO LTDA;MADEIRA;FCL;0;2;40 HIGH CUBE;4
EM0566-26;EBKG16788968;07/05/2026 09:41;13/06/2026;26/08/2026;MANAUS;TUTICORIN;ELITE IMPORTACAO & EXPORTACAO LTDA;MSC MEDITERRANEO;GSL MERCER;Embarcado;ELITE IMPORTACAO & EXPORTACAO LTDA;MADEIRA;FCL;0;2;40 HIGH CUBE;4
EM0567-26;EBKG16789005;07/05/2026 10:17;23/06/2026;16/08/2026;MANAUS;NHAVA SHEVA;ELITE IMPORTACAO & EXPORTACAO LTDA;MSC MEDITERRANEO;MSC ASTRID III;Finalizado;ELITE IMPORTACAO & EXPORTACAO LTDA;MADEIRA;FCL;0;2;40 HIGH CUBE;4
EM0568-26;6500267900;07/05/2026 17:12;07/06/2026;09/07/2026;PARANAGUA;KINGSTON;INTERNATIONAL FOREST PRODUCTS;COSCO SHIPPING;APL NEW JERSEY;Finalizado;CARPISO IND.DE PAINEIS E REVEST.DE MAD.LTDA;MADEIRA;FCL;0;4;40 HIGH CUBE;8
EM0569-26;ZIMUPGU8026362;07/05/2026 17:25;25/05/2026;14/06/2026;PARANAGUA;KINGSTON;INTERNATIONAL FOREST PRODUCTS;ZIM;FELIXSTOWE;Finalizado;SENBRA INDUSTRIA E COMERCIO DE MADEIRAS LTDA;MADEIRA;FCL;0;5;40 HIGH CUBE;10
EM0570-26;47406608;08/05/2026 11:25;05/06/2026;03/07/2026;ITAJAI;NEW YORK;ARTEFATOS DE MADEIRAS STOLF LTDA;HAPAG LLOYD;CAPE PIONEER;Finalizado;ARTEFATOS DE MADEIRAS STOLF LTDA;CARGA GERAL NAO PERIGOSA;FCL;0;1;40 HIGH CUBE;2
EM0571-26;6500620370;08/05/2026 12:07;24/05/2026;08/07/2026;PARANAGUA;CAUCEDO;MARINE BOX LUMBER AGENCY LTDA;COSCO SHIPPING;CMA CGM SAMBHAR;Finalizado;SM MADEIRAS LTDA (0001-63);MADEIRA;FCL;0;2;40 HIGH CUBE;4
EM0572-26;6500623700;08/05/2026 14:14;07/06/2026;29/07/2026;PARANAGUA;CAUCEDO;FECULARIA ELDORADO LTDA;COSCO SHIPPING;APL NEW JERSEY;Finalizado;FECULARIA ELDORADO LTDA;ALIMENTOS EM GERAL;FCL;0;1;40 HIGH CUBE;2
EM0573-26;ZIMUITJ8054371;08/05/2026 14:34;30/05/2026;27/06/2026;ITAPOA;ALTAMIRA;GRUPO FORESTAL IND. MEXICANO CORPORATIVO;ZIM;LONCOMILLA;Finalizado;ILHA BD INDUSTRIA E COMERCIO DE MADEIRAS LTDA;MADEIRA;FCL;0;2;40 HIGH CUBE;4
EM0574-26;ZIMUPGU8026381;08/05/2026 15:31;25/05/2026;21/06/2026;PARANAGUA;ALTAMIRA;GRUPO FORESTAL IND. MEXICANO CORPORATIVO;ZIM;FELIXSTOWE;Finalizado;INDUSTRIA E COM. DE COMPENSADOS SUL PARANÁ LTDA;MADEIRA;FCL;0;3;40 HIGH CUBE;6
EM0575-26;6449265710;08/05/2026 16:03;04/06/2026;19/06/2026;IMBITUBA;KINGSTON;MANOEL MARCHETTI;COSCO SHIPPING;CMA CGM SAMBHAR;Finalizado;MANOEL MARCHETTI;MADEIRA;FCL;0;1;40 HIGH CUBE;2
EM0576-26;28226066;08/05/2026 17:15;22/05/2026;21/06/2026;BUENOS AIRES;ALTAMIRA;GRUPO FORESTAL IND. MEXICANO CORPORATIVO;HAPAG LLOYD;WIDE HOTEL;Finalizado;RAUL E. FERNANDEZ S.A;MADEIRA;FCL;0;2;40 HIGH CUBE;4
EM0577-26;270627472;08/05/2026 17:23;07/06/2026;07/07/2026;SANTOS;PIRAEUS;CUSTOMS SOLUTION EUROPEAN COMMUNITY SERVICES SINGLE MEMBER S.A.;MAERSK LINE;MAERSK LEON;Finalizado;COFFEE SENSES LTDA;COFFEE;FCL;1;0;20 DRY BOX;1
EM0578-26;2321235511;11/05/2026 09:56;21/05/2026;10/07/2026;PARANAGUA;ASHDOD;P&B PRODUCTS COMERCIO DE PRODUTOS E ASSESSORIA DE IMPORTACAO E EXPORTACAO L;OOCL;SEATTLE C;Finalizado;FORT EXPORTAÇÃO IMPORTAÇÃO LTDA;CARGA GERAL NAO PERIGOSA;FCL;0;1;40 HIGH CUBE;2
EM0579-26;270704534;11/05/2026 10:23;18/05/2026;14/07/2022;VITORIA (MARITIMO);ASHDOD;SEAWAY LOGISTICS LTDA;MAERSK LINE;LOG-IN PANTANAL;Finalizado;VITORIA STONE INDUSTRIA E COMERCIO S/A;MARMORE, GRANITO, PEDRAS;FCL;1;0;20 DRY BOX;1
EM0580-26;6449265690;11/05/2026 17:47;07/06/2026;14/08/2026;PARANAGUA;PORT OF SPAIN;INTERNATIONAL FOREST PRODUCTS;COSCO SHIPPING;APL NEW JERSEY;Finalizado;BERNECK S.A. PAINEIS E SERRADOS;MADEIRA;FCL;0;1;40 HIGH CUBE;2
EM0581-26;2327919100;11/05/2026 18:02;19/05/2026;09/07/2026;ITAJAI;HAIFA;DITZEL & SANCHES LTDA;OOCL;SEATTLE C;Finalizado;DITZEL & SANCHES LTDA;LUMBER;FCL;0;1;40 HIGH CUBE;2
EM0582-26;6501034300;12/05/2026 10:41;14/06/2026;31/07/2026;PARANAGUA;BUENAVENTURA;ARAUCO INDUSTRIA DE PAINEIS S.A. - PIEN;COSCO SHIPPING;CARDIFF;Finalizado;ARAUCO INDUSTRIA DE PAINEIS S.A. - PIEN;MADEIRA;FCL;0;1;40 HIGH CUBE;2
EM0583-26;SSZ1788803;12/05/2026 10:46;22/05/2026;17/07/2026;NAVEGANTES;POINTE DE GALETS;MAPPER LOGISTICA DE COMERCIO EXTERIOR;CMA CGM DO BRASIL;COSCO SHIPPING MEXICO;Finalizado;CALCADOS MARTE LTDA;SAPATOS;FCL;1;0;20 DRY BOX;1
EM0584-26;6501034320;12/05/2026 10:53;14/06/2026;31/07/2026;PARANAGUA;BUENAVENTURA;ARAUCO INDUSTRIA DE PAINEIS S.A. - PIEN;COSCO SHIPPING;CARDIFF;Finalizado;ARAUCO INDUSTRIA DE PAINEIS S.A. - PIEN;MADEIRA;FCL;0;1;40 HIGH CUBE;2
EM0585-26;ZIMUITJ8054466;12/05/2026 16:14;25/05/2026;21/06/2026;NAVEGANTES;ALTAMIRA;GRUPO FORESTAL IND. MEXICANO CORPORATIVO;ZIM;FELIXSTOWE;Finalizado;SÃO CAETANO IND. DE LAM. E COMPENSADOS LTDA;MADEIRA;FCL;0;8;40 HIGH CUBE;16
EM0586-26;ZIMUITJ8054465;12/05/2026 16:19;25/05/2026;21/06/2026;NAVEGANTES;ALTAMIRA;GRUPO FORESTAL IND. MEXICANO CORPORATIVO;ZIM;FELIXSTOWE;Finalizado;SÃO CAETANO IND. DE LAM. E COMPENSADOS LTDA;MADEIRA;FCL;0;10;40 HIGH CUBE;20
EM0587-26;ZIMUPGU8026415;12/05/2026 17:27;01/06/2026;27/06/2026;PARANAGUA;ALTAMIRA;GRUPO FORESTAL IND. MEXICANO CORPORATIVO;ZIM;LONCOMILLA;Finalizado;MADEIREIRA EK LTDA;MADEIRA;FCL;0;4;40 HIGH CUBE;8
EM0588-26;41410428;12/05/2026 18:11;30/05/2026;10/07/2026;PARANAGUA;ALGIERS;FECULARIA ELDORADO LTDA;HAPAG LLOYD;VALOR;Desembarcado;FECULARIA ELDORADO LTDA;ALIMENTOS EM GERAL;FCL;0;3;40 HIGH CUBE;6
EM0589-26;50002060;12/05/2026 18:14;30/05/2026;10/07/2026;PARANAGUA;ALGIERS;FECULARIA ELDORADO LTDA;HAPAG LLOYD;VALOR;Finalizado;FECULARIA ELDORADO LTDA;ALIMENTOS EM GERAL;FCL;0;3;40 HIGH CUBE;6
EM0590-26;270775267;13/05/2026 15:25;30/05/2026;22/06/2026;PARANAGUA;LONDON;MASTER COMERCIO EXTERIOR LTDA.;MAERSK LINE;MAERSK LETICIA;Finalizado;REPINHO REFLORESTADORA MADEIRAS E COMPENSADOS LTDA;MADEIRA;FCL;0;1;40 HIGH CUBE;2
EM0591-26;270775175;13/05/2026 15:28;30/05/2026;22/06/2026;PARANAGUA;LONDON;MASTER COMERCIO EXTERIOR LTDA.;MAERSK LINE;MAERSK LETICIA;Finalizado;REPINHO REFLORESTADORA MADEIRAS E COMPENSADOS LTDA;MADEIRA;FCL;0;1;40 HIGH CUBE;2
EM0592-26;270774963;13/05/2026 15:34;30/05/2026;22/06/2026;PARANAGUA;LONDON;MASTER COMERCIO EXTERIOR LTDA.;MAERSK LINE;MAERSK LETICIA;Finalizado;REPINHO REFLORESTADORA MADEIRAS E COMPENSADOS LTDA;MADEIRA;FCL;0;1;40 HIGH CUBE;2
EM0593-26;270775074;13/05/2026 15:36;30/05/2026;22/06/2026;PARANAGUA;LONDON;MASTER COMERCIO EXTERIOR LTDA.;MAERSK LINE;MAERSK LETICIA;Finalizado;REPINHO REFLORESTADORA MADEIRAS E COMPENSADOS LTDA;MADEIRA;FCL;0;1;40 HIGH CUBE;2
EM0594-26;6501227650;13/05/2026 16:25;21/05/2026;25/06/2026;PARANAGUA;LISBOA;FECULARIA ELDORADO LTDA;COSCO SHIPPING;SEATTLE C;Finalizado;FECULARIA ELDORADO LTDA;ALIMENTOS EM GERAL;FCL;0;1;40 HIGH CUBE;2
EM0595-26;6501366520;14/05/2026 10:05;14/06/2026;05/08/2026;PARANAGUA;CAUCEDO;COMEX APOIO ADMINISTRATIVO LTDA;COSCO SHIPPING;CARDIFF;Finalizado;SM MADEIRAS LTDA (0001-63);MADEIRA;FCL;0;3;40 HIGH CUBE;6
EM0596-26;97169153;14/05/2026 16:42;05/06/2026;14/07/2026;ITAPOA;COLUMBUS, GA;MANOEL MARCHETTI;HAPAG LLOYD;MAERSK MONTE AZUL;Finalizado;MANOEL MARCHETTI;MADEIRA;FCL;0;1;40 HIGH CUBE;2
EM0597-26;270876020;15/05/2026 09:45;29/05/2026;16/06/2026;ITAPOA;NEWARK;PATMO LUMBER TRADE;MAERSK LINE;MAERSK FREEPORT;Finalizado;ESQUADRIBRAS - INDUSTRIA DE ESQUADRIAS LTDA;DOORS;FCL;0;1;40 HIGH CUBE;2
EM0598-26;270880350;15/05/2026 09:49;29/05/2026;16/06/2026;ITAPOA;NEWARK;PATMO LUMBER TRADE;MAERSK LINE;MAERSK FREEPORT;Finalizado;ESQUADRIBRAS - INDUSTRIA DE ESQUADRIAS LTDA;DOORS;FCL;0;1;40 HIGH CUBE;2
EM0599-26;6451278810;15/05/2026 10:24;14/06/2026;16/07/2026;PARANAGUA;KINGSTON;INTERNATIONAL FOREST PRODUCTS;COSCO SHIPPING;CARDIFF;Finalizado;FAGANELLO INDUSTRIA DE COMPENSADOS;MADEIRA;FCL;0;5;40 HIGH CUBE;10
EM0600-26;SSZ1788803;15/05/2026 14:15;22/05/2026;17/07/2026;NAVEGANTES;POINTE DE GALETS;MAPPER LOGISTICA DE COMERCIO EXTERIOR;CMA CGM DO BRASIL;COSCO SHIPPING MEXICO;Finalizado;MAPPER LOGISTICA DE COMERCIO EXTERIOR;SAPATOS;FCL;1;0;20 DRY BOX;1
EM0601-26;SSZ1790578;15/05/2026 14:28;01/06/2026;08/07/2026;SANTOS;CAUCEDO;COMEX APOIO ADMINISTRATIVO LTDA;CMA CGM DO BRASIL;EXPRESS FRANCE;Finalizado;SM MADEIRAS LTDA (0001-63);MADEIRA;FCL;0;2;40 HIGH CUBE;4
EM0602-26;38566203;19/05/2026 08:59;12/06/2026;15/07/2026;BUENOS AIRES;ALTAMIRA;GRUPO FORESTAL IND. MEXICANO CORPORATIVO;HAPAG LLOYD;PALENA;Finalizado;RAUL E. FERNANDEZ S.A;MADEIRA;FCL;0;3;40 HIGH CUBE;6
EM0603-26;90008369;19/05/2026 09:04;04/06/2026;08/07/2026;BUENOS AIRES;ALTAMIRA;GRUPO FORESTAL IND. MEXICANO CORPORATIVO;HAPAG LLOYD;SANTA VANESSA;Finalizado;RAUL E. FERNANDEZ S.A;MADEIRA;FCL;0;3;40 HIGH CUBE;6
EM0604-26;10382611;19/05/2026 12:03;29/05/2026;16/06/2026;ITAPOA;NEW YORK;PLYLOG;HAPAG LLOYD;MAERSK FREEPORT;Finalizado;INDUSTRIA DE COMPENSADOS GUARARAPES LTDA;MADEIRA;FCL;0;2;40 HIGH CUBE;4
EM0605-26;6501719090;19/05/2026 13:49;14/06/2026;31/07/2026;PARANAGUA;BUENAVENTURA;ARAUCO INDUSTRIA DE PAINEIS S.A. - PIEN;COSCO SHIPPING;CARDIFF;Finalizado;ARAUCO INDUSTRIA DE PAINEIS S.A. - PIEN;MADEIRA;FCL;0;1;40 HIGH CUBE;2
EM0606-26;271046343;19/05/2026 14:11;06/06/2026;02/07/2026;ITAJAI;PUERTO PROGRESO;GRUPO FORESTAL IND. MEXICANO CORPORATIVO;MAERSK LINE;MAERSK CHAMBAL;Finalizado;SÃO CAETANO IND. DE LAM. E COMPENSADOS LTDA;MADEIRA;FCL;0;2;40 HIGH CUBE;4
EM0607-26;2328602710;19/05/2026 15:05;07/06/2026;21/07/2026;SANTOS;ASHDOD;SEAWAY LOGISTICS LTDA;OOCL;XIN WEI HAI;Finalizado;JAPI S/A. INDUSTRIA E COMERCIO;POLYRESIN PLANTERS;FCL;0;2;40 HIGH CUBE;4
EM0610-26;2328602770 ;19/05/2026 15:19;14/06/2026;02/08/2026;SANTOS;ASHDOD;SEAWAY LOGISTICS LTDA;OOCL;NYK DIANA;Finalizado;JAPI S/A. INDUSTRIA E COMERCIO;POLYRESIN PLANTERS;FCL;0;2;40 HIGH CUBE;4
EM0611-26;2328602720 ;19/05/2026 15:21;07/06/2026;21/07/2026;SANTOS;ASHDOD;SEAWAY LOGISTICS LTDA;OOCL;XIN WEI HAI;Finalizado;JAPI S/A. INDUSTRIA E COMERCIO;POLYRESIN PLANTERS;FCL;0;2;40 HIGH CUBE;4
EM0612-26;2328602740 ;19/05/2026 15:25;07/06/2026;21/07/2026;SANTOS;ASHDOD;SEAWAY LOGISTICS LTDA;OOCL;XIN WEI HAI;Finalizado;JAPI S/A. INDUSTRIA E COMERCIO;POLYRESIN PLANTERS;FCL;0;2;40 HIGH CUBE;4
EM0613-26;2328602780;19/05/2026 15:27;14/06/2026;02/08/2026;SANTOS;ASHDOD;SEAWAY LOGISTICS LTDA;OOCL;NYK DIANA;Finalizado;JAPI S/A. INDUSTRIA E COMERCIO;POLYRESIN PLANTERS;FCL;0;2;40 HIGH CUBE;4
EM0614-26;2328602790;19/05/2026 15:29;26/06/2026;13/08/2026;SANTOS;ASHDOD;SEAWAY LOGISTICS LTDA;OOCL;NAVIOS VERMILION;Finalizado;JAPI S/A. INDUSTRIA E COMERCIO;POLYRESIN PLANTERS;FCL;0;2;40 HIGH CUBE;4
EM0615-26;2328743760;19/05/2026 15:31;30/06/2026;31/08/2026;SANTOS;ASHDOD;SEAWAY LOGISTICS LTDA;OOCL;XIN CHONG QING;Embarcado;JAPI S/A. INDUSTRIA E COMERCIO;POLYRESIN PLANTERS;FCL;0;2;40 HIGH CUBE;4
EM0616-26;6501884450;19/05/2026 15:44;03/06/2026;09/08/2026;IMBITUBA;PORT OF SPAIN;INTERNATIONAL FOREST PRODUCTS;COSCO SHIPPING;CMA CGM FRANCOISE SAGAN;Finalizado;SERRARIA BOA ESPERANCA LTDA;MADEIRA;FCL;0;1;40 HIGH CUBE;2
EM0617-26;90111458;19/05/2026 16:08;07/06/2026;15/07/2026;RIO GRANDE;VALENCIA;INTERNATIONAL FOREST PRODUCTS;HAPAG LLOYD;MSC MAXINE;Finalizado;TODESMADE INDUSTRIA DE MADEIRAS E ARTEFATOS LTDA;MADEIRA;FCL;0;1;40 HIGH CUBE;2
EM0618-26;80106624;19/05/2026 16:19;07/06/2026;15/07/2026;RIO GRANDE;VALENCIA;INTERNATIONAL FOREST PRODUCTS;HAPAG LLOYD;MSC MAXINE;Finalizado;TODESMADE INDUSTRIA DE MADEIRAS E ARTEFATOS LTDA;MADEIRA;FCL;0;1;40 HIGH CUBE;2
EM0619-26;14580142;19/05/2026 17:05;09/07/2026;27/07/2026;RIO DE JANEIRO;SAINT PETERS, MO ( door delivery );LANDSTAR GLOBAL USA;HAPAG LLOYD;MAERSK FRANKFURT;Desembarcado;FUNDIMIG INDUSTRIA DE PECAS E COMPONENTES LTDA;PEÇAS DE FERRO FUNDIDO;FCL;0;2;40 HIGH CUBE;4
EM0620-26;271061408;19/05/2026 17:47;05/06/2026;23/06/2026;ITAPOA;NEWARK;PATMO LUMBER TRADE;MAERSK LINE;MAERSK MONTE AZUL;Finalizado;ESQUADRIBRAS - INDUSTRIA DE ESQUADRIAS LTDA;DOORS;FCL;0;1;40 HIGH CUBE;2
EM0621-26;271101298;20/05/2026 09:22;16/06/2026;13/07/2026;SANTOS;PIRAEUS;CUSTOMS SOLUTION EUROPEAN COMMUNITY SERVICES SINGLE MEMBER S.A.;MAERSK LINE;CMA CGM LISA MARIE;Finalizado;COOPERATIVA REGIONAL DE CAFEICULTORES EM GUAXUPE LTDA;COFFEE;FCL;2;0;20 DRY BOX;2
EM0622-26;6501886150;20/05/2026 09:51;14/06/2026;16/07/2026;PARANAGUA;KINGSTON;INTERNATIONAL FOREST PRODUCTS;COSCO SHIPPING;CARDIFF;Finalizado;FAGANELLO INDUSTRIA DE COMPENSADOS;MADEIRA;FCL;0;4;40 HIGH CUBE;8
EM0623-26;ZIMUPGU8026823;20/05/2026 14:22;29/06/2026;16/07/2026;PARANAGUA;KINGSTON;INTERNATIONAL FOREST PRODUCTS;ZIM;SUNNY PHOENIX;Finalizado;PLACA COMERCIO DE MADEIRAS E COMPENSADOS LTDA;MADEIRA;FCL;0;5;40 HIGH CUBE;10
EM0624-26;ZIMUPGU8027137;20/05/2026 14:39;28/07/2026;14/08/2026;PARANAGUA;KINGSTON;INTERNATIONAL FOREST PRODUCTS;ZIM;FELIXSTOWE;Desembarcado;AGROSEPAC SERRADOS LTDA;MADEIRA;FCL;0;3;40 HIGH CUBE;6
EM0625-26;;20/05/2026 15:22;;;RIO GRANDE;LISBOA;MAPPER LOGISTICA DE COMERCIO EXTERIOR;MAERSK LINE;;Cancelado;CALCADOS MARTE LTDA;SAPATOS;FCL;0;1;40 HIGH CUBE;2
EM0626-26;6502046640;20/05/2026 17:31;;28/07/2026;IMBITUBA;SANTO TOMAS DE CASTILLA;MANOEL MARCHETTI;COSCO SHIPPING;;Finalizado;MANOEL MARCHETTI;MADEIRA;FCL;0;1;40 HIGH CUBE;2
EM0627-26;6502046580;21/05/2026 09:48;16/06/2026;23/07/2026;IMBITUBA;MANZANILLO, PA;METALURGICA TRAPP LTDA;COSCO SHIPPING;CARDIFF;Finalizado;METALURGICA TRAPP LTDA;MAQUINARIOS;FCL;0;1;40 HIGH CUBE;2
EM0628-26;ZIMUPGU8026988;21/05/2026 15:10;13/07/2026;01/08/2026;PARANAGUA;KINGSTON;INTERNATIONAL FOREST PRODUCTS;ZIM;ZIM BALTIMORE;Finalizado;FM DO BRASIL;MADEIRA;FCL;0;5;40 HIGH CUBE;10
EM0629-26;6501369840;21/05/2026 15:37;03/06/2026;04/07/2026;IMBITUBA;PORT AU PRINCE;MANOEL MARCHETTI;COSCO SHIPPING;CMA CGM FRANCOISE SAGAN;Finalizado;MANOEL MARCHETTI;MADEIRA;FCL;0;2;40 HIGH CUBE;4
EM0630-26;271169158;21/05/2026 15:51;16/06/2026;13/07/2026;SANTOS;PIRAEUS;CUSTOMS SOLUTION EUROPEAN COMMUNITY SERVICES SINGLE MEMBER S.A.;MAERSK LINE;CMA CGM LISA MARIE;Finalizado;NKG STOCKLER;COFFEE;FCL;1;0;20 DRY BOX;1
EM0631-26;6451278650;21/05/2026 16:14;22/06/2026;25/08/2026;PARANAGUA;PORT OF SPAIN;INTERNATIONAL FOREST PRODUCTS;COSCO SHIPPING;SWANSEA;Embarcado;FM DO BRASIL;MADEIRA;FCL;0;1;40 HIGH CUBE;2
EM0632-26;271168720;21/05/2026 16:32;27/06/2026;26/08/2026;PARANAGUA;SHANGHAI;RDF COMERCIO EXTERIOR E ARMAZENS GERAIS LTDA;MAERSK LINE;CAPE SOREL;Embarcado;MANUFACTURA DE CRINES DO BRASIL LTDA;CARGA GERAL NAO PERIGOSA;FCL;0;1;40 HIGH CUBE;2
EM0633-26;6502205520;21/05/2026 17:42;22/06/2026;25/08/2026;PARANAGUA;PORT OF SPAIN;INTERNATIONAL FOREST PRODUCTS;COSCO SHIPPING;SWANSEA;Embarcado;FM DO BRASIL;MADEIRA;FCL;0;3;40 HIGH CUBE;6
EM0634-26;6502207580;21/05/2026 17:42;24/06/2026;21/07/2026;IMBITUBA;KINGSTON;METALURGICA TRAPP LTDA;COSCO SHIPPING;SWANSEA;Finalizado;METALURGICA TRAPP LTDA;MAQUINARIOS;FCL;0;1;40 HIGH CUBE;2
EM0635-26;ZIMUPGU8026601;21/05/2026 18:47;01/06/2026;30/06/2026;PARANAGUA;CHARLESTON;N.CINTRA COMERCIO E SERVICOS DE ARTEFATOS DE MADEIRA LTDA;ZIM;LONCOMILLA;Finalizado;SOLIMAD MADEIRAS LTDA;MADEIRA;FCL;0;1;40 HIGH CUBE;2
EM0636-26;2329171820;22/05/2026 11:25;10/06/2026;02/08/2026;ITAJAI;ASHDOD;Y.A IMPORT & EXPORT;OOCL;NYK DIANA;Finalizado;LG MADEIRAS LTDA;MADEIRA;FCL;0;1;40 HIGH CUBE;2
EM0637-26;2329171650;22/05/2026 14:06;10/06/2026;31/07/2026;ITAJAI;HAIFA;DITZEL & SANCHES LTDA;OOCL;NYK DIANA;Finalizado;DITZEL & SANCHES LTDA;LUMBER;FCL;0;1;40 HIGH CUBE;2
EM0638-26;271226247;22/05/2026 16:09;16/06/2026;18/07/2026;PARANAGUA;BALTIMORE;M. A. COMISSARIA;MAERSK LINE;MAERSK JAIPUR;Finalizado;ELISA MARGARITA OZUNA SALVIONI;;FCL;0;1;40 HIGH CUBE;2
EM0639-26;2329179370;22/05/2026 16:45;10/06/2026;31/07/2026;ITAJAI;HAIFA;DITZEL & SANCHES LTDA;OOCL;NYK DIANA;Finalizado;DITZEL & SANCHES LTDA;LUMBER;FCL;0;1;40 HIGH CUBE;2
EM0640-26;ZIMUPGU8026662;25/05/2026 14:21;28/07/2026;21/08/2026;PARANAGUA;ALTAMIRA;GRUPO FORESTAL IND. MEXICANO CORPORATIVO;ZIM;FELIXSTOWE;Desembarcado;MADEIREIRA EK LTDA;MADEIRA;FCL;0;4;40 HIGH CUBE;8
EM0641-26;ZIMUPGU8026661;25/05/2026 14:29;23/06/2026;16/07/2026;PARANAGUA;ALTAMIRA;GRUPO FORESTAL IND. MEXICANO CORPORATIVO;ZIM;NAVIOS AMARILLO;Finalizado;MADEIREIRA EK LTDA;MADEIRA;FCL;0;6;40 HIGH CUBE;12
EM0642-26;ZIMUPGU8026663;25/05/2026 14:35;23/06/2026;16/07/2026;PARANAGUA;ALTAMIRA;GRUPO FORESTAL IND. MEXICANO CORPORATIVO;ZIM;NAVIOS AMARILLO;Finalizado;MADEIREIRA EK LTDA;MADEIRA;FCL;0;4;40 HIGH CUBE;8
EM0643-26;ZIMUPGU8026664;25/05/2026 14:39;23/06/2026;16/07/2026;PARANAGUA;ALTAMIRA;GRUPO FORESTAL IND. MEXICANO CORPORATIVO;ZIM;NAVIOS AMARILLO;Finalizado;MADEIREIRA EK LTDA;MADEIRA;FCL;0;8;40 HIGH CUBE;16
EM0644-26;271228046;25/05/2026 15:49;18/06/2026;16/08/2026;SANTOS;MANILA SOUTH;MAPPER LOGISTICA DE COMERCIO EXTERIOR;MAERSK LINE;MAERSK SAN LAZARO;Finalizado;CALCADOS RAMARIM LTDA;SAPATOS;FCL;1;0;20 DRY BOX;1
EM0645-26;6502046590;26/05/2026 11:04;16/06/2026;20/08/2026;IMBITUBA;PORT OF SPAIN;MANOEL MARCHETTI;COSCO SHIPPING;CARDIFF;Desembarcado;MANOEL MARCHETTI;MADEIRA;FCL;0;2;40 HIGH CUBE;4
EM0646-26;ZIMUITJ8054142;26/05/2026 11:43;01/06/2026;27/06/2026;PARANAGUA;ALTAMIRA;GRUPO FORESTAL IND. MEXICANO CORPORATIVO;ZIM;LONCOMILLA;Finalizado;MADEIREIRA EK LTDA;MADEIRA;FCL;0;2;40 HIGH CUBE;4
EM0647-26;271288691;26/05/2026 15:11;20/06/2026;24/07/2026;PARANAGUA;LONDON GATEWAY PORT;MASTER COMERCIO EXTERIOR LTDA.;MAERSK LINE;SAN RAPHAEL MAERSK;Finalizado;REPINHO REFLORESTADORA MADEIRAS E COMPENSADOS LTDA;MADEIRA;FCL;0;1;40 HIGH CUBE;2
EM0648-26;271288032;26/05/2026 15:16;20/06/2026;24/07/2026;PARANAGUA;LONDON GATEWAY PORT;MASTER COMERCIO EXTERIOR LTDA.;MAERSK LINE;SAN RAPHAEL MAERSK;Finalizado;REPINHO REFLORESTADORA MADEIRAS E COMPENSADOS LTDA;MADEIRA;FCL;0;1;40 HIGH CUBE;2
EM0649-26;271288214;26/05/2026 15:32;20/06/2026;24/07/2026;PARANAGUA;LONDON GATEWAY PORT;MASTER COMERCIO EXTERIOR LTDA.;MAERSK LINE;SAN RAPHAEL MAERSK;Finalizado;REPINHO REFLORESTADORA MADEIRAS E COMPENSADOS LTDA;MADEIRA;FCL;0;1;40 HIGH CUBE;2
EM0650-26;271288478;26/05/2026 15:35;20/06/2026;24/07/2026;PARANAGUA;LONDON GATEWAY PORT;MASTER COMERCIO EXTERIOR LTDA.;MAERSK LINE;SAN RAPHAEL MAERSK;Finalizado;REPINHO REFLORESTADORA MADEIRAS E COMPENSADOS LTDA;MADEIRA;FCL;0;1;40 HIGH CUBE;2
EM0651-26;271226093;27/05/2026 08:57;07/06/2026;20/07/2026;ASUNCION;CHARLESTON;M. A. COMISSARIA;MAERSK LINE;ROSA;Finalizado;IRUNA S.A.I.C.;MADEIRA;FCL;0;1;40 HIGH CUBE;2
EM0652-26;271226210;27/05/2026 09:04;07/06/2026;20/07/2026;ASUNCION;CHARLESTON;M. A. COMISSARIA;MAERSK LINE;ROSA;Finalizado;IRUNA S.A.I.C.;MADEIRA;FCL;0;1;40 HIGH CUBE;2
EM0653-26;EBKG16827384;27/05/2026 09:14;31/05/2026;10/09/2026;ASUNCION;SEATTLE;M. A. COMISSARIA;MSC MEDITERRANEO;TAJY MARU III;Embarcado;IRUNA S.A.I.C.;MADEIRA;FCL;0;1;40 HIGH CUBE;2
EM0654-26;EBKG16827385;27/05/2026 09:17;31/05/2026;26/08/2026;ASUNCION;SEATTLE;M. A. COMISSARIA;MSC MEDITERRANEO;TAJY MARU III;Embarcado;IRUNA S.A.I.C.;MADEIRA;FCL;0;1;40 HIGH CUBE;2
EM0655-26;EBKG16827386;27/05/2026 09:18;31/05/2026;26/08/2026;ASUNCION;SEATTLE;M. A. COMISSARIA;MSC MEDITERRANEO;TAJY MARU III;Embarcado;IRUNA S.A.I.C.;MADEIRA;FCL;0;1;40 HIGH CUBE;2
EM0656-26;29469440;27/05/2026 09:57;24/06/2026;14/07/2026;SALVADOR;LISBOA;MAPPER LOGISTICA DE COMERCIO EXTERIOR;HAPAG LLOYD;MSC MAXINE;Finalizado;CALCADOS PEGADA NORDESTE LTDA;SAPATOS;FCL;0;1;40 HIGH CUBE;2
EM0657-26;6502871430;27/05/2026 17:00;05/07/2026;25/07/2026;PARANAGUA;CARTAGENA, CO;FECULARIA ELDORADO LTDA;COSCO SHIPPING;CMA CGM RABELAIS;Finalizado;FECULARIA ELDORADO LTDA;ALIMENTOS EM GERAL;FCL;0;1;40 HIGH CUBE;2
EM0659-26;;27/05/2026 17:51;27/06/2026;14/07/2026;NAVEGANTES;CARTAGENA, CO;TEX SHIPPING LTDA;ZIM;SUNNY PHOENIX;Cancelado;TEX SHIPPING LTDA;MADEIRA;FCL;0;2;40 HIGH CUBE;4
EM0660-26;17939918;28/05/2026 09:17;28/07/2026;24/08/2026;RIO DE JANEIRO;SAINT PETERS, MO ( door delivery );LANDSTAR GLOBAL USA;HAPAG LLOYD;MAERSK MONTE AZUL;Embarcado;FUNDIMIG INDUSTRIA DE PECAS E COMPONENTES LTDA;PEÇAS DE FERRO FUNDIDO;FCL;0;2;40 HIGH CUBE;4
EM0661-26;6503022950;28/05/2026 10:25;16/06/2026;26/08/2026;IMBITUBA;PARAMARIBO;PATMO LUMBER TRADE;COSCO SHIPPING;CARDIFF;Embarcado;MANOEL MARCHETTI;LUMBER;FCL;0;1;40 HIGH CUBE;2
EM0662-26;39877889;28/05/2026 14:13;31/08/2026;31/08/2026;RIO DE JANEIRO;SAINT PETERS, MO ( door delivery );LANDSTAR GLOBAL USA;HAPAG LLOYD;WIELAND;Aguardando prontidão da mercadoria;FUNDIMIG INDUSTRIA DE PECAS E COMPONENTES LTDA;PEÇAS DE FERRO FUNDIDO;FCL;0;1;40 HIGH CUBE;2
EM0663-26;ZIMUPGU8026775;28/05/2026 14:50;29/06/2026;15/07/2026;PARANAGUA;CARTAGENA, CO;FECULARIA ELDORADO LTDA;ZIM;SUNNY PHOENIX;Finalizado;FECULARIA ELDORADO LTDA;ALIMENTOS EM GERAL;FCL;0;6;40 HIGH CUBE;12
EM0664-26;80198212;28/05/2026 15:35;24/06/2026;20/07/2026;SALVADOR;HAMBURG;MAPPER LOGISTICA DE COMERCIO EXTERIOR;HAPAG LLOYD;MSC MAXINE;Finalizado;CALCADOS PEGADA NORDESTE LTDA;SAPATOS;FCL;0;1;40 HIGH CUBE;2
EM0665-26;271445842;28/05/2026 16:04;14/06/2026;09/07/2026;SANTOS;PORT EVERGLADES;TOTAL LINHAS AEREAS;MAERSK LINE;MAERSK MONTE ALEGRE;Cancelado;TOTAL LINHAS AEREAS;ITENS AERONÁUTICOS;FCL;0;1;40 HIGH CUBE;2
EM0666-26;ZIMUPGU8026779;28/05/2026 16:09;29/06/2026;16/07/2026;PARANAGUA;KINGSTON;INTERNATIONAL FOREST PRODUCTS;ZIM;SUNNY PHOENIX;Finalizado;CARPISO IND.DE PAINEIS E REVEST.DE MAD.LTDA;MADEIRA;FCL;0;1;40 HIGH CUBE;2
EM0667-26;271448430;28/05/2026 17:43;24/06/2026;24/07/2026;RIO GRANDE;PORT EVERGLADES;MAPPER LOGISTICA DE COMERCIO EXTERIOR;MAERSK LINE;MAERSK FORTALEZA;Finalizado;IMS BRAZIL LTDA;ALIMENTOS EM GERAL;FCL;0;1;40 HIGH CUBE;2
EM0668-26;EBKG17107327;29/05/2026 14:16;25/06/2026;31/08/2026;SANTOS;POINTE DE GALETS;MAPPER LOGISTICA DE COMERCIO EXTERIOR;MSC MEDITERRANEO;MSC ADELE;Embarcado;LOGX AGENCIAMENTO DE CARGAS LTDA;SAPATOS;FCL;0;1;40 HIGH CUBE;2
EM0671-26;6503163410;29/05/2026 14:23;05/07/2026;09/08/2026;PARANAGUA;HOUSTON;STANTON ASSOCIADOS IMP EXP E REPRESENTACOES LTDA;COSCO SHIPPING;CMA CGM RABELAIS;Desembarcado;CARPISO IND.DE PAINEIS E REVEST.DE MAD.LTDA;MADEIRA;FCL;0;2;40 HIGH CUBE;4
EM0672-26;EBKG17107327;29/05/2026 14:30;25/06/2026;31/08/2026;SANTOS;POINTE DE GALETS;MAPPER LOGISTICA DE COMERCIO EXTERIOR;MSC MEDITERRANEO;MSC ADELE;Embarcado;CALCADOS RAMARIM LTDA;SAPATOS;FCL;0;1;40 HIGH CUBE;2
EM0673-26;EBKG17107327;29/05/2026 14:35;25/06/2026;31/08/2026;SANTOS;POINTE DE GALETS;MAPPER LOGISTICA DE COMERCIO EXTERIOR;MSC MEDITERRANEO;MSC ADELE;Embarcado;GRENDENE S/A;SAPATOS;FCL;0;1;40 HIGH CUBE;2
EM0674-26;6503005980;29/05/2026 14:51;24/06/2026;26/08/2026;IMBITUBA;PARAMARIBO;PATMO LUMBER TRADE;COSCO SHIPPING;SWANSEA;Embarcado;ESQUADRIBRAS - INDUSTRIA DE ESQUADRIAS LTDA;LUMBER;FCL;0;1;40 HIGH CUBE;2
EM0675-26;EBKG17163082;29/05/2026 16:37;25/07/2026;09/10/2026;PORTO VELHO;TUTICORIN;ELITE IMPORTACAO & EXPORTACAO LTDA;MSC MEDITERRANEO;BARGE;Pendente;ELITE IMPORTACAO & EXPORTACAO LTDA;MADEIRA;FCL;0;5;40 HIGH CUBE;10
EM0676-26;EBKG17168277;29/05/2026 16:43;;;PORTO VELHO;TUTICORIN;ELITE IMPORTACAO & EXPORTACAO LTDA;MSC MEDITERRANEO;;Aguardando prontidão da mercadoria;ELITE IMPORTACAO & EXPORTACAO LTDA;MADEIRA;FCL;0;5;40 HIGH CUBE;10
EM0677-26;2329845780;29/05/2026 17:12;14/06/2026;15/07/2026;SANTOS;PIRAEUS;CUSTOMS SOLUTION EUROPEAN COMMUNITY SERVICES SINGLE MEMBER S.A.;OOCL;NYK DIANA;Finalizado;COFFEE SENSES LTDA;COFFEE;FCL;1;0;20 DRY BOX;1
EM0678-26;;29/05/2026 17:41;;;PARANAGUA;SEATTLE;M. A. COMISSARIA;MSC MEDITERRANEO;;Aguardando prontidão da mercadoria;IRUNA S.A.I.C.;;FCL;0;1;40 HIGH CUBE;2
EM0679-26;6451279150;01/06/2026 14:05;05/07/2026;31/07/2026;PARANAGUA;BUENAVENTURA;ARAUCO INDUSTRIA DE PAINEIS S.A. - PIEN;COSCO SHIPPING;CMA CGM RABELAIS;Finalizado;ARAUCO INDUSTRIA DE PAINEIS S.A. - PIEN;MADEIRA;FCL;0;6;40 HIGH CUBE;12
EM0680-26;ZIMUSNT8112443;01/06/2026 15:24;12/08/2026;15/09/2026;SANTOS;PARAMARIBO;BTOTH COMEX;ZIM;SPYROS V;Embarcado;ECTX S/A - EUCATEX;HARDBOARD;FCL;0;2;40 HIGH CUBE;4
EM0681-26;6451278800;01/06/2026 16:23;14/06/2026;27/07/2026;PARANAGUA;PUERTO CORTES;ARAUCO INDUSTRIA DE PAINEIS S.A. - PIEN;COSCO SHIPPING;CARDIFF;Finalizado;ARAUCO INDUSTRIA DE PAINEIS S.A. - PIEN;MADEIRA;FCL;0;2;40 HIGH CUBE;4
EM0682-26;6503323580;01/06/2026 17:50;22/06/2026;31/07/2026;PARANAGUA;BUENAVENTURA;ARAUCO INDUSTRIA DE PAINEIS S.A. - PIEN;COSCO SHIPPING;SWANSEA;Finalizado;ARAUCO INDUSTRIA DE PAINEIS S.A. - PIEN;MADEIRA;FCL;0;3;40 HIGH CUBE;6
EM0683-26;20287579;02/06/2026 09:07;26/06/2026;29/07/2026;BUENOS AIRES;ALTAMIRA;GRUPO FORESTAL IND. MEXICANO CORPORATIVO;HAPAG LLOYD;DALIAN EXPRESS;Finalizado;RAUL E. FERNANDEZ S.A;MADEIRA;FCL;0;2;40 HIGH CUBE;4
EM0684-26;26593357;02/06/2026 09:11;10/07/2026;17/08/2026;BUENOS AIRES;ALTAMIRA;GRUPO FORESTAL IND. MEXICANO CORPORATIVO;HAPAG LLOYD;COSTA RICA EXPRESS;Desembarcado;RAUL E. FERNANDEZ S.A;MADEIRA;FCL;0;4;40 HIGH CUBE;8
EM0686-26;6502193320;02/06/2026 14:40;14/06/2026;25/07/2026;PARANAGUA;SAN JUAN;INTERNATIONAL FOREST PRODUCTS;COSCO SHIPPING;CARDIFF;Cancelado;FM DO BRASIL;MADEIRA;FCL;0;2;40 HIGH CUBE;4
EM0687-26;ZIMUPGU8026855;02/06/2026 15:12;29/06/2026;23/07/2026;PARANAGUA;ALTAMIRA;GRUPO FORESTAL IND. MEXICANO CORPORATIVO;ZIM;SUNNY PHOENIX;Finalizado;PINUSBRAS EXPORTACAO DE MADEIRA LTDA;MADEIRA;FCL;0;5;40 HIGH CUBE;10
EM0688-26;6502030260;02/06/2026 15:44;22/06/2026;30/07/2026;PARANAGUA;PUERTO CORTES;ARAUCO INDUSTRIA DE PAINEIS S.A. - PIEN;COSCO SHIPPING;SWANSEA;Finalizado;ARAUCO INDUSTRIA DE PAINEIS S.A. - PIEN;MADEIRA;FCL;0;1;40 HIGH CUBE;2
EM0689-26;266575685;02/06/2026 16:02;;;ITAPOA;LOS ANGELES;MMCITE BR INDUSTRIA E COMERCIO DE MOBILIARIO URBANO LTDA;MAERSK LINE;;Finalizado;MMCITE BR INDUSTRIA E COMERCIO DE MOBILIARIO URBANO LTDA;CARGA GERAL NAO PERIGOSA;FCL;1;0;20 DRY BOX;1
EM0690-26;6503465950;02/06/2026 16:07;05/07/2026;01/09/2026;PARANAGUA;PORT OF SPAIN;INTERNATIONAL FOREST PRODUCTS;COSCO SHIPPING;CMA CGM RABELAIS;Embarcado;CARPISO IND.DE PAINEIS E REVEST.DE MAD.LTDA;MADEIRA;FCL;0;2;40 HIGH CUBE;4
EM0691-26;6503480350;02/06/2026 16:14;05/07/2026;31/07/2026;PARANAGUA;BUENAVENTURA;ARAUCO INDUSTRIA DE PAINEIS S.A. - PIEN;COSCO SHIPPING;CMA CGM RABELAIS;Finalizado;ARAUCO INDUSTRIA DE PAINEIS S.A. - PIEN;MADEIRA;FCL;0;2;40 HIGH CUBE;4
EM0692-26;271658340;03/06/2026 09:36;04/07/2026;22/07/2026;ITAPOA;NEWARK;PATMO LUMBER TRADE;MAERSK LINE;MAERSK FRANKFURT;Finalizado;ESQUADRIBRAS - INDUSTRIA DE ESQUADRIAS LTDA;DOORS;FCL;0;1;40 HIGH CUBE;2
EM0693-26;271658381;03/06/2026 09:37;04/07/2026;22/07/2026;ITAPOA;NEWARK;PATMO LUMBER TRADE;MAERSK LINE;MAERSK FRANKFURT;Finalizado;ESQUADRIBRAS - INDUSTRIA DE ESQUADRIAS LTDA;DOORS;FCL;0;1;40 HIGH CUBE;2
EM0694-26;271658582;03/06/2026 09:40;04/07/2026;22/07/2026;ITAPOA;NEWARK;PATMO LUMBER TRADE;MAERSK LINE;MAERSK FRANKFURT;Finalizado;ESQUADRIBRAS - INDUSTRIA DE ESQUADRIAS LTDA;DOORS;FCL;0;1;40 HIGH CUBE;2
EM0695-26;272678644;03/06/2026 09:54;14/07/2026;31/07/2026;ITAPOA;NEWARK;PATMO LUMBER TRADE;MAERSK LINE;WIELAND;Finalizado;ESQUADRIBRAS - INDUSTRIA DE ESQUADRIAS LTDA;DOORS;FCL;0;1;40 HIGH CUBE;2
EM0696-26;271662755;03/06/2026 09:56;04/07/2026;22/07/2026;ITAPOA;NEWARK;PATMO LUMBER TRADE;MAERSK LINE;MAERSK FRANKFURT;Finalizado;ESQUADRIBRAS - INDUSTRIA DE ESQUADRIAS LTDA;DOORS;FCL;0;1;40 HIGH CUBE;2
EM0697-26;SAO600361800;03/06/2026 10:59;04/07/2026;26/08/2026;NAVEGANTES;KOLKATA;ASL ARMAZENS GERAIS LTDA;PIL - PACIFIC INTERNATIONAL LINES;COSCO SHIPPING CHILE;Embarcado;GRAN METAL LTDA;MADEIRA;FCL;0;5;40 HIGH CUBE;10
EM0698-26;271673014;03/06/2026 15:58;27/06/2026;03/08/2026;PARANAGUA;CHARLESTON;M. A. COMISSARIA;MAERSK LINE;CAPE SOREL;Finalizado;"MARGO Y CIA. S.A.
";;FCL;0;1;40 HIGH CUBE;2
EM0699-26;ZIMUPGU8026863;03/06/2026 17:49;13/07/2026;01/08/2026;PARANAGUA;KINGSTON;INTERNATIONAL FOREST PRODUCTS;ZIM;ZIM BALTIMORE;Finalizado;COMPENSADOS E LAMINADOS LAVRASUL S/A;MADEIRA;FCL;0;5;40 HIGH CUBE;10
EM0700-26;6505271790;05/06/2026 14:05;25/06/2026;20/08/2026;SANTOS;YANTIAN;AOF CARGO LOGISTICS CO.,LTD.;COSCO SHIPPING;COSCO SHIPPING DANUBE;Embarcado;SACOR SIDEROTÉCNICA LTDA;ALUMÍNIO;FCL;1;0;20 DRY BOX;1
EM0702-26;35996002;08/06/2026 08:58;16/06/2026;28/07/2026;RIO GRANDE;DENVER;MAPPER LOGISTICA DE COMERCIO EXTERIOR;HAPAG LLOYD;PALENA;Finalizado;IMS BRAZIL LTDA;ALIMENTOS EM GERAL;FCL;0;1;40 HIGH CUBE;2
EM0703-26;23060675;08/06/2026 09:39;13/07/2026;18/08/2026;RIO GRANDE;LOS ANGELES, CA - ALL TRUCK;MAPPER LOGISTICA DE COMERCIO EXTERIOR;HAPAG LLOYD;COSTA RICA EXPRESS;Cancelado;IMS BRAZIL LTDA;ALIMENTOS EM GERAL;FCL;1;0;20 DRY BOX;1
EM0704-26;13925315;08/06/2026 10:06;04/07/2026;03/08/2026;PARANAGUA;PORT EVERGLADES;FECULARIA ELDORADO LTDA;HAPAG LLOYD;DALIAN EXPRESS;Finalizado;FECULARIA ELDORADO LTDA;ALIMENTOS EM GERAL;FCL;0;1;40 HIGH CUBE;2
EM0705-26;271769328;08/06/2026 14:08;28/06/2026;20/07/2026;SANTOS;PIRAEUS;CUSTOMS SOLUTION EUROPEAN COMMUNITY SERVICES SINGLE MEMBER S.A.;MAERSK LINE;MAERSK LOTA;Finalizado;VELOSO GREEN COFFEE EXPORTACAO LTDA;COFFEE;FCL;1;0;20 DRY BOX;1
EM0706-26;271830983;08/06/2026 15:18;30/06/2026;05/08/2026;ITAPOA;LONDON GATEWAY PORT;MASTER COMERCIO EXTERIOR LTDA.;MAERSK LINE;CMA CGM MISSISSIPPI;Finalizado;SOUTH SERVICE TRADING SA;MADEIRA;FCL;0;2;40 HIGH CUBE;4
EM0707-26;ZIMUPGU8026860;08/06/2026 15:59;29/06/2026;17/07/2026;PARANAGUA;KINGSTON;INTERNATIONAL FOREST PRODUCTS;ZIM;SUNNY PHOENIX;Finalizado;SANTA CATARINA INDUSTRIA E COMERCIO DE COMPENSADOS LTDA.;MADEIRA;FCL;0;5;40 HIGH CUBE;10
EM0708-26;49039367;08/06/2026 16:23;19/06/2026;13/07/2026;ITAJAI;PORT EVERGLADES;TEX SHIPPING LTDA;HAPAG LLOYD;PALENA;Finalizado;TEX SHIPPING LTDA;MADEIRA;FCL;0;1;40 HIGH CUBE;2
EM0709-26;ZIMUPGU8026862;08/06/2026 17:14;29/06/2026;17/07/2026;PARANAGUA;KINGSTON;INTERNATIONAL FOREST PRODUCTS;ZIM;SUNNY PHOENIX;Finalizado;SANTA CATARINA INDUSTRIA E COMERCIO DE COMPENSADOS LTDA.;MADEIRA;FCL;0;5;40 HIGH CUBE;10
EM0710-26;ZIMUPGU8026861;08/06/2026 17:17;29/06/2026;17/07/2026;PARANAGUA;KINGSTON;INTERNATIONAL FOREST PRODUCTS;ZIM;SUNNY PHOENIX;Finalizado;SANTA CATARINA INDUSTRIA E COMERCIO DE COMPENSADOS LTDA.;MADEIRA;FCL;0;5;40 HIGH CUBE;10
EM0711-26;271888320;09/06/2026 09:21;26/07/2026;23/08/2026;SANTOS;PIRAEUS;CUSTOMS SOLUTION EUROPEAN COMMUNITY SERVICES SINGLE MEMBER S.A.;MAERSK LINE;CMA CGM LISA MARIE;Embarcado;COOPERATIVA REGIONAL DE CAFEICULTORES EM GUAXUPE LTDA;COFFEE;FCL;1;0;20 DRY BOX;1
EM0712-26;BUEG08294300;09/06/2026 09:28;10/07/2026;17/08/2026;BUENOS AIRES;ALTAMIRA;GRUPO FORESTAL IND. MEXICANO CORPORATIVO;ONE - OCEAN NETWORK EXPRESS;COSTA RICA EXPRESS;Desembarcado;VIRASORO MADERAS;MADEIRA;FCL;0;2;40 HIGH CUBE;4
EM0713-26;90313666;09/06/2026 10:56;04/07/2026;05/08/2026;PARANAGUA;GUAYAQUIL;E ENERGY INDUSTRIA DE PRODUTOS MAGNETICOS LTDA;HAPAG LLOYD;DALIAN EXPRESS;Finalizado;E ENERGY INDUSTRIA DE PRODUTOS MAGNETICOS LTDA;CARGA GERAL NAO PERIGOSA;FCL;1;0;20 DRY BOX;1
EM0714-26;EBKG17273823;09/06/2026 13:41;26/06/2026;20/08/2026;VITORIA (MARITIMO);ASHDOD;SEAWAY LOGISTICS LTDA;MSC MEDITERRANEO;LOG-IN DISCOVERY;Embarcado;PBA SERVICOS E COMERCIO DE PEDRAS ORNAMENTAIS LTDA;MARMORE, GRANITO, PEDRAS;FCL;1;0;20 DRY BOX;1
EM0715-26;271842942;09/06/2026 14:47;11/07/2026;24/08/2026;ASUNCION;CHARLESTON;M. A. COMISSARIA;MAERSK LINE;BARGE PAR 13001;Embarcado;IRUNA S.A.I.C.;MADEIRA;FCL;0;1;40 HIGH CUBE;2
EM0716-26;271842964;09/06/2026 14:56;11/07/2026;24/08/2026;ASUNCION;CHARLESTON;M. A. COMISSARIA;MAERSK LINE;BARGE PAR 13001;Embarcado;IRUNA S.A.I.C.;MADEIRA;FCL;0;1;40 HIGH CUBE;2
EM0717-26;EBKG16827384;09/06/2026 15:08;;03/09/2026;ASUNCION;SEATTLE;M. A. COMISSARIA;MSC MEDITERRANEO;;Aguardando prontidão da mercadoria;IRUNA S.A.I.C.;MADEIRA;FCL;0;1;40 HIGH CUBE;2
EM0720-26;271894301;09/06/2026 15:55;11/07/2026;03/08/2026;ITAJAI;NEW YORK;ARTEFATOS DE MADEIRAS STOLF LTDA;MAERSK LINE;MAERSK RUBICON;Finalizado;ARTEFATOS DE MADEIRAS STOLF LTDA;CARGA GERAL NAO PERIGOSA;FCL;0;1;40 HIGH CUBE;2
EM0721-26;47762347;09/06/2026 16:00;18/07/2026;16/08/2026;PARANAGUA;LUANDA;RDF COMERCIO EXTERIOR E ARMAZENS GERAIS LTDA;HAPAG LLOYD;ACASTOS;Desembarcado;LABORATORIOS CALBOS LTDA;CARGA PERIGOSA;FCL;1;0;20 DRY BOX;1
EM0723-26;36957088;09/06/2026 16:25;19/06/2026;23/07/2026;ITAJAI;NEW YORK;ARTEFATOS DE MADEIRAS STOLF LTDA;HAPAG LLOYD;PALENA;Finalizado;ARTEFATOS DE MADEIRAS STOLF LTDA;CARGA GERAL NAO PERIGOSA;FCL;0;1;40 HIGH CUBE;2
EM0727-26;271904833;09/06/2026 17:49;24/07/2026;05/08/2026;RIO GRANDE;CALLAO;TKA GUINDASTES INDUSTRIA E COMERCIO LTDA;MAERSK LINE;DUSSELDORF EXPRESS;Finalizado;TKA GUINDASTES INDUSTRIA E COMERCIO LTDA;CARGA GERAL NAO PERIGOSA;FCL;0;1;40 HIGH CUBE;2
EM0728-26;24806816;10/06/2026 09:13;19/06/2026;07/07/2026;ITAPOA;NEW YORK;PLYLOG;HAPAG LLOYD;STEPHANIE C;Finalizado;INDUSTRIA DE COMPENSADOS GUARARAPES LTDA;MADEIRA;FCL;0;5;40 HIGH CUBE;10
EM0729-26;24806816;10/06/2026 09:16;19/06/2026;07/07/2026;ITAPOA;NEW YORK;PLYLOG;HAPAG LLOYD;STEPHANIE C;Finalizado;INDUSTRIA DE COMPENSADOS GUARARAPES LTDA;MADEIRA;FCL;0;5;40 HIGH CUBE;10
EM0730-26;15901372;10/06/2026 09:36;19/06/2026;07/07/2026;ITAPOA;NEW YORK;PLYLOG;HAPAG LLOYD;STEPHANIE C;Finalizado;INDUSTRIA DE COMPENSADOS GUARARAPES LTDA;MADEIRA;FCL;0;5;40 HIGH CUBE;10
EM0731-26;15901372;10/06/2026 09:39;19/06/2026;07/07/2026;ITAPOA;NEW YORK;PLYLOG;HAPAG LLOYD;STEPHANIE C;Finalizado;INDUSTRIA DE COMPENSADOS GUARARAPES LTDA;MADEIRA;FCL;0;3;40 HIGH CUBE;6
EM0732-26;39262735;10/06/2026 09:59;26/06/2026;14/07/2026;ITAPOA;NEW YORK;PLYLOG;HAPAG LLOYD;MAERSK FORTALEZA;Finalizado;INDUSTRIA DE COMPENSADOS GUARARAPES LTDA;MADEIRA;FCL;0;4;40 HIGH CUBE;8
EM0733-26;39262735;10/06/2026 10:02;26/06/2026;14/07/2026;ITAPOA;NEW YORK;PLYLOG;HAPAG LLOYD;MAERSK FORTALEZA;Finalizado;INDUSTRIA DE COMPENSADOS GUARARAPES LTDA;MADEIRA;FCL;0;5;40 HIGH CUBE;10
EM0734-26;91143940;10/06/2026 10:20;26/06/2026;14/07/2026;ITAPOA;NEW YORK;PLYLOG;HAPAG LLOYD;MAERSK FORTALEZA;Finalizado;INDUSTRIA DE COMPENSADOS GUARARAPES LTDA;MADEIRA;FCL;0;5;40 HIGH CUBE;10
EM0735-26;91143940;10/06/2026 10:23;26/06/2026;14/07/2026;ITAPOA;NEW YORK;PLYLOG;HAPAG LLOYD;MAERSK FORTALEZA;Finalizado;INDUSTRIA DE COMPENSADOS GUARARAPES LTDA;MADEIRA;FCL;0;4;40 HIGH CUBE;8
EM0736-26;41018416;10/06/2026 10:58;19/06/2026;07/07/2026;ITAPOA;NEW YORK;PLYLOG;HAPAG LLOYD;STEPHANIE C;Finalizado;INDUSTRIA DE COMPENSADOS GUARARAPES LTDA;MADEIRA;FCL;0;1;40 HIGH CUBE;2
EM0737-26;ZIMUPGU8026993;10/06/2026 11:49;13/07/2026;18/08/2026;PARANAGUA;HALIFAX;ARAUCO INDUSTRIA DE PAINEIS S.A. - PIEN;ZIM;ZIM BALTIMORE;Desembarcado;ARAUCO INDUSTRIA DE PAINEIS S.A. - PIEN;MADEIRA;FCL;0;1;40 HIGH CUBE;2
EM0738-26;2330938100;10/06/2026 15:27;07/07/2026;31/08/2026;ITAJAI;THESSALONIKI;INTERNATIONAL FOREST PRODUCTS;OOCL;XIN CHANG SHA;Embarcado;JJ THOMAZI & CIA LTDA;MADEIRA;FCL;0;2;40 HIGH CUBE;4
EM0739-26;6504594110;11/06/2026 09:28;14/07/2026;21/08/2026;PARANAGUA;BUENAVENTURA;ARAUCO INDUSTRIA DE PAINEIS S.A. - PIEN;COSCO SHIPPING;TINA I;Desembarcado;ARAUCO INDUSTRIA DE PAINEIS S.A. - PIEN;MADEIRA;FCL;0;5;40 HIGH CUBE;10
EM0740-26;ZIMUPGU8026824;11/06/2026 10:48;29/06/2026;17/07/2026;PARANAGUA;KINGSTON;INTERNATIONAL FOREST PRODUCTS;ZIM;SUNNY PHOENIX;Finalizado;FAGANELLO INDUSTRIA DE COMPENSADOS;MADEIRA;FCL;0;5;40 HIGH CUBE;10
EM0741-26;6504594240;11/06/2026 10:57;05/07/2026;31/07/2026;PARANAGUA;BUENAVENTURA;ARAUCO INDUSTRIA DE PAINEIS S.A. - PIEN;COSCO SHIPPING;CMA CGM RABELAIS;Finalizado;ARAUCO INDUSTRIA DE PAINEIS S.A. - PIEN;MADEIRA;FCL;0;2;40 HIGH CUBE;4
EM0742-26;271996041;11/06/2026 12:16;09/07/2026;05/08/2026;PARANAGUA;HOUSTON;M. A. COMISSARIA;MAERSK LINE;MAERSK RUBICON;Finalizado;ELISA MARGARITA OZUNA SALVIONI;;FCL;0;1;40 HIGH CUBE;2
EM0743-26;ZIMUPGU8026991;11/06/2026 14:32;13/07/2026;01/08/2026;PARANAGUA;KINGSTON;INTERNATIONAL FOREST PRODUCTS;ZIM;ZIM BALTIMORE;Finalizado;FM DO BRASIL;MADEIRA;FCL;0;5;40 HIGH CUBE;10
EM0744-26;6504594030;11/06/2026 15:02;14/07/2026;21/08/2026;PARANAGUA;MANZANILLO, PA;ARAUCO INDUSTRIA DE PAINEIS S.A. - PIEN;COSCO SHIPPING;TINA I;Desembarcado;ARAUCO INDUSTRIA DE PAINEIS S.A. - PIEN;MADEIRA;FCL;0;4;40 HIGH CUBE;8
EM0745-26;EBKG17316518;12/06/2026 14:02;02/09/2026;23/10/2026;RIO GRANDE;TORONTO;MAPPER LOGISTICA DE COMERCIO EXTERIOR;MSC MEDITERRANEO;CAPE SOUNIO;Aguardando embarque;IMS BRAZIL LTDA;ALIMENTOS EM GERAL;FCL;0;1;40 HIGH CUBE;2
EM0748-26;EBKG17329664;12/06/2026 15:03;27/06/2026;26/07/2026;RIO DE JANEIRO;HAMBURG;MELBRAS IMPORTADORA E EXPORTADORA AGROINDUSTRIA LTDA;MSC MEDITERRANEO;MSC ADELE;Finalizado;MELBRAS IMPORTADORA E EXPORTADORA AGROINDUSTRIA LTDA;MEL;FCL;4;0;20 DRY BOX;4
EM0749-26;ZIMUPGU8027045;12/06/2026 16:06;01/07/2026;17/07/2026;SANTOS;KINGSTON;INTERNATIONAL FOREST PRODUCTS;ZIM;SUNNY PHOENIX;Finalizado;ECTX S/A - EUCATEX;MADEIRA;FCL;0;5;40 HIGH CUBE;10
EM0750-26;ZIMUPGU8027044;12/06/2026 16:14;01/07/2026;16/07/2026;SANTOS;KINGSTON;INTERNATIONAL FOREST PRODUCTS;ZIM;SUNNY PHOENIX;Finalizado;ECTX S/A - EUCATEX;MADEIRA;FCL;0;5;40 HIGH CUBE;10
EM0751-26;6504762220;12/06/2026 16:23;05/07/2026;14/08/2026;PARANAGUA;CALLAO;GONCALVES & TORTOLA S/A;COSCO SHIPPING;CMA CGM RABELAIS;Finalizado;GONCALVES & TORTOLA S/A MUNDO NOVO;ALIMENTOS EM GERAL;FCL;0;2;40 HIGH CUBE;4
EM0752-26;6504594390;15/06/2026 10:14;05/07/2026;08/08/2026;PARANAGUA;PUERTO CORTES;ARAUCO INDUSTRIA DE PAINEIS S.A. - PIEN;COSCO SHIPPING;CMA CGM RABELAIS;Finalizado;ARAUCO INDUSTRIA DE PAINEIS S.A. - PIEN;MADEIRA;FCL;0;1;40 HIGH CUBE;2
EM0753-26;93454747;15/06/2026 10:23;28/06/2026;29/07/2026;MONTEVIDEO;ALTAMIRA;GRUPO FORESTAL IND. MEXICANO CORPORATIVO;HAPAG LLOYD;DALIAN EXPRESS;Finalizado;IMNSUR LTDA;MADEIRA;FCL;0;7;40 HIGH CUBE;14
EM0754-26;ZIMUITJ8054931;15/06/2026 10:43;21/07/2026;28/08/2026;NAVEGANTES;SANTO TOMAS DE CASTILLA;TEX SHIPPING LTDA;ZIM;FELIXSTOWE;Embarcado;TEX SHIPPING LTDA;MADEIRA;FCL;0;1;40 HIGH CUBE;2
EM0755-26;11941619;15/06/2026 15:41;04/07/2026;08/08/2026;PARANAGUA;KANSAS CITY, MO - ALL RAIL;GONCALVES & TORTOLA S/A (PARANAVAÍ);HAPAG LLOYD;DALIAN EXPRESS;Finalizado;GONCALVES & TORTOLA S/A (PARANAVAÍ);FECULA;FCL;0;2;40 HIGH CUBE;4
EM0756-26;35307241;15/06/2026 15:55;04/07/2026;14/08/2026;PARANAGUA;CHICAGO, IL - RAIL;GONCALVES & TORTOLA S/A (PARANAVAÍ);HAPAG LLOYD;DALIAN EXPRESS;Desembarcado;GONCALVES & TORTOLA S/A (PARANAVAÍ);FECULA;FCL;0;8;40 HIGH CUBE;16
EM0757-26;24711613;16/06/2026 08:59;10/07/2026;21/08/2026;ITAJAI;PRYOR, OK;MANOEL MARCHETTI;HAPAG LLOYD;LE HAVRE EXPRESS;Embarcado;MANOEL MARCHETTI;MADEIRA;FCL;0;1;40 HIGH CUBE;2
EM0758-26;96947355;16/06/2026 09:15;25/07/2026;25/08/2026;ITAPOA;COLUMBUS, GA;MANOEL MARCHETTI;HAPAG LLOYD;MAERSK MONTE AZUL;Embarcado;MANOEL MARCHETTI;MADEIRA;FCL;0;1;40 HIGH CUBE;2
EM0759-26;272175285;16/06/2026 10:46;29/07/2026;23/08/2026;ITAPOA;CAUCEDO;METALURGICA TRAPP LTDA;MAERSK LINE;MAERSK CHAMBAL;Embarcado;METALURGICA TRAPP LTDA;MAQUINARIOS;FCL;0;1;40 HIGH CUBE;2
EM0760-26;ZIMUSNT8112226;16/06/2026 11:38;15/07/2026;01/08/2026;SANTOS;KINGSTON;INTERNATIONAL FOREST PRODUCTS;ZIM;ZIM BALTIMORE;Finalizado;ECTX S/A - EUCATEX;MADEIRA;FCL;0;5;40 HIGH CUBE;10
EM0761-26;ZIMUSNT8113043;17/06/2026 08:43;16/08/2026;27/09/2026;SANTOS;PIRAEUS;CUSTOMS SOLUTION EUROPEAN COMMUNITY SERVICES SINGLE MEMBER S.A.;ZIM;VALOR;Embarcado;COFFEE SENSES LTDA;COFFEE;FCL;1;0;20 DRY BOX;1
EM0762-26;26084224;17/06/2026 10:31;18/07/2026;04/08/2026;ITAPOA;NEW YORK;INTERNATIONAL FOREST PRODUCTS;HAPAG LLOYD;MAERSK FREEPORT;Finalizado;MADEIREIRA BEIRA RIO LTDA;MADEIRA;FCL;0;2;40 HIGH CUBE;4
EM0763-26;29469440;17/06/2026 14:34;24/06/2026;14/07/2026;SALVADOR;LISBOA;MAPPER LOGISTICA DE COMERCIO EXTERIOR;HAPAG LLOYD;MSC MAXINE;Finalizado;CALCADOS PEGADA NORDESTE LTDA;SAPATOS;FCL;0;1;40 HIGH CUBE;2
EM0764-26;29469440;17/06/2026 14:34;24/06/2026;14/07/2026;SALVADOR;LISBOA;MAPPER LOGISTICA DE COMERCIO EXTERIOR;HAPAG LLOYD;MSC MAXINE;Finalizado;CALCADOS PEGADA NORDESTE LTDA;SAPATOS;FCL;0;1;40 HIGH CUBE;2
EM0765-26;2331600190;17/06/2026 14:44;10/07/2026;31/08/2026;SANTOS;ASHDOD;SEAWAY LOGISTICS LTDA;OOCL;XIN CHANG SHA;Embarcado;JAPI S/A. INDUSTRIA E COMERCIO;POLYRESIN PLANTERS;FCL;0;2;40 HIGH CUBE;4
EM0766-26;2331599980;17/06/2026 14:46;10/07/2026;31/08/2026;SANTOS;ASHDOD;SEAWAY LOGISTICS LTDA;OOCL;XIN CHANG SHA;Embarcado;JAPI S/A. INDUSTRIA E COMERCIO;POLYRESIN PLANTERS;FCL;0;1;40 HIGH CUBE;2
EM0767-26;2331600210;17/06/2026 14:50;22/07/2026;08/09/2026;SANTOS;ASHDOD;SEAWAY LOGISTICS LTDA;OOCL;NAVIOS DOMINO;Embarcado;JAPI S/A. INDUSTRIA E COMERCIO;POLYRESIN PLANTERS;FCL;0;2;40 HIGH CUBE;4
EM0768-26;2331600500;17/06/2026 14:51;09/08/2026;15/09/2026;SANTOS;ASHDOD;SEAWAY LOGISTICS LTDA;OOCL;XIN WEI HAI;Embarcado;JAPI S/A. INDUSTRIA E COMERCIO;POLYRESIN PLANTERS;FCL;0;2;40 HIGH CUBE;4
EM0769-26;272251392;17/06/2026 16:27;04/07/2026;24/08/2026;ASUNCION;CHARLESTON;M. A. COMISSARIA;MAERSK LINE;BARGE PAR 13001;Embarcado;IRUNA S.A.I.C.;MADEIRA;FCL;0;1;40 HIGH CUBE;2
EM0770-26;6504932990;18/06/2026 07:45;05/07/2026;05/08/2026;PARANAGUA;PUERTO MOIN;ARAUCO INDUSTRIA DE PAINEIS S.A. - PIEN;COSCO SHIPPING;CMA CGM RABELAIS;Finalizado;ARAUCO INDUSTRIA DE PAINEIS S.A. - PIEN;MADEIRA;FCL;0;3;40 HIGH CUBE;6
EM0771-26;37563827;18/06/2026 13:53;11/07/2026;13/08/2026;PARANAGUA;NEW YORK;TEX SHIPPING LTDA;HAPAG LLOYD;LE HAVRE EXPRESS;Finalizado;TEX SHIPPING LTDA;MADEIRA;FCL;0;1;40 HIGH CUBE;2
EM0772-26;56342447;18/06/2026 14:18;24/07/2026;24/08/2026;ITAJAI;NEW YORK;ARTEFATOS DE MADEIRAS STOLF LTDA;HAPAG LLOYD;MSC UNIFIC VI;Embarcado;ARTEFATOS DE MADEIRAS STOLF LTDA;MADEIRA;FCL;0;1;40 HIGH CUBE;2
EM0776-26;COCGA26082E;19/06/2026 08:51;08/07/2026;22/07/2026;SANTOS;CARTAGENA, CO;GRANATUM INGREDIENTS LTDA;MSL DO BRASIL AGENCIAMENTOS E TRANSPORTES LTDA.;DALIAN EXPRESS;Finalizado;GRANATUM INGREDIENTS LTDA;CARGA GERAL NAO PERIGOSA;LCL;0;0;;0
EM0777-26;241ISZ2580612;19/06/2026 09:34;29/06/2026;27/08/2026;SANTOS;GENOA;MAPPER LOGISTICA DE COMERCIO EXTERIOR;MSC MEDITERRANEO;COPIAPO;Finalizado;CALCADOS FURLANETTO LTDA;SAPATOS;FCL;0;1;40 HIGH CUBE;2
EM0778-26;ZIMUSNT8112316;19/06/2026 10:25;13/07/2026;12/08/2026;PARANAGUA;BELIZE CITY;INTERNATIONAL FOREST PRODUCTS;ZIM;ZIM BALTIMORE;Desembarcado;AGROSEPAC SERRADOS LTDA;MADEIRA;FCL;0;1;40 HIGH CUBE;2
EM0779-26;BUEG08278500;19/06/2026 10:34;16/07/2026;16/08/2026;BUENOS AIRES;ALTAMIRA;GRUPO FORESTAL IND. MEXICANO CORPORATIVO;ONE - OCEAN NETWORK EXPRESS;MSC UNIFIC VI;Desembarcado;RAUL E. FERNANDEZ S.A;MADEIRA;FCL;0;4;40 HIGH CUBE;8
EM0780-26;BUA0371941;19/06/2026 10:38;11/07/2026;27/08/2026;BUENOS AIRES;ALTAMIRA;GRUPO FORESTAL IND. MEXICANO CORPORATIVO;CMA CGM DO BRASIL;MERCOSUL SANTOS;Embarcado;RAUL E. FERNANDEZ S.A;MADEIRA;FCL;0;4;40 HIGH CUBE;8
EM0781-26;2333976400;19/06/2026 11:13;03/09/2026;12/10/2026;PARANAGUA;THESSALONIKI;INTERNATIONAL FOREST PRODUCTS;OOCL;XIN CHONG QING;Aguardando prontidão da mercadoria;AGROSEPAC SERRADOS LTDA;MADEIRA;FCL;0;1;40 HIGH CUBE;2
EM0782-26;2333850860;19/06/2026 11:22;27/08/2026;05/10/2026;PARANAGUA;THESSALONIKI;INTERNATIONAL FOREST PRODUCTS;OOCL;XIN CHONG QING;Aguardando prontidão da mercadoria;AGROSEPAC SERRADOS LTDA;MADEIRA;FCL;0;5;40 HIGH CUBE;10
EM0783-26;6505535250;19/06/2026 16:22;29/06/2026;16/08/2026;PARANAGUA;HAIPHONG;INTERNATIONAL FOREST PRODUCTS;COSCO SHIPPING;COSCO SHIPPING CHILE;Finalizado;FAGANELLO INDUSTRIA DE COMPENSADOS;MADEIRA;FCL;0;5;40 HIGH CUBE;10
EM0784-26;35280693;22/06/2026 09:19;10/07/2026;17/08/2026;BUENOS AIRES;ALTAMIRA;GRUPO FORESTAL IND. MEXICANO CORPORATIVO;HAPAG LLOYD;COSTA RICA EXPRESS;Desembarcado;TONY MADERAS SA;MADEIRA;FCL;0;4;40 HIGH CUBE;8
EM0785-26;SSZ1806848;22/06/2026 09:54;05/07/2026;26/08/2026;PARANAGUA;PUERTO PROGRESO;GRUPO FORESTAL IND. MEXICANO CORPORATIVO;CMA CGM DO BRASIL;CMA CGM RABELAIS;Embarcado;MADEIREIRA EK LTDA;MADEIRA;FCL;0;1;40 HIGH CUBE;2
EM0786-26;272344187;22/06/2026 10:22;30/07/2026;15/08/2026;PARANAGUA;CARTAGENA, CO;GONCALVES & TORTOLA S/A MUNDO NOVO;MAERSK LINE;MAERSK CHAMBAL;Cancelado;GONCALVES & TORTOLA S/A MUNDO NOVO;FECULA;FCL;0;6;40 HIGH CUBE;12
EM0787-26;SAO600399800;22/06/2026 11:32;11/08/2026;13/10/2026;NAVEGANTES;KOLKATA;ASL ARMAZENS GERAIS LTDA;PIL - PACIFIC INTERNATIONAL LINES;CMA CGM COBALT;Embarcado;GRAN METAL LTDA;MADEIRA;FCL;0;5;40 HIGH CUBE;10
EM0788-26;SSZ1806742;22/06/2026 12:03;14/07/2026;23/08/2026;PARANAGUA;PUERTO CABELLO;GONCALVES & TORTOLA S/A MUNDO NOVO;CMA CGM DO BRASIL;TINA I;Desembarcado;GONCALVES & TORTOLA S/A MUNDO NOVO;FECULA;FCL;0;2;40 HIGH CUBE;4
EM0789-26;6505703140;22/06/2026 13:20;10/07/2026;10/08/2026;SANTOS;ALTAMIRA;REAL SHIPPING & TRADE;COSCO SHIPPING;CMA CGM RABELAIS;Desembarcado;KROMIA LABELL PRESS INDÚSTRIA COMÉRCIO E MANUT. DE MÁQUINAS GRÁFICAS LTDA;MACHINERY;FCL;1;0;20 DRY BOX;1
EM0790-26;ZIMUPGU8027214;22/06/2026 14:30;03/08/2026;27/08/2026;PARANAGUA;ALTAMIRA;GRUPO FORESTAL IND. MEXICANO CORPORATIVO;ZIM;LONCOMILLA;Embarcado;MADEIREIRA EK LTDA;MADEIRA;FCL;0;4;40 HIGH CUBE;8
EM0792-26;272419407;22/06/2026 15:30;23/07/2026;28/08/2026;PARANAGUA;HOUSTON;STANTON ASSOCIADOS IMP EXP E REPRESENTACOES LTDA;MAERSK LINE;CAPE SOREL;Embarcado;CARPISO IND.DE PAINEIS E REVEST.DE MAD.LTDA;MADEIRA;FCL;0;2;40 HIGH CUBE;4
EM0793-26;43433752;22/06/2026 17:14;01/08/2026;24/08/2026;ITAPOA;CHARLESTON;TEX SHIPPING LTDA;HAPAG LLOYD;MAERSK MONTE ALEGRE;Embarcado;TEX SHIPPING LTDA;MADEIRA;FCL;0;1;40 HIGH CUBE;2
EM0794-26;EBKG17456158;23/06/2026 07:44;02/08/2026;26/08/2026;RIO DE JANEIRO;LONDON GATEWAY PORT;LAMEX FOODS EUROPE LTD;MSC MEDITERRANEO;MSC MELINE;Embarcado;MELBRAS IMPORTADORA E EXPORTADORA AGROINDUSTRIA LTDA;MEL;FCL;4;0;20 DRY BOX;4
EM0795-26;SSZ1807968;23/06/2026 10:09;12/07/2026;06/09/2026;SANTOS;TRIPOLI, LB;MAPPER LOGISTICA DE COMERCIO EXTERIOR;CMA CGM DO BRASIL;MAERSK LAMANAI;Embarcado;LOGX AGENCIAMENTO DE CARGAS LTDA;SAPATOS;FCL;1;0;20 DRY BOX;1
EM0796-26;2331469610;23/06/2026 11:16;07/07/2026;31/08/2026;ITAJAI;ASHDOD;M.A MANUFACTURING AND;OOCL;XIN CHANG SHA;Embarcado;MADEIRAS NEDRI LTDA;MADEIRA;FCL;0;1;40 HIGH CUBE;2
EM0797-26;22138401;23/06/2026 14:23;10/07/2026;02/08/2026;ITAJAI;ALTAMIRA;GRUPO FORESTAL IND. MEXICANO CORPORATIVO;HAPAG LLOYD;LE HAVRE EXPRESS;Finalizado;SÃO CAETANO IND. DE LAM. E COMPENSADOS LTDA;MADEIRA;FCL;0;8;40 HIGH CUBE;16
EM0798-26;96410341;23/06/2026 14:38;14/07/2026;07/08/2026;SANTOS;PUERTO BARRIOS;TUCANO EQUIPAMENTOS LTDA;HAPAG LLOYD;LE HAVRE EXPRESS;Finalizado;TUCANO EQUIPAMENTOS LTDA;MAQUINARIOS;FCL;0;1;40 HIGH CUBE;2
EM0799-26;ZIMUPGU8027091;23/06/2026 15:15;03/08/2026;01/09/2026;PARANAGUA;HALIFAX;ARAUCO INDUSTRIA DE PAINEIS S.A. - PIEN;ZIM;LONCOMILLA;Embarcado;ARAUCO INDUSTRIA DE PAINEIS S.A. - PIEN;MADEIRA;FCL;0;1;40 HIGH CUBE;2
EM0800-26;SSZ1808236;23/06/2026 15:47;05/07/2026;07/08/2026;PARANAGUA;ALTAMIRA;GRUPO FORESTAL IND. MEXICANO CORPORATIVO;CMA CGM DO BRASIL;CMA CGM RABELAIS;Finalizado;MADEIREIRA EK LTDA;MADEIRA;FCL;0;3;40 HIGH CUBE;6
EM0801-26;ZIMUITJ8055480;23/06/2026 16:15;21/07/2026;20/08/2026;NAVEGANTES;ALTAMIRA;GRUPO FORESTAL IND. MEXICANO CORPORATIVO;ZIM;FELIXSTOWE;Desembarcado;MADEIREIRA GRAMADOS LTDA;MADEIRA;FCL;0;3;40 HIGH CUBE;6
EM0802-26;95478280;23/06/2026 17:56;26/06/2026;14/07/2026;ITAPOA;NEW YORK;PLYLOG;HAPAG LLOYD;MAERSK FORTALEZA;Finalizado;INDUSTRIA DE COMPENSADOS GUARARAPES LTDA;MADEIRA;FCL;0;4;40 HIGH CUBE;8
EM0803-26;6451278920;24/06/2026 09:33;07/07/2026;03/09/2026;IMBITUBA;GEORGETOWN;MANOEL MARCHETTI;COSCO SHIPPING;CMA CGM RABELAIS;Embarcado;MANOEL MARCHETTI;MADEIRA;FCL;0;1;40 HIGH CUBE;2
EM0804-26;97008034;24/06/2026 09:45;26/06/2026;14/07/2026;ITAPOA;NEW YORK;PLYLOG;HAPAG LLOYD;MAERSK FORTALEZA;Finalizado;INDUSTRIA DE COMPENSADOS GUARARAPES LTDA;MADEIRA;FCL;0;2;40 HIGH CUBE;4
EM0805-26;6503152810;24/06/2026 10:29;19/07/2026;;PARANAGUA;BUENAVENTURA;ARAUCO INDUSTRIA DE PAINEIS S.A. - PIEN;COSCO SHIPPING;CMA CGM PUCCINI;Embarcado;ARAUCO INDUSTRIA DE PAINEIS S.A. - PIEN;MADEIRA;FCL;0;5;40 HIGH CUBE;10
EM0806-26;EBKG17482274;24/06/2026 10:51;08/07/2026;03/08/2026;RIO DE JANEIRO;HAMBURG;MELBRAS IMPORTADORA E EXPORTADORA AGROINDUSTRIA LTDA;MSC MEDITERRANEO;MSC ATHENS;Finalizado;MELBRAS IMPORTADORA E EXPORTADORA AGROINDUSTRIA LTDA;MEL;FCL;2;0;20 DRY BOX;2
EM0807-26;272495378;24/06/2026 10:55;18/07/2026;11/08/2026;PARANAGUA;CARTAGENA, CO;FECULARIA ELDORADO LTDA;MAERSK LINE;COSTA RICA EXPRESS;Finalizado;FECULARIA ELDORADO LTDA;FECULA;FCL;0;6;40 HIGH CUBE;12
EM0808-26;EBKG17482260;24/06/2026 10:57;13/07/2026;12/08/2026;RIO DE JANEIRO;HAMBURG;MELBRAS IMPORTADORA E EXPORTADORA AGROINDUSTRIA LTDA;MSC MEDITERRANEO;MSC SOFIA PAZ;Finalizado;MELBRAS IMPORTADORA E EXPORTADORA AGROINDUSTRIA LTDA;MEL;FCL;4;0;20 DRY BOX;4
EM0809-26;272495524;24/06/2026 11:04;23/07/2026;23/08/2026;PARANAGUA;CARTAGENA, CO;FECULARIA ELDORADO LTDA;MAERSK LINE;CAPE SOREL;Embarcado;FECULARIA ELDORADO LTDA;FECULA;FCL;0;6;40 HIGH CUBE;12
EM0810-26;272495845;24/06/2026 11:10;18/07/2026;11/08/2026;PARANAGUA;CARTAGENA, CO;FECULARIA ELDORADO LTDA;MAERSK LINE;COSTA RICA EXPRESS;Desembarcado;FECULARIA ELDORADO LTDA;FECULA;FCL;0;6;40 HIGH CUBE;12
EM0811-26;96507539;24/06/2026 13:27;17/07/2026;12/08/2026;SALVADOR;HAMBURG;MAPPER LOGISTICA DE COMERCIO EXTERIOR;HAPAG LLOYD;MSC SOFIA PAZ;Finalizado;CALCADOS PEGADA NORDESTE LTDA;SAPATOS;FCL;0;1;40 HIGH CUBE;2
EM0812-26;6503152900;24/06/2026 14:13;09/08/2026;12/09/2026;PARANAGUA;BUENAVENTURA;ARAUCO INDUSTRIA DE PAINEIS S.A. - PIEN;COSCO SHIPPING;CMA CGM FRANCOISE SAGAN;Embarcado;ARAUCO INDUSTRIA DE PAINEIS S.A. - PIEN;MADEIRA;FCL;0;5;40 HIGH CUBE;10
EM0813-26;272492848;24/06/2026 15:59;15/07/2026;07/08/2026;ITAPOA;MANZANILLO, PA;Werco Servicos Logisticos Ltda;MAERSK LINE;MSC YAMUNA VI;Finalizado;MOVEISSIM LTDA;FURNITURE;FCL;0;1;40 HIGH CUBE;2
EM0814-26;SAO600410700;24/06/2026 16:52;11/08/2026;15/09/2026;NAVEGANTES;LAEM CHABANG;TF COMERCIAL EXPORTADORA LTDA;PIL - PACIFIC INTERNATIONAL LINES;CMA CGM COBALT;Embarcado;TF COMERCIAL EXPORTADORA LTDA;MADEIRA;FCL;0;5;40 HIGH CUBE;10
EM0815-26;92998922;24/06/2026 17:03;01/08/2026;18/08/2026;ITAPOA;NEW YORK;DOORINABOX;HAPAG LLOYD;MAERSK MONTE ALEGRE;Desembarcado;ESQUADRIBRAS - INDUSTRIA DE ESQUADRIAS LTDA;DOORS;FCL;0;1;40 HIGH CUBE;2
EM0816-26;273956079;24/06/2026 17:05;01/08/2026;18/08/2026;ITAPOA;NEWARK;DOORINABOX;MAERSK LINE;MAERSK MONTE ALEGRE;Desembarcado;ESQUADRIBRAS - INDUSTRIA DE ESQUADRIAS LTDA;DOORS;FCL;0;1;40 HIGH CUBE;2
EM0817-26;95648754;24/06/2026 17:07;17/07/2026;04/08/2026;ITAPOA;NEW YORK;PATMO LUMBER TRADE;HAPAG LLOYD;MAERSK FREEPORT;Cancelado;ESQUADRIBRAS - INDUSTRIA DE ESQUADRIAS LTDA;DOORS;FCL;0;1;40 HIGH CUBE;2
EM0818-26;272619478;25/06/2026 11:22;22/07/2026;09/08/2026;ITAPOA;CARTAGENA, CO;TEX SHIPPING LTDA;MAERSK LINE;MAERSK KARUN;Finalizado;TEX SHIPPING LTDA;MADEIRA;FCL;0;2;40 HIGH CUBE;4
EM0819-26;272568123;25/06/2026 11:35;29/07/2026;26/08/2026;ITAPOA;HOUSTON;TEX SHIPPING LTDA;MAERSK LINE;MAERSK CHAMBAL;Embarcado;TEX SHIPPING LTDA;MADEIRA;FCL;0;1;40 HIGH CUBE;2
EM0820-26;272568123;25/06/2026 11:38;29/07/2026;26/08/2026;ITAPOA;HOUSTON;TEX SHIPPING LTDA;MAERSK LINE;MAERSK CHAMBAL;Embarcado;TEX SHIPPING LTDA;MADEIRA;FCL;0;1;40 HIGH CUBE;2
EM0821-26;272568123;25/06/2026 11:39;29/07/2026;26/08/2026;ITAPOA;HOUSTON;TEX SHIPPING LTDA;MAERSK LINE;MAERSK CHAMBAL;Embarcado;TEX SHIPPING LTDA;MADEIRA;FCL;0;1;40 HIGH CUBE;2
EM0822-26;272622543;25/06/2026 13:34;18/07/2026;15/08/2026;PARANAGUA;VERACRUZ;FECULARIA ELDORADO LTDA;MAERSK LINE;COSTA RICA EXPRESS;Desembarcado;FECULARIA ELDORADO LTDA;ALIMENTOS EM GERAL;FCL;0;1;40 HIGH CUBE;2
EM0823-26;37902200;25/06/2026 13:52;15/08/2026;03/09/2026;ITAPOA;WARWICK;MANOEL MARCHETTI;HAPAG LLOYD;MAERSK FORTALEZA;Embarcado;MANOEL MARCHETTI;MADEIRA;FCL;0;1;40 HIGH CUBE;2
EM0824-26;95337018;25/06/2026 14:03;15/08/2026;03/09/2026;ITAPOA;WARWICK;MANOEL MARCHETTI;HAPAG LLOYD;MAERSK FORTALEZA;Embarcado;MANOEL MARCHETTI;MADEIRA;FCL;0;1;40 HIGH CUBE;2
EM0825-26;SSZ1809393;25/06/2026 14:08;14/07/2026;21/08/2026;PARANAGUA;ALTAMIRA;GRUPO FORESTAL IND. MEXICANO CORPORATIVO;CMA CGM DO BRASIL;TINA I;Desembarcado;SINCOL SA INDUSTRIA E COMERCIO;MADEIRA;FCL;0;2;40 HIGH CUBE;4
EM0826-26;11197529;25/06/2026 14:13;10/07/2026;10/08/2026;ITAJAI;PORT EVERGLADES;MORITZ INTERNACIONAL LTDA;HAPAG LLOYD;LE HAVRE EXPRESS;Finalizado;GUTEMBERG CARLOS DE OLIVEIRA;VEICULO;FCL;0;1;40 HIGH CUBE;2
EM0827-26;98194229;25/06/2026 14:18;10/07/2026;10/08/2026;ITAJAI;PORT EVERGLADES;MORITZ INTERNACIONAL LTDA;HAPAG LLOYD;LE HAVRE EXPRESS;Finalizado;VOKSHOP IMP E EXP DE PECAS;VEICULO;FCL;0;1;40 HIGH CUBE;2
EM0828-26;49093663;25/06/2026 14:21;21/07/2026;31/08/2026;ITAJAI;PORT EVERGLADES;MORITZ INTERNACIONAL LTDA;HAPAG LLOYD;COSTA RICA EXPRESS;Embarcado;VALVILTON FELIPE MARTINS;VEICULO;FCL;0;1;40 HIGH CUBE;2
EM0829-26;93199461;25/06/2026 14:38;01/08/2026;29/08/2026;PARANAGUA;BALTIMORE;M. A. COMISSARIA;HAPAG LLOYD;JAZAN;Pendente;IRUNA S.A.I.C.;;FCL;0;1;40 HIGH CUBE;2
EM0830-26;98412448;25/06/2026 15:34;27/07/2026;02/09/2026;SANTOS;MIAMI FL - ALL TRUCK;TOTAL LINHAS AEREAS;HAPAG LLOYD;COSTA RICA EXPRESS;Embarcado; TOTAL LINAS AEREAS S.A;ITENS AERONÁUTICOS;FCL;0;2;40 HIGH CUBE;4
EM0831-26;30685614;25/06/2026 16:01;01/08/2026;18/08/2026;ITAPOA;NEW YORK;PLYLOG;HAPAG LLOYD;MAERSK MONTE ALEGRE;Desembarcado;INDUSTRIA DE COMPENSADOS GUARARAPES LTDA;MADEIRA;FCL;0;5;40 HIGH CUBE;10
EM0832-26;96631555;25/06/2026 16:06;08/08/2026;25/08/2026;ITAPOA;NEW YORK;PLYLOG;HAPAG LLOYD;STEPHANIE C;Embarcado;INDUSTRIA DE COMPENSADOS GUARARAPES LTDA;MADEIRA;FCL;0;5;40 HIGH CUBE;10
EM0833-26;12612637;25/06/2026 16:42;13/07/2026;17/08/2026;MONTEVIDEO;ALTAMIRA;GRUPO FORESTAL IND. MEXICANO CORPORATIVO;HAPAG LLOYD;COSTA RICA EXPRESS;Desembarcado;DANK;MADEIRA;FCL;0;3;40 HIGH CUBE;6
EM0834-26;SSZ1809075;26/06/2026 10:00;14/07/2026;30/07/2026;FORTALEZA;LE HAVRE;MAPPER LOGISTICA DE COMERCIO EXTERIOR;CMA CGM DO BRASIL;CMA CGM KOUROU;Finalizado;LOGX AGENCIAMENTO DE CARGAS LTDA;SAPATOS;FCL;0;1;40 HIGH CUBE;2
EM0835-26;EBKG17557708;26/06/2026 10:56;02/08/2026;26/08/2026;RIO DE JANEIRO;HAMBURG;MELBRAS IMPORTADORA E EXPORTADORA AGROINDUSTRIA LTDA;MSC MEDITERRANEO;MSC MELINE;Embarcado;MELBRAS IMPORTADORA E EXPORTADORA AGROINDUSTRIA LTDA;MEL;FCL;2;0;20 DRY BOX;2
EM0836-26;2332205410;26/06/2026 11:26;08/08/2026;09/09/2026;PARANAGUA;PIRAEUS;M. A. COMISSARIA;OOCL;XIN WEI HAI;Embarcado;FABRICIO ANTONIO MOREIRA NETO LTDA;MADEIRA;FCL;0;2;40 HIGH CUBE;4
EM0837-26;90540309;26/06/2026 11:32;06/07/2026;04/08/2026;RIO GRANDE;HOUSTON;MAPPER LOGISTICA DE COMERCIO EXTERIOR;HAPAG LLOYD;LE HAVRE EXPRESS;Finalizado;IMS BRAZIL LTDA;ALIMENTOS EM GERAL;FCL;0;1;40 HIGH CUBE;2
EM0838-26;ZIMUITJ8055549;26/06/2026 12:01;26/07/2026;14/09/2026;ITAPOA;MONTREAL;MMC  S.A.;ZIM;FELIXSTOWE;Embarcado;MMC  S.A.;MADEIRA;FCL;0;1;40 HIGH CUBE;2
EM0839-26;6506374630;26/06/2026 16:00;05/07/2026;28/07/2026;PARANAGUA;KINGSTON;INTERNATIONAL FOREST PRODUCTS;COSCO SHIPPING;CMA CGM RABELAIS;Finalizado;COMPENSADOS NOVO MILENIO LTDA;MADEIRA;FCL;0;2;40 HIGH CUBE;4
EM0840-26;36858391;29/06/2026 09:04;08/08/2026;25/08/2026;ITAPOA;NEW YORK;PLYLOG;HAPAG LLOYD;STEPHANIE C;Embarcado;INDUSTRIA DE COMPENSADOS GUARARAPES LTDA;MADEIRA;FCL;0;5;40 HIGH CUBE;10
EM0841-26;30567573;29/06/2026 09:15;08/08/2026;25/08/2026;ITAPOA;NEW YORK;PLYLOG;HAPAG LLOYD;STEPHANIE C;Embarcado;INDUSTRIA DE COMPENSADOS GUARARAPES LTDA;MADEIRA;FCL;0;5;40 HIGH CUBE;10
EM0842-26;80282822;29/06/2026 09:23;08/08/2026;25/08/2026;ITAPOA;NEW YORK;PLYLOG;HAPAG LLOYD;STEPHANIE C;Embarcado;INDUSTRIA DE COMPENSADOS GUARARAPES LTDA;MADEIRA;FCL;0;5;40 HIGH CUBE;10
EM0843-26;32903262;29/06/2026 09:29;08/08/2026;25/08/2026;ITAPOA;NEW YORK;PLYLOG;HAPAG LLOYD;STEPHANIE C;Embarcado;INDUSTRIA DE COMPENSADOS GUARARAPES LTDA;MADEIRA;FCL;0;5;40 HIGH CUBE;10
EM0844-26;11197529;29/06/2026 09:30;10/07/2026;10/08/2026;ITAJAI;PORT EVERGLADES;MORITZ INTERNACIONAL LTDA;HAPAG LLOYD;LE HAVRE EXPRESS;Finalizado;MARCOS A FERREIRA PATRICIO;VEICULO;FCL;0;1;40 HIGH CUBE;2
EM0845-26;80208303;29/06/2026 09:34;08/08/2026;25/08/2026;ITAPOA;NEW YORK;PLYLOG;HAPAG LLOYD;STEPHANIE C;Embarcado;INDUSTRIA DE COMPENSADOS GUARARAPES LTDA;MADEIRA;FCL;0;5;40 HIGH CUBE;10
EM0846-26;24956526;29/06/2026 09:38;08/08/2026;25/08/2026;ITAPOA;NEW YORK;PLYLOG;HAPAG LLOYD;STEPHANIE C;Embarcado;INDUSTRIA DE COMPENSADOS GUARARAPES LTDA;MADEIRA;FCL;0;5;40 HIGH CUBE;10
EM0847-26;17973204;29/06/2026 10:06;17/07/2026;17/08/2026;ITAJAI;ALTAMIRA;GRUPO FORESTAL IND. MEXICANO CORPORATIVO;HAPAG LLOYD;COSTA RICA EXPRESS;Finalizado;LG MADEIRAS LTDA;MADEIRA;FCL;0;4;40 HIGH CUBE;8
EM0848-26;EBKG17539587;29/06/2026 10:41;15/08/2026;07/09/2026;NAVEGANTES;VALENCIA;N.CINTRA COMERCIO E SERVICOS DE ARTEFATOS DE MADEIRA LTDA;MSC MEDITERRANEO;MSC SABRINA;Embarcado;NARCISO ROTTA MADEIRAS LTDA;;FCL;1;0;20 DRY BOX;1
EM0849-26;42045173;29/06/2026 10:56;10/07/2026;02/08/2026;ITAJAI;ALTAMIRA;GRUPO FORESTAL IND. MEXICANO CORPORATIVO;HAPAG LLOYD;LE HAVRE EXPRESS;Finalizado;SÃO CAETANO IND. DE LAM. E COMPENSADOS LTDA;MADEIRA;FCL;0;8;40 HIGH CUBE;16
EM0850-26;80178503;29/06/2026 11:06;25/07/2026;31/08/2026;RIO GRANDE;VALENCIA;INTERNATIONAL FOREST PRODUCTS;HAPAG LLOYD;XIAMEN EXPRESS;Embarcado;TODESMADE INDUSTRIA DE MADEIRAS E ARTEFATOS LTDA;MADEIRA;FCL;0;1;40 HIGH CUBE;2
EM0851-26;49093663;30/06/2026 08:47;21/07/2026;31/08/2026;ITAJAI;PORT EVERGLADES;MORITZ INTERNACIONAL LTDA;HAPAG LLOYD;COSTA RICA EXPRESS;Embarcado;MORITZ INTERNACIONAL LTDA;VEICULO;FCL;0;1;40 HIGH CUBE;2
EM0852-26;6506375370;30/06/2026 09:25;14/07/2026;23/08/2026;PARANAGUA;BUENAVENTURA;ARAUCO INDUSTRIA DE PAINEIS S.A. - PIEN;COSCO SHIPPING;TINA I;Desembarcado;ARAUCO INDUSTRIA DE PAINEIS S.A. - PIEN;MADEIRA;FCL;0;4;40 HIGH CUBE;8
EM0853-26;34766379;30/06/2026 14:35;25/07/2026;11/08/2026;ITAPOA;NEW YORK;PLYLOG;HAPAG LLOYD;MAERSK MONTE AZUL;Finalizado;INDUSTRIA DE COMPENSADOS GUARARAPES LTDA;MADEIRA;FCL;0;1;40 HIGH CUBE;2
EM0855-26;SSZ1811523;01/07/2026 09:44;14/07/2026;18/08/2026;PARANAGUA;PORT OF SPAIN;INTERNATIONAL FOREST PRODUCTS;CMA CGM DO BRASIL;TINA I;Finalizado;FM DO BRASIL;MADEIRA;FCL;0;7;40 HIGH CUBE;14
EM0856-26;272879274;01/07/2026 09:52;25/07/2026;11/08/2026;ITAPOA;NEWARK;PATMO LUMBER TRADE;MAERSK LINE;MAERSK MONTE AZUL;Finalizado;ESQUADRIBRAS - INDUSTRIA DE ESQUADRIAS LTDA;DOORS;FCL;0;1;40 HIGH CUBE;2
EM0857-26;6505882190;01/07/2026 10:12;19/07/2026;19/08/2026;PARANAGUA;KINGSTON;INTERNATIONAL FOREST PRODUCTS;COSCO SHIPPING;CMA CGM PUCCINI;Desembarcado;FAGANELLO INDUSTRIA DE COMPENSADOS;MADEIRA;FCL;0;5;40 HIGH CUBE;10
EM0858-26;SSZ1809075;01/07/2026 10:24;14/07/2026;30/07/2026;FORTALEZA;LE HAVRE;MAPPER LOGISTICA DE COMERCIO EXTERIOR;CMA CGM DO BRASIL;CMA CGM KOUROU;Finalizado;CALCADOS PEGADA NORDESTE LTDA;SAPATOS;FCL;0;1;40 HIGH CUBE;2
EM0859-26;6444059670;01/07/2026 10:42;07/02/2026;04/03/2026;XIAMEN;MANZANILLO, MX;WEPORT S.A. DE C.V.;COSCO SHIPPING;COSCO MALAYSIA;Finalizado;XIAMEN JIALIN FOREIGN TRADE CO.,LTD;MADEIRA;FCL;0;5;40 HIGH CUBE;10
EM0860-26;ZIMUXIA8542393;01/07/2026 10:47;12/02/2026;29/03/2026;XIAMEN;MANZANILLO, MX;WEPORT S.A. DE C.V.;ZIM;ZIM THAILAND;Finalizado;XIAMEN JIALIN FOREIGN TRADE CO.,LTD;MADEIRA;FCL;0;4;40 HIGH CUBE;8
EM0861-26;9506336970;01/07/2026 10:53;14/03/2026;29/03/2026;XIAMEN;MANZANILLO, MX;WEPORT S.A. DE C.V.;COSCO SHIPPING;XIN OU ZHOU;Finalizado;XIAMEN JIALIN FOREIGN TRADE CO.,LTD;MADEIRA;FCL;0;4;40 HIGH CUBE;8
EM0862-26;EBKG17618828;01/07/2026 12:08;16/07/2026;05/09/2026;PARANAGUA;ENSENADA;PLYLOG;MSC MEDITERRANEO;MSC ODESSA V;Embarcado;INDUSTRIA DE COMPENSADOS GUARARAPES LTDA;MADEIRA;FCL;0;5;40 HIGH CUBE;10
EM0863-26;ZIMUITJ8054930;01/07/2026 15:37;28/07/2026;23/08/2026;PARANAGUA;CARTAGENA, CO;FECULARIA ELDORADO LTDA;ZIM;FELIXSTOWE;Desembarcado;FECULARIA ELDORADO LTDA;ALIMENTOS EM GERAL;FCL;0;2;40 HIGH CUBE;4
EM0864-26;SSZ1812091;01/07/2026 16:26;19/07/2026;30/08/2026;PARANAGUA;PORT OF SPAIN;INTERNATIONAL FOREST PRODUCTS;CMA CGM DO BRASIL;CMA CGM PUCCINI;Embarcado;FM DO BRASIL;MADEIRA;FCL;0;3;40 HIGH CUBE;6
EM0865-26;ZIMUPGU8026825;01/07/2026 17:22;03/08/2026;21/08/2026;PARANAGUA;KINGSTON;INTERNATIONAL FOREST PRODUCTS;ZIM;LONCOMILLA;Desembarcado;MGS INDUSTRIA DE COMPENSADOS LTDA;MADEIRA;FCL;0;3;40 HIGH CUBE;6
EM0866-26;MVD0160023;02/07/2026 09:18;12/07/2026;10/09/2026;MONTEVIDEO;ALTAMIRA;GRUPO FORESTAL IND. MEXICANO CORPORATIVO;CMA CGM DO BRASIL;MERCOSUL SANTOS;Embarcado;IMNSUR LTDA;MADEIRA;FCL;0;5;40 HIGH CUBE;10
EM0867-26;EBKG17293671;02/07/2026 10:06;28/06/2026;24/07/2026;VALPARAISO;OAKLAND;Werco Servicos Logisticos Ltda;MSC MEDITERRANEO;MSC SERENA;Embarcado;PAPEL MISIONERO S.A.I.F.C;MADEIRA;FCL;0;6;40 HIGH CUBE;12
EM0868-26;SSZHOU6190632V;02/07/2026 12:10;31/08/2026;;SANTOS;TALLEY, LN;TKA GUINDASTES INDUSTRIA E COMERCIO LTDA;VANGUARD LOGISTICS SERVICES DO BRASIL LTDA;SANTA VANESSA;Aguardando prontidão da mercadoria;TKA GUINDASTES INDUSTRIA E COMERCIO LTDA;MAQUINARIOS;LCL;0;0;;0
EM0869-26;BUA0372787;02/07/2026 14:56;17/07/2026;06/09/2026;BUENOS AIRES;ALTAMIRA;GRUPO FORESTAL IND. MEXICANO CORPORATIVO;CMA CGM DO BRASIL;MERCOSUL ITAJAI;Embarcado;ISISCHU SRL;MADEIRA;FCL;0;2;40 HIGH CUBE;4
EM0870-26;SSZ1812789;02/07/2026 16:11;21/07/2026;19/08/2026;IMBITUBA;KINGSTON;INTERNATIONAL FOREST PRODUCTS;CMA CGM DO BRASIL;CMA CGM PUCCINI;Desembarcado;BERNECK S.A. PAINEIS E SERRADOS;MADEIRA;FCL;0;2;40 HIGH CUBE;4
EM0871-26;241ISZ2596253;02/07/2026 17:43;14/07/2026;14/08/2026;SANTOS;GENOA;MAPPER LOGISTICA DE COMERCIO EXTERIOR;MSC MEDITERRANEO;MSC CATERINA;Finalizado;TIFERET COMÉRCIO DE ROUPAS LTDA.;SAPATOS;FCL;0;1;40 HIGH CUBE;2
EM0872-26;SSZ1813072;03/07/2026 08:46;21/07/2026;30/08/2026;IMBITUBA;PORT OF SPAIN;INTERNATIONAL FOREST PRODUCTS;CMA CGM DO BRASIL;CMA CGM PUCCINI;Embarcado;SERRARIA BOA ESPERANCA LTDA;MADEIRA;FCL;0;1;40 HIGH CUBE;2
EM0873-26;272949712;03/07/2026 09:34;01/08/2026;26/08/2026;ITAJAI;HOUSTON;PORTOTAL ASSESSORIA EM COMERCIO EXTERIOR LTDA;MAERSK LINE;MAERSK CHAMBAL;Cancelado;ARTEFATOS DE MADEIRAS STOLF LTDA;MADEIRA;FCL;0;1;40 HIGH CUBE;2
EM0874-26;SSZ1807968;03/07/2026 10:13;12/07/2026;31/08/2026;SANTOS;TRIPOLI, LB;MAPPER LOGISTICA DE COMERCIO EXTERIOR;CMA CGM DO BRASIL;MAERSK LAMANAI;Embarcado;CALCADOS PEGADA NORDESTE LTDA;SAPATOS;FCL;1;0;20 DRY BOX;1
EM0875-26;SSZ1813028;03/07/2026 10:19;21/07/2026;30/08/2028;IMBITUBA;PORT OF SPAIN;INTERNATIONAL FOREST PRODUCTS;CMA CGM DO BRASIL;CMA CGM PUCCINI;Embarcado;VALE NORTE INDUSTRIAL MERCANTIL LTDA;MADEIRA;FCL;0;1;40 HIGH CUBE;2
EM0876-26;SAOG38636700;03/07/2026 10:41;21/07/2026;11/08/2026;ITAJAI;CARTAGENA, CO;METALURGICA TRAPP LTDA;ONE - OCEAN NETWORK EXPRESS;COSTA RICA EXPRESS;Desembarcado;METALURGICA TRAPP LTDA;MAQUINARIOS;FCL;0;3;40 HIGH CUBE;6
EM0877-26;33973994;03/07/2026 10:57;08/08/2026;27/08/2026;SALVADOR;HAMBURG;MAPPER LOGISTICA DE COMERCIO EXTERIOR;HAPAG LLOYD;MSC DAKAR X;Embarcado;CALCADOS PEGADA NORDESTE LTDA;SAPATOS;FCL;0;1;40 HIGH CUBE;2
EM0878-26;EBKG17622214;03/07/2026 11:51;22/07/2026;26/08/2026;PARANAGUA;ENSENADA;PLYLOG;MSC MEDITERRANEO;MSC INIYA V;Embarcado;INDUSTRIA DE COMPENSADOS GUARARAPES LTDA;MADEIRA;FCL;0;5;40 HIGH CUBE;10
EM0879-26;EBKG17636819;06/07/2026 14:55;15/08/2026;24/09/2026;PARANAGUA;OAKLAND;M. A. COMISSARIA;MSC MEDITERRANEO;MSC URSULA VI;Embarcado;ELISA MARGARITA OZUNA SALVIONI;MADEIRA;FCL;0;1;40 HIGH CUBE;2
EM0882-26;SAOG38994700;06/07/2026 15:36;18/07/2026;17/08/2026;PARANAGUA;ALTAMIRA;GRUPO FORESTAL IND. MEXICANO CORPORATIVO;ONE - OCEAN NETWORK EXPRESS;COSTA RICA EXPRESS;Desembarcado;INDUSTRIA DE COMPENSADOS SUDATI LTDA (0003-09 - SUV);MADEIRA;FCL;0;5;40 HIGH CUBE;10
EM0883-26;SAOG39000700;06/07/2026 15:41;18/07/2026;17/08/2026;PARANAGUA;ALTAMIRA;GRUPO FORESTAL IND. MEXICANO CORPORATIVO;ONE - OCEAN NETWORK EXPRESS;COSTA RICA EXPRESS;Finalizado;MIRALUZ IND E COM DE MADEIRAS LTDA;MADEIRA;FCL;0;1;40 HIGH CUBE;2
EM0884-26;EBKG17699038;06/07/2026 16:06;23/07/2026;24/09/2026;ASUNCION;SEATTLE;M. A. COMISSARIA;MSC MEDITERRANEO;BARGE;Embarcado;IRUNA S.A.I.C.;MADEIRA;FCL;0;1;40 HIGH CUBE;2
EM0885-26;EBKG17699103;06/07/2026 16:13;23/07/2026;16/09/2026;ASUNCION;CHARLESTON;M. A. COMISSARIA;MSC MEDITERRANEO;BARGE;Embarcado;"MARGO Y CIA. S.A.
";MADEIRA;FCL;0;3;40 HIGH CUBE;6
EM0886-26;EBKG617699105;06/07/2026 16:15;;;ASUNCION;CHARLESTON;M. A. COMISSARIA;MSC MEDITERRANEO;;Aguardando prontidão da mercadoria;"MARGO Y CIA. S.A.
";MADEIRA;FCL;0;1;40 HIGH CUBE;2
EM0887-26;10598519;06/07/2026 16:27;28/07/2026;07/09/2026;RIO GRANDE;DENVER;MAPPER LOGISTICA DE COMERCIO EXTERIOR;HAPAG LLOYD;JAZAN;Embarcado;IMS BRAZIL LTDA;ALIMENTOS EM GERAL;FCL;0;1;40 HIGH CUBE;2
EM0888-26;SSZ1814142;06/07/2026 16:53;22/07/2026;30/08/2026;SANTOS;MONTREAL;COMEX APOIO ADMINISTRATIVO LTDA;CMA CGM DO BRASIL;TINA I;Embarcado;SM MADEIRAS LTDA (0001-63);MADEIRA;FCL;0;1;40 HIGH CUBE;2
EM0889-26;SSZ1814138;06/07/2026 16:55;22/07/2026;30/08/2026;SANTOS;MONTREAL;COMEX APOIO ADMINISTRATIVO LTDA;CMA CGM DO BRASIL;TINA I;Embarcado;SM MADEIRAS LTDA (0001-63);MADEIRA;FCL;0;1;40 HIGH CUBE;2
EM0890-26;SSZ1811627;07/07/2026 12:54;19/07/2026;30/08/2026;PARANAGUA;PORT OF SPAIN;INTERNATIONAL FOREST PRODUCTS;CMA CGM DO BRASIL;CMA CGM PUCCINI;Embarcado;AGROSEPAC SERRADOS LTDA;MADEIRA;FCL;0;1;40 HIGH CUBE;2
EM0891-26;SSZ1811627;07/07/2026 12:59;19/07/2026;06/09/2026;PARANAGUA;PORT OF SPAIN;INTERNATIONAL FOREST PRODUCTS;CMA CGM DO BRASIL;CMA CGM PUCCINI;Embarcado;AGROSEPAC SERRADOS LTDA;MADEIRA;FCL;0;1;40 HIGH CUBE;2
EM0892-26;SAOG39092400;07/07/2026 13:07;31/07/2026;23/08/2026;PARANAGUA;ALTAMIRA;GRUPO FORESTAL IND. MEXICANO CORPORATIVO;ONE - OCEAN NETWORK EXPRESS;JAZAN;Desembarcado;INDUSTRIA E COM. DE COMPENSADOS SUL PARANÁ LTDA;MADEIRA;FCL;0;3;40 HIGH CUBE;6
EM0893-26;EBKG17656046;07/07/2026 13:38;15/08/2026;24/09/2026;PARANAGUA;SAVANNAH;E. GOMES COMERCIO IMP. E EXP. LTDA;MSC MEDITERRANEO;MSC URSULA VI;Embarcado;"COMPENSADOS RELVAPLAC LTDA
";CARGA GERAL NAO PERIGOSA;FCL;0;1;40 HIGH CUBE;2
EM0894-26;2333271770;08/07/2026 08:54;09/08/2026;16/09/2026;SANTOS;ALIAGA;MESCO INTERNATIONAL FORWARDING INC.;OOCL;XIN WEI HAI;Embarcado;CRUZEIRO PAPEIS INDUSTRIAIS LTDA;PAPEL;FCL;0;1;40 HIGH CUBE;2
EM0895-26;EBKG17695199;08/07/2026 09:35;16/08/2026;12/09/2026;NAVEGANTES;LONDON GATEWAY PORT;LAMEX FOODS EUROPE LTD;MSC MEDITERRANEO;BREMERHAVEN EXPRESS;Embarcado;MINAMEL AGROINDUSTRIA LTDA;MEL;FCL;1;0;20 DRY BOX;1
EM0896-26;274026239;08/07/2026 10:51;28/07/2026;29/08/2026;ITAPOA;LONDON GATEWAY PORT;MASTER COMERCIO EXTERIOR LTDA.;MAERSK LINE;SANTA INES;Embarcado;SOUTH SERVICE TRADING SA;MADEIRA;FCL;0;1;40 HIGH CUBE;2
EM0897-26;SAOG39318500;08/07/2026 11:04;30/07/2026;15/09/2026;RIO GRANDE;MELBOURNE;MAPPER LOGISTICA DE COMERCIO EXTERIOR;ONE - OCEAN NETWORK EXPRESS;MSC AVNI;Embarcado;IMS BRAZIL LTDA;ALIMENTOS EM GERAL;FCL;0;1;40 HIGH CUBE;2
EM0899-26;274026794;08/07/2026 11:27;29/07/2026;26/08/2026;ITAPOA;HOUSTON;TEX SHIPPING LTDA;MAERSK LINE;MAERSK CHAMBAL;Cancelado;TEX SHIPPING LTDA;MADEIRA;FCL;0;1;40 HIGH CUBE;2
EM0900-26;18294969;08/07/2026 15:07;10/08/2026;25/09/2026;RIO GRANDE;OCEANSIDE, CA (door delivery);MAPPER LOGISTICA DE COMERCIO EXTERIOR;HAPAG LLOYD;CAPE PIONEER;Embarcado;IMS BRAZIL LTDA;ALIMENTOS EM GERAL;FCL;0;1;40 HIGH CUBE;2
EM0901-26;274091813;08/07/2026 16:00;29/07/2026;23/08/2026;ITAPOA;CAUCEDO;TEX SHIPPING LTDA;MAERSK LINE;MAERSK CHAMBAL;Desembarcado;TEX SHIPPING LTDA;CARGA GERAL NAO PERIGOSA;FCL;1;0;20 DRY BOX;1
EM0902-26;SAOG39484900;08/07/2026 16:13;28/07/2026;16/08/2026;SANTOS;CAUCEDO;COMEX APOIO ADMINISTRATIVO LTDA;ONE - OCEAN NETWORK EXPRESS;MSC UNIFIC VI;Desembarcado;SM MADEIRAS LTDA (0001-63);MADEIRA;FCL;0;3;40 HIGH CUBE;6
EM0903-26;ZIMUITJ8055695;09/07/2026 11:10;23/08/2026;20/09/2026;NAVEGANTES;SANTO TOMAS DE CASTILLA;MANOEL MARCHETTI;ZIM;NAVIOS AMARILLO;Embarcado;MANOEL MARCHETTI;MADEIRA;FCL;0;1;40 HIGH CUBE;2
EM0904-26;15969484;09/07/2026 12:16;18/07/2026;24/08/2026;PARANAGUA;NEW YORK;E. GOMES COMERCIO IMP. E EXP. LTDA;HAPAG LLOYD;COSTA RICA EXPRESS;Embarcado;"COMPENSADOS RELVAPLAC LTDA
";MADEIRA;FCL;0;1;40 HIGH CUBE;2
EM0905-26;241ISZ2595657;09/07/2026 14:11;24/07/2026;25/08/2026;SANTOS;GENOA;MAPPER LOGISTICA DE COMERCIO EXTERIOR;MSC MEDITERRANEO;MSC MELINE;Desembarcado;HENRICH & CIA LTDA;SAPATOS;FCL;0;1;40 HIGH CUBE;2
EM0906-26;241ISZ2595657;09/07/2026 14:14;24/07/2026;25/08/2026;SANTOS;GENOA;MAPPER LOGISTICA DE COMERCIO EXTERIOR;MSC MEDITERRANEO;MSC LE HAVRE;Desembarcado;WERNER CALÇADOS LTDA;SAPATOS;FCL;0;1;40 HIGH CUBE;2
EM0907-26;ZIMUMVD8018218;09/07/2026 15:05;27/07/2026;27/08/2026;BUENOS AIRES;ALTAMIRA;GRUPO FORESTAL IND. MEXICANO CORPORATIVO;ZIM;LONCOMILLA;Embarcado;IMNSUR LTDA;MADEIRA;FCL;0;12;40 HIGH CUBE;24
EM0908-26;ZIMUBUE9051698;09/07/2026 15:21;29/07/2026;27/08/2026;BUENOS AIRES;ALTAMIRA;GRUPO FORESTAL IND. MEXICANO CORPORATIVO;ZIM;LONCOMILLA;Embarcado;IMNSUR LTDA;MADEIRA;FCL;0;1;40 HIGH CUBE;2
EM0909-26;2333379330;09/07/2026 15:47;12/08/2026;23/09/2026;ITAJAI;PIRAEUS;INTERNATIONAL FOREST PRODUCTS;OOCL;NYK DIANA;Embarcado;JJ THOMAZI & CIA LTDA;MADEIRA;FCL;0;4;40 HIGH CUBE;8
EM0910-26;2333384480;09/07/2026 16:06;22/08/2026;28/09/2026;PARANAGUA;THESSALONIKI;INTERNATIONAL FOREST PRODUCTS;OOCL;NAVIOS VERMILION;Embarcado;AGROSEPAC SERRADOS LTDA;MADEIRA;FCL;0;3;40 HIGH CUBE;6
EM0911-26;ZIMUPGU8027072;09/07/2026 16:57;03/08/2026;21/08/2026;PARANAGUA;KINGSTON;INTERNATIONAL FOREST PRODUCTS;ZIM;LONCOMILLA;Desembarcado;L.F.R.CARLI & CIA. LTDA.;MADEIRA;FCL;0;5;40 HIGH CUBE;10
EM0912-26;SSZ1815428;10/07/2026 08:36;26/07/2026;16/08/2026;PARANAGUA;KINGSTON;INTERNATIONAL FOREST PRODUCTS;CMA CGM DO BRASIL;CMA CGM SAMBHAR;Desembarcado;L.F.R.CARLI & CIA. LTDA.;MADEIRA;FCL;0;5;40 HIGH CUBE;10
EM0913-26;40071130;10/07/2026 09:02;07/08/2026;19/09/2026;PARANAGUA;ALGIERS;FECULARIA ELDORADO LTDA;HAPAG LLOYD;MSC SABRINA;Cancelado;FECULARIA ELDORADO LTDA;ALIMENTOS EM GERAL;FCL;0;5;40 HIGH CUBE;10
EM0914-26;97573927;10/07/2026 09:29;06/08/2026;17/09/2026;ITAJAI;COLUMBUS, GA;MANOEL MARCHETTI;HAPAG LLOYD;WIDE HOTEL;Embarcado;MANOEL MARCHETTI;MADEIRA;FCL;0;2;40 HIGH CUBE;4
EM0915-26;274139541;10/07/2026 14:59;01/08/2026;26/08/2026;ITAPOA;ACTON, ONTARIO;Werco Servicos Logisticos Ltda;MAERSK LINE;MAERSK MONTE ALEGRE;Embarcado;ADAMI SA MADEIRAS;FURNITURE;FCL;0;1;40 HIGH CUBE;2
EM0916-26;EBKG17720279;10/07/2026 15:39;15/08/2026;25/09/2026;PARANAGUA;ENSENADA;PLYLOG;MSC MEDITERRANEO;MSC URSULA VI;Embarcado;INDUSTRIA DE COMPENSADOS GUARARAPES LTDA;MADEIRA;FCL;0;5;40 HIGH CUBE;10
EM0917-26;EBKG17720243;10/07/2026 15:54;27/08/2026;07/10/2026;PARANAGUA;ENSENADA;PLYLOG;MSC MEDITERRANEO;MSC SHANELLE V;Aguardando prontidão da mercadoria;INDUSTRIA DE COMPENSADOS GUARARAPES LTDA;MADEIRA;FCL;0;5;40 HIGH CUBE;10
EM0918-26;BKG17720261;10/07/2026 16:04;15/08/2026;25/09/2026;PARANAGUA;ENSENADA;PLYLOG;MSC MEDITERRANEO;MSC URSULA VI;Embarcado;INDUSTRIA DE COMPENSADOS GUARARAPES LTDA;MADEIRA;FCL;0;5;40 HIGH CUBE;10
EM0919-26;274270370;10/07/2026 16:19;03/08/2026;29/09/2026;RIO GRANDE;LAEM CHABANG;TKA GUINDASTES INDUSTRIA E COMERCIO LTDA;MAERSK LINE;MAERSK GANGES;Embarcado;TKA GUINDASTES INDUSTRIA E COMERCIO LTDA;CARGA GERAL NAO PERIGOSA;FCL;0;1;40 OPEN TOP;2
EM0922-26;2331599981;10/07/2026 16:50;22/07/2026;08/09/2026;SANTOS;ASHDOD;SEAWAY LOGISTICS LTDA;OOCL;NAVIOS DOMINO;Embarcado;JAPI S/A. INDUSTRIA E COMERCIO;POLYRESIN PLANTERS;FCL;0;1;40 HIGH CUBE;2
EM0923-26;SAOG39955500;10/07/2026 17:44;26/07/2026;16/08/2026;PARANAGUA;CAUCEDO;COMEX APOIO ADMINISTRATIVO LTDA;ONE - OCEAN NETWORK EXPRESS;MSC UNIFIC VI;Desembarcado;SM MADEIRAS LTDA (0001-63);MADEIRA;FCL;0;3;40 HIGH CUBE;6
EM0924-26;274197251;13/07/2026 09:28;31/07/2026;04/09/2026;PARANAGUA;LONDON GATEWAY PORT;MASTER COMERCIO EXTERIOR LTDA.;MAERSK LINE;SANTA INES;Embarcado;REPINHO REFLORESTADORA MADEIRAS E COMPENSADOS LTDA;MADEIRA;FCL;0;1;40 HIGH CUBE;2
EM0925-26;274197032;13/07/2026 09:33;31/07/2026;04/09/2026;PARANAGUA;LONDON GATEWAY PORT;MASTER COMERCIO EXTERIOR LTDA.;MAERSK LINE;SANTA INES;Embarcado;REPINHO REFLORESTADORA MADEIRAS E COMPENSADOS LTDA;MADEIRA;FCL;0;1;40 HIGH CUBE;2
EM0926-26;274199827;13/07/2026 09:39;31/07/2026;04/09/2026;PARANAGUA;LONDON GATEWAY PORT;MASTER COMERCIO EXTERIOR LTDA.;MAERSK LINE;SANTA INES;Embarcado;REPINHO REFLORESTADORA MADEIRAS E COMPENSADOS LTDA;MADEIRA;FCL;0;1;40 HIGH CUBE;2
EM0927-26;274200733;13/07/2026 09:41;21/08/2026;14/09/2026;PARANAGUA;LONDON GATEWAY PORT;MASTER COMERCIO EXTERIOR LTDA.;MAERSK LINE;SAN RAPHAEL MAERSK;Embarcado;REPINHO REFLORESTADORA MADEIRAS E COMPENSADOS LTDA;MADEIRA;FCL;0;1;40 HIGH CUBE;2
EM0928-26;274200858;13/07/2026 09:46;21/08/2026;14/09/2026;PARANAGUA;LONDON GATEWAY PORT;MASTER COMERCIO EXTERIOR LTDA.;MAERSK LINE;SAN RAPHAEL MAERSK;Embarcado;REPINHO REFLORESTADORA MADEIRAS E COMPENSADOS LTDA;MADEIRA;FCL;0;1;40 HIGH CUBE;2
EM0929-26;274200548;13/07/2026 09:48;21/08/2026;14/09/2026;PARANAGUA;LONDON GATEWAY PORT;MASTER COMERCIO EXTERIOR LTDA.;MAERSK LINE;SAN RAPHAEL MAERSK;Embarcado;REPINHO REFLORESTADORA MADEIRAS E COMPENSADOS LTDA;MADEIRA;FCL;0;1;40 HIGH CUBE;2
EM0930-26;274200639;13/07/2026 09:49;21/08/2026;25/09/2026;PARANAGUA;LONDON GATEWAY PORT;MASTER COMERCIO EXTERIOR LTDA.;MAERSK LINE;SAN RAPHAEL MAERSK;Embarcado;REPINHO REFLORESTADORA MADEIRAS E COMPENSADOS LTDA;MADEIRA;FCL;0;1;40 HIGH CUBE;2
EM0931-26;274197392;13/07/2026 09:52;31/07/2026;04/09/2026;PARANAGUA;LONDON GATEWAY PORT;MASTER COMERCIO EXTERIOR LTDA.;MAERSK LINE;SANTA INES;Embarcado;REPINHO REFLORESTADORA MADEIRAS E COMPENSADOS LTDA;MADEIRA;FCL;0;1;40 HIGH CUBE;2
EM0932-26;274203463;13/07/2026 09:57;08/08/2026;08/09/2026;PARANAGUA;LONDON GATEWAY PORT;MASTER COMERCIO EXTERIOR LTDA.;MAERSK LINE;MAERSK LA PAZ;Embarcado;REPINHO REFLORESTADORA MADEIRAS E COMPENSADOS LTDA;MADEIRA;FCL;0;1;40 HIGH CUBE;2
EM0933-26;274203587;13/07/2026 10:02;08/08/2026;08/09/2026;PARANAGUA;LONDON GATEWAY PORT;MASTER COMERCIO EXTERIOR LTDA.;MAERSK LINE;MAERSK LA PAZ;Embarcado;REPINHO REFLORESTADORA MADEIRAS E COMPENSADOS LTDA;MADEIRA;FCL;0;1;40 HIGH CUBE;2
EM0934-26;274203540;13/07/2026 10:05;08/08/2026;08/09/2026;PARANAGUA;LONDON GATEWAY PORT;MASTER COMERCIO EXTERIOR LTDA.;MAERSK LINE;MAERSK LA PAZ;Embarcado;REPINHO REFLORESTADORA MADEIRAS E COMPENSADOS LTDA;MADEIRA;FCL;0;1;40 HIGH CUBE;2
EM0935-26;SSZ1816508;13/07/2026 10:35;26/07/2026;06/09/2026;PARANAGUA;MONTREAL;FECULARIA ELDORADO LTDA;CMA CGM DO BRASIL;CMA CGM SAMBHAR;Embarcado;FECULARIA ELDORADO LTDA;ALIMENTOS EM GERAL;FCL;0;2;40 HIGH CUBE;4
EM0936-26;SSZ1816676;13/07/2026 11:48;26/07/2026;30/08/2026;PARANAGUA;PORT OF SPAIN;INTERNATIONAL FOREST PRODUCTS;CMA CGM DO BRASIL;CMA CGM SAMBHAR;Embarcado;FM DO BRASIL;MADEIRA;FCL;0;2;40 HIGH CUBE;4
EM0937-26;EBKG17756437;13/07/2026 14:42;07/08/2026;02/09/2026;ITAJAI;HOUSTON;PORTOTAL ASSESSORIA EM COMERCIO EXTERIOR LTDA;MSC MEDITERRANEO;MSC DAMLA;Embarcado;COPATTI AGROINDUSTRIAL LTDA;CARGA GERAL NAO PERIGOSA;FCL;0;1;40 HIGH CUBE;2
EM0938-26;EBKG17756207;13/07/2026 14:59;22/07/2026;16/08/2026;PARANAGUA;ALTAMIRA;GRUPO FORESTAL IND. MEXICANO CORPORATIVO;MSC MEDITERRANEO;MAERSK KARUN;Desembarcado;MADEIREIRA EK LTDA;MADEIRA;FCL;0;6;40 HIGH CUBE;12
EM0939-26;EBKG17756220;13/07/2026 15:19;06/08/2026;02/09/2026;PARANAGUA;ALTAMIRA;GRUPO FORESTAL IND. MEXICANO CORPORATIVO;MSC MEDITERRANEO;MSC DAMLA;Embarcado;MADEIREIRA EK LTDA;MADEIRA;FCL;0;1;40 HIGH CUBE;2
EM0940-26;EBKG17756206;13/07/2026 15:21;22/07/2026;16/08/2026;PARANAGUA;ALTAMIRA;GRUPO FORESTAL IND. MEXICANO CORPORATIVO;MSC MEDITERRANEO;MAERSK KARUN;Desembarcado;MADEIREIRA EK LTDA;MADEIRA;FCL;0;5;40 HIGH CUBE;10
EM0941-26;EBKG17756219;13/07/2026 15:27;13/08/2026;10/09/2026;PARANAGUA;ALTAMIRA;GRUPO FORESTAL IND. MEXICANO CORPORATIVO;MSC MEDITERRANEO;MAERSK CHACHAI;Embarcado;MADEIREIRA EK LTDA;MADEIRA;FCL;0;5;40 HIGH CUBE;10
EM0942-26;ZIMUPGU8027181;13/07/2026 17:54;03/08/2026;21/08/2026;PARANAGUA;KINGSTON;INTERNATIONAL FOREST PRODUCTS;ZIM;LONCOMILLA;Desembarcado;FM DO BRASIL;MADEIRA;FCL;0;4;40 HIGH CUBE;8
EM0943-26;2333142060;14/07/2026 10:31;12/08/2026;29/09/2026;ITAJAI;ASHDOD;M.A MANUFACTURING AND;OOCL;NYK DIANA;Embarcado;MADEIRAS NEDRI LTDA;MADEIRA;FCL;0;1;40 HIGH CUBE;2
EM0944-26;EBKG17778832;14/07/2026 10:42;15/08/2026;11/09/2026;PARANAGUA;PUERTO CABELLO;LAREDO TRADING, C.A;MSC MEDITERRANEO;MSC URSULA VI;Embarcado;INDUSTRIA DE COMPENSADOS SUDATI LTDA (0003-09 - SUV);MADEIRA;FCL;0;1;40 HIGH CUBE;2
EM0945-26;2333141900;14/07/2026 11:02;12/08/2026;29/09/2026;ITAJAI;ASHDOD;INTERNATIONAL FOREST PRODUCTS;OOCL;NYK DIANA;Embarcado;LEVEL IMPORTACAO, EXPORTACAO E COMERCIO S/A;MADEIRA;FCL;0;1;40 HIGH CUBE;2
EM0946-26;274278014;14/07/2026 11:13;17/08/2026;28/09/2026;ASUNCION;CHARLESTON;M. A. COMISSARIA;MAERSK LINE;BARGE;Embarcado;IRUNA S.A.I.C.;MADEIRA;FCL;0;1;40 HIGH CUBE;2
EM0947-26;274278070;14/07/2026 11:15;17/08/2026;28/09/2026;ASUNCION;CHARLESTON;M. A. COMISSARIA;MAERSK LINE;BARGE;Embarcado;IRUNA S.A.I.C.;MADEIRA;FCL;0;1;40 HIGH CUBE;2
EM0948-26;2333141980;14/07/2026 11:19;12/08/2026;29/09/2026;ITAJAI;ASHDOD;INTERNATIONAL FOREST PRODUCTS;OOCL;NYK DIANA;Embarcado;LEVEL IMPORTACAO, EXPORTACAO E COMERCIO S/A;MADEIRA;FCL;0;1;40 HIGH CUBE;2
EM0949-26;EBKG17956547;14/07/2026 11:25;14/08/2026;01/10/2026;ASUNCION;BALTIMORE;M. A. COMISSARIA;MSC MEDITERRANEO;BARGE;Embarcado;IRUNA S.A.I.C.;MADEIRA;FCL;0;1;40 HIGH CUBE;2
EM0950-26;ZIMUITJ8055610;14/07/2026 12:01;23/08/2026;10/09/2026;NAVEGANTES;KINGSTON;INTERNATIONAL FOREST PRODUCTS;ZIM;NAVIOS AMARILLO;Embarcado;BERNECK S.A. PAINEIS E SERRADOS;MADEIRA;FCL;0;1;40 HIGH CUBE;2
EM0951-26;14438683;14/07/2026 14:15;22/08/2026;18/09/2026;ITAPOA;COLUMBUS, GA;MANOEL MARCHETTI;HAPAG LLOYD;MAERSK FRANKFURT;Embarcado;MANOEL MARCHETTI;MADEIRA;FCL;0;1;40 HIGH CUBE;2
EM0952-26;ZIMUPGU8027320;14/07/2026 14:49;03/08/2026;21/08/2026;PARANAGUA;KINGSTON;INTERNATIONAL FOREST PRODUCTS;ZIM;LONCOMILLA;Desembarcado;FM DO BRASIL;MADEIRA;FCL;0;6;40 HIGH CUBE;12
EM0953-26;EBKG17778478;14/07/2026 17:02;02/08/2026;26/08/2026;RIO DE JANEIRO;LONDON GATEWAY PORT;LAMEX FOODS EUROPE LTD;MSC MEDITERRANEO;MSC MELINE;Embarcado;MELBRAS IMPORTADORA E EXPORTADORA AGROINDUSTRIA LTDA;MEL;FCL;1;0;20 DRY BOX;1
EM0954-26;ZIMUBUE9051749;15/07/2026 14:48;29/07/2026;27/08/2026;BUENOS AIRES;ALTAMIRA;GRUPO FORESTAL IND. MEXICANO CORPORATIVO;ZIM;LONCOMILLA;Embarcado;RAUL E. FERNANDEZ S.A;MADEIRA;FCL;0;2;40 HIGH CUBE;4
EM0955-26;ZIMUBUE9051748;15/07/2026 15:18;29/07/2026;27/08/2026;BUENOS AIRES;ALTAMIRA;GRUPO FORESTAL IND. MEXICANO CORPORATIVO;ZIM;LONCOMILLA;Embarcado;TAP MADERAS SRL;MADEIRA;FCL;0;1;40 HIGH CUBE;2
EM0956-26;EBKG17794487;16/07/2026 09:48;13/08/2026;10/10/2026;RIO GRANDE;VANCOUVER;MAPPER LOGISTICA DE COMERCIO EXTERIOR;MSC MEDITERRANEO;MSC URSULA VI;Embarcado;IMS BRAZIL LTDA;ALIMENTOS EM GERAL;FCL;0;1;40 HIGH CUBE;2
EM0958-26;ZIMUPGU8027177;16/07/2026 09:53;03/08/2026;19/08/2026;PARANAGUA;CARTAGENA, CO;FECULARIA ELDORADO LTDA;ZIM;LONCOMILLA;Desembarcado;FECULARIA ELDORADO LTDA;ALIMENTOS EM GERAL;FCL;0;1;40 HIGH CUBE;2
EM0959-26;2333142070;16/07/2026 11:14;01/09/2026;13/10/2026;ITAJAI;ASHDOD;URI GROSS LTD;OOCL;XIN CHONG QING;Aguardando prontidão da mercadoria;URI GROSS LTD;MADEIRA;FCL;0;1;40 HIGH CUBE;2
EM0960-26;274396523;16/07/2026 14:23;18/08/2026;15/09/2026;ITAPOA;LONDON GATEWAY PORT;MASTER COMERCIO EXTERIOR LTDA.;MAERSK LINE;MAERSK LAMANAI;Embarcado;SOUTH SERVICE TRADING SA;MADEIRA;FCL;0;1;40 HIGH CUBE;2
EM0962-26;SSZCLL6190822V;16/07/2026 14:56;12/08/2026;28/08/2026;SANTOS;CALLAO;COLOURTEX PRODUTOS E SERVICOS LTDA;VANGUARD LOGISTICS SERVICES DO BRASIL LTDA;MAERSK ACADIA;Embarcado;COLOURTEX PRODUTOS E SERVICOS LTDA;CORANTES;LCL;0;0;;0
EM0963-26;22927310;16/07/2026 15:00;07/08/2026;07/09/2026;PARANAGUA;CHARLESTON;E ENERGY INDUSTRIA DE PRODUTOS MAGNETICOS LTDA;HAPAG LLOYD;WIDE HOTEL;Embarcado;E ENERGY INDUSTRIA DE PRODUTOS MAGNETICOS LTDA;CARGA GERAL NAO PERIGOSA;FCL;0;1;40 HIGH CUBE;2
EM0964-26;SAOG39751600;16/07/2026 16:46;24/08/2026;12/09/2026;ITAJAI;CARTAGENA, CO;METALURGICA TRAPP LTDA;ONE - OCEAN NETWORK EXPRESS;SANTA VANESSA;Embarcado;METALURGICA TRAPP LTDA;MAQUINARIOS;FCL;0;2;40 HIGH CUBE;4
EM0965-26;SAOG41753800;17/07/2026 09:14;04/08/2026;25/09/2026;RIO GRANDE;BRISBANE;MAPPER LOGISTICA DE COMERCIO EXTERIOR;ONE - OCEAN NETWORK EXPRESS;ONE PARANA;Cancelado;IMS BRAZIL LTDA;ALIMENTOS EM GERAL;FCL;0;1;40 HIGH CUBE;2
EM0966-26;SAOG41105600;17/07/2026 09:20;31/07/2026;23/08/2026;PARANAGUA;CAUCEDO;COMEX APOIO ADMINISTRATIVO LTDA;ONE - OCEAN NETWORK EXPRESS;JAZAN;Desembarcado;SM MADEIRAS LTDA (0001-63);MADEIRA;FCL;0;2;40 HIGH CUBE;4
EM0967-26;SAOG41168800;17/07/2026 10:52;31/07/2026;23/08/2026;PARANAGUA;CAUCEDO;COMEX APOIO ADMINISTRATIVO LTDA;ONE - OCEAN NETWORK EXPRESS;JAZAN;Desembarcado;SM MADEIRAS LTDA (0001-63);MADEIRA;FCL;0;1;40 HIGH CUBE;2
EM0968-26;35908618;17/07/2026 14:43;15/08/2026;04/09/2026;PARANAGUA;PUERTO LIMON;GONCALVES & TORTOLA S/A MUNDO NOVO;HAPAG LLOYD;CAPE PIONEER;Cancelado;GONCALVES & TORTOLA S/A MUNDO NOVO;FECULA;FCL;0;1;40 HIGH CUBE;2
EM0969-26;EBKG17814968;17/07/2026 14:47;06/08/2026;15/09/2026;ITAJAI;COLUMBUS, GA;MANOEL MARCHETTI;MSC MEDITERRANEO;MSC CAROLINA;Embarcado;MANOEL MARCHETTI;MADEIRA;FCL;0;1;40 HIGH CUBE;2
EM0971-26;2334193320;17/07/2026 15:28;12/08/2026;20/09/2026;PARANAGUA;DAKAR;SPEED LOG;OOCL;NYK DIANA;Embarcado;ALLBRANDS INDUSTRIA DE ALIMENTOS S/A;ALIMENTOS EM GERAL;FCL;0;2;40 HIGH CUBE;4
EM0972-26;42037511;17/07/2026 15:36;31/07/2026;21/08/2026;PARANAGUA;PUERTO LIMON;GONCALVES & TORTOLA S/A MUNDO NOVO;HAPAG LLOYD;JAZAN;Desembarcado;GONCALVES & TORTOLA S/A MUNDO NOVO;FECULA;FCL;0;1;40 HIGH CUBE;2
EM0974-26;COCGA26094B;17/07/2026 16:02;25/08/2026;06/09/2026;SANTOS;CARTAGENA, CO;TKA GUINDASTES INDUSTRIA E COMERCIO LTDA;MSL DO BRASIL AGENCIAMENTOS E TRANSPORTES LTDA.;CAPE PIONEER;Aguardando prontidão da mercadoria;TKA GUINDASTES INDUSTRIA E COMERCIO LTDA;CARGA GERAL NAO PERIGOSA;LCL;0;0;;0
EM0975-26;6508865980;17/07/2026 16:04;18/08/2026;08/10/2026;IMBITUBA;GEORGETOWN, GY;MANOEL MARCHETTI;COSCO SHIPPING;APL NEW JERSEY;Embarcado;MANOEL MARCHETTI;MADEIRA;FCL;0;1;40 HIGH CUBE;2
EM0976-26;45454545;17/07/2026 16:21;20/09/2026;20/10/2026;PARANAGUA;CRISTOBAL;M. A. COMISSARIA;MSC MEDITERRANEO;MSC ALANYA;Aguardando prontidão da mercadoria;IRUNA S.A.I.C.;;FCL;0;1;40 HIGH CUBE;2
EM0977-26;275309565;17/07/2026 16:24;26/08/2026;26/09/2026;PARANAGUA;BALTIMORE;M. A. COMISSARIA;MAERSK LINE;CAPE SOREL;Aguardando prontidão da mercadoria;IRUNA S.A.I.C.;;FCL;0;1;40 HIGH CUBE;2
EM0978-26;;17/07/2026 16:26;;;PARANAGUA;SEATTLE;M. A. COMISSARIA;MSC MEDITERRANEO;EUROPE;Aguardando prontidão da mercadoria;IRUNA S.A.I.C.;;FCL;0;1;40 HIGH CUBE;2
EM0979-26;;17/07/2026 16:29;;;PARANAGUA;SEATTLE;M. A. COMISSARIA;MSC MEDITERRANEO;EUROPE;Aguardando prontidão da mercadoria;IRUNA S.A.I.C.;;FCL;0;1;40 HIGH CUBE;2
EM0980-26;;17/07/2026 16:31;;;PARANAGUA;SEATTLE;M. A. COMISSARIA;MSC MEDITERRANEO;EUROPE;Aguardando prontidão da mercadoria;IRUNA S.A.I.C.;;FCL;0;1;40 HIGH CUBE;2
EM0981-26;SSZ1819388;20/07/2026 11:37;23/08/2026;27/09/2026;PARANAGUA;PORT OF SPAIN;INTERNATIONAL FOREST PRODUCTS;CMA CGM DO BRASIL;CARDIFF;Embarcado;L.F.R.CARLI & CIA. LTDA.;MADEIRA;FCL;0;3;40 HIGH CUBE;6
EM0982-26;6508569090;20/07/2026 11:52;20/08/2026;10/10/2026;IMBITUBA;GEORGETOWN, GY;INTERNATIONAL FOREST PRODUCTS;COSCO SHIPPING;APL NEW JERSEY;Embarcado;BERNECK S.A. PAINEIS E SERRADOS;MADEIRA;FCL;0;2;40 HIGH CUBE;4
EM0983-26;ZIMUBUE9051930;20/07/2026 11:57;19/08/2026;17/09/2026;BUENOS AIRES;ALTAMIRA;GRUPO FORESTAL IND. MEXICANO CORPORATIVO;ZIM;SPYROS V;Embarcado;RAUL E. FERNANDEZ S.A;MADEIRA;FCL;0;3;40 HIGH CUBE;6
EM0984-26;2334200120;20/07/2026 14:33;12/08/2026;18/09/2026;PARANAGUA;RIGA;E. GOMES COMERCIO IMP. E EXP. LTDA;OOCL;NYK DIANA;Embarcado;COMPENSADOS LASELVA LTDA.;MADEIRA;FCL;0;2;40 HIGH CUBE;4
EM0985-26;ZIMUBUE9051891;20/07/2026 14:45;31/08/2026;01/10/2026;BUENOS AIRES;ALTAMIRA;GRUPO FORESTAL IND. MEXICANO CORPORATIVO;ZIM;MELINA;Aguardando prontidão da mercadoria;FORESTAL LA OTILIA SRL;MADEIRA;FCL;0;2;40 HIGH CUBE;4
EM0986-26;ZIMUBUE9051889;20/07/2026 14:50;02/09/2026;01/10/2026;BUENOS AIRES;ALTAMIRA;GRUPO FORESTAL IND. MEXICANO CORPORATIVO;ZIM;MELINA;Aguardando prontidão da mercadoria;FORESTAL LA OTILIA SRL;MADEIRA;FCL;0;2;40 HIGH CUBE;4
EM0987-26;2334093520;20/07/2026 16:19;20/08/2026;29/09/2026;ITAJAI;ASHDOD;M. A. COMISSARIA;OOCL;NAVIOS VERMILION;Embarcado;VALE NORTE INDUSTRIAL MERCANTIL LTDA;MADEIRA;FCL;0;5;40 HIGH CUBE;10
EM0988-26;274576563;21/07/2026 17:33;02/08/2026;24/08/2026;VILA DO CONDE;CHARLESTON;ORANGE LUMBER;MAERSK LINE;ALIANCA LEBLON;Desembarcado;Vimex Vitoria Exportacao De Madeiras Ltda;MADEIRA;FCL;0;1;40 HIGH CUBE;2
EM0989-26;6503152930;22/07/2026 15:49;23/08/2026;26/09/2026;PARANAGUA;BUENAVENTURA;ARAUCO INDUSTRIA DE PAINEIS S.A. - PIEN;COSCO SHIPPING;CARDIFF;Embarcado;ARAUCO INDUSTRIA DE PAINEIS S.A. - PIEN;MADEIRA;FCL;0;10;40 HIGH CUBE;20
EM0990-26;SAOG41968900;23/07/2026 09:32;25/08/2026;29/09/2026;SANTOS;MANZANILLO, PA;MAPPER LOGISTICA DE COMERCIO EXTERIOR;ONE - OCEAN NETWORK EXPRESS;NAVIOS AMARILLO;Aguardando prontidão da mercadoria;MAPPER LOGISTICA DE COMERCIO EXTERIOR;SAPATOS;FCL;1;0;20 DRY BOX;1
EM0991-26;274770138;23/07/2026 10:48;18/08/2026;07/09/2026;SANTOS;PIRAEUS;CUSTOMS SOLUTION EUROPEAN COMMUNITY SERVICES SINGLE MEMBER S.A.;MAERSK LINE;CMA CGM MISSISSIPPI;Embarcado;COOPERATIVA REGIONAL DOS CAFEICULTORES DO VALE DO RIO VERDE;COFFEE;FCL;0;2;40 DRY BOX;4
EM0992-26;SSZ1822249;23/07/2026 15:31;19/08/2026;20/09/2026;IMBITUBA;PORT OF SPAIN;INTERNATIONAL FOREST PRODUCTS;CMA CGM DO BRASIL;APL NEW JERSEY;Embarcado;VALE NORTE INDUSTRIAL MERCANTIL LTDA;MADEIRA;FCL;0;2;40 HIGH CUBE;4
EM0993-26;SSZ1821857;23/07/2026 15:39;19/08/2026;20/09/2026;IMBITUBA;PORT OF SPAIN;INTERNATIONAL FOREST PRODUCTS;CMA CGM DO BRASIL;APL NEW JERSEY;Embarcado;BERNECK S.A. PAINEIS E SERRADOS;MADEIRA;FCL;0;1;40 HIGH CUBE;2
EM0994-26;41756196;23/07/2026 15:45;17/08/2026;08/09/2026;ITAJAI;NEW YORK;ARTEFATOS DE MADEIRAS STOLF LTDA;HAPAG LLOYD;CAPE PIONEER;Embarcado;ARTEFATOS DE MADEIRAS STOLF LTDA;MADEIRA;FCL;0;1;40 HIGH CUBE;2
EM0995-26;274765528;23/07/2026 16:54;13/08/2026;12/09/2026;PARANAGUA;ST JOHNS;M. A. COMISSARIA;MAERSK LINE;MAERSK CHACHAI;Embarcado;FABRICIO ANTONIO MOREIRA NETO LTDA;;FCL;0;1;40 HIGH CUBE;2
EM0996-26;;24/07/2026 15:56;;;SANTOS;NEW YORK;LUME COMERCIO EXTERIOR LTDA;HAPAG LLOYD;;Aguardando prontidão da mercadoria;EQUILAM INDUSTRIA E COMERCIO LTDA;CARGA GERAL NAO PERIGOSA;FCL;0;1;40 HIGH CUBE;2
EM0997-26;ZIMUMVD8018327;24/07/2026 16:33;04/08/2026;03/09/2026;MONTEVIDEO;ALTAMIRA;GRUPO FORESTAL IND. MEXICANO CORPORATIVO;ZIM;SPYROS V;Embarcado;IMNSUR LTDA;MADEIRA;FCL;0;5;40 HIGH CUBE;10
EM0998-26;41051078;24/07/2026 16:33;31/08/2026;25/09/2026;NAVEGANTES;LONDON GATEWAY PORT;LAMEX FOODS EUROPE LTD;HAPAG LLOYD;MSC MARIA LAURA;Aguardando prontidão da mercadoria;MINAMEL AGROINDUSTRIA LTDA;MEL;FCL;2;0;20 DRY BOX;2
EM0999-26;ZIMUMVD8018326;24/07/2026 16:38;18/08/2026;17/09/2026;MONTEVIDEO;ALTAMIRA;GRUPO FORESTAL IND. MEXICANO CORPORATIVO;ZIM;NAVIOS AMARILLO;Embarcado;IMNSUR LTDA;MADEIRA;FCL;0;5;40 HIGH CUBE;10
EM1000-26;SSZ1821705;24/07/2026 16:45;23/08/2026;27/09/2026;PARANAGUA;PORT OF SPAIN;INTERNATIONAL FOREST PRODUCTS;CMA CGM DO BRASIL;CARDIFF;Embarcado;AGROSEPAC SERRADOS LTDA;MADEIRA;FCL;0;3;40 HIGH CUBE;6
EM1001-26;SAOG42920500;27/07/2026 10:05;09/08/2026;19/09/2026;ITAPOA;BUENAVENTURA;ARAUCO INDUSTRIA DE PAINEIS S.A. - PIEN;ONE - OCEAN NETWORK EXPRESS;SPYROS V;Embarcado;ARAUCO INDUSTRIA DE PAINEIS S.A. - PIEN;MADEIRA;FCL;0;6;40 HIGH CUBE;12
EM1002-26;275307933;27/07/2026 17:04;28/08/2026;25/09/2026;ITAJAI;LOS ANGELES;MORITZ INTERNACIONAL LTDA;MAERSK LINE;PALENA;Aguardando prontidão da mercadoria;MORITZ INTERNACIONAL LTDA;CARRO;FCL;0;1;40 HIGH CUBE;2
EM1003-26;6509424360;27/07/2026 17:16;09/08/2026;07/09/2026;SANTOS;LISBOA;LOGFRET LIMITADA;COSCO SHIPPING;XIN WEI HAI;Embarcado;CERÂMICA SANTA TEREZINHA S/A;CARGA GERAL NAO PERIGOSA;FCL;0;1;40 HIGH CUBE;2
EM1008-26;42043595;28/07/2026 10:07;12/08/2026;29/08/2026;SANTOS;ALTAMIRA;CORPORACION OTIF LOGISTICA INTEGRADA;HAPAG LLOYD;WIDE HOTEL;Embarcado;NISSHA METALLIZING SOLUTIONS PRODUTOS METALIZADOS LTDA;CARGA GERAL NAO PERIGOSA;FCL;0;1;40 HIGH CUBE;2
EM1009-26;SSZ1823454;28/07/2026 10:41;29/08/2026;11/10/2026;PARANAGUA;PORT OF SPAIN;INTERNATIONAL FOREST PRODUCTS;CMA CGM DO BRASIL;SWANSEA;Aguardando prontidão da mercadoria;AGROSEPAC SERRADOS LTDA;MADEIRA;FCL;0;4;40 HIGH CUBE;8
EM1010-26;SSZ1823457;28/07/2026 10:54;23/08/2026;27/09/2026;PARANAGUA;PORT OF SPAIN;INTERNATIONAL FOREST PRODUCTS;CMA CGM DO BRASIL;CARDIFF;Embarcado;FM DO BRASIL;MADEIRA;FCL;0;1;40 HIGH CUBE;2
EM1011-26;SAOG43192700;28/07/2026 11:15;14/08/2026;19/09/2026;PARANAGUA;BUENAVENTURA;FECULARIA ELDORADO LTDA;ONE - OCEAN NETWORK EXPRESS;CAPE PIONEER;Embarcado;FECULARIA ELDORADO LTDA;ALIMENTOS EM GERAL;FCL;0;1;40 HIGH CUBE;2
EM1012-26;SAOG43199700;28/07/2026 11:32;14/08/2026;19/09/2026;PARANAGUA;BUENAVENTURA;FECULARIA ELDORADO LTDA;ONE - OCEAN NETWORK EXPRESS;CAPE PIONEER;Embarcado;FECULARIA ELDORADO LTDA;ALIMENTOS EM GERAL;FCL;0;1;40 HIGH CUBE;2
EM1013-26;ZIMUBUE9052269;28/07/2026 14:58;01/09/2026;01/10/2026;BUENOS AIRES;ALTAMIRA;GRUPO FORESTAL IND. MEXICANO CORPORATIVO;ZIM;MELINA;Aguardando prontidão da mercadoria;RAUL E. FERNANDEZ S.A;MADEIRA;FCL;0;3;40 HIGH CUBE;6
EM1014-26;EBKG17621637;28/07/2026 15:23;23/07/2026;24/08/2026;VALPARAISO;OAKLAND;Werco Servicos Logisticos Ltda;MSC MEDITERRANEO;CATHERINE C;Desembarcado;PAPEL MISIONERO S.A.I.F.C;MADEIRA;FCL;0;1;40 HIGH CUBE;2
EM1015-26;EBKG18016258;28/07/2026 17:01;25/08/2026;;PARANAGUA;CHICAGO, IL - RAIL;GONCALVES & TORTOLA S/A MUNDO NOVO;MSC MEDITERRANEO;SANTA VANESSA;Aguardando prontidão da mercadoria;GONCALVES & TORTOLA S/A MUNDO NOVO;FECULA;FCL;0;5;40 HIGH CUBE;10
EM1016-26;EBKG17978061;29/07/2026 09:52;08/08/2026;02/09/2026;ITAJAI;ALTAMIRA;GRUPO FORESTAL IND. MEXICANO CORPORATIVO;MSC MEDITERRANEO;MSC DAMLA;Embarcado;SÃO CAETANO IND. DE LAM. E COMPENSADOS LTDA;MADEIRA;FCL;0;10;40 HIGH CUBE;20
EM1017-26;98680296;29/07/2026 09:56;13/08/2026;03/09/2026;RIO GRANDE;BLOOMFIELD, NJ, US;MAPPER LOGISTICA DE COMERCIO EXTERIOR;HAPAG LLOYD;MAERSK FORTALEZA;Embarcado;IMS BRAZIL LTDA;ALIMENTOS EM GERAL;FCL;0;1;40 HIGH CUBE;2
EM1018-26;EBKG17976221;29/07/2026 10:33;13/08/2026;10/09/2026;PARANAGUA;ALTAMIRA;GRUPO FORESTAL IND. MEXICANO CORPORATIVO;MSC MEDITERRANEO;MAERSK CHACHAI;Embarcado;MADEIREIRA EK LTDA;MADEIRA;FCL;0;5;40 HIGH CUBE;10
EM1019-26;EBKG17997295;29/07/2026 10:43;26/08/2026;21/09/2026;ITAPOA;ALTAMIRA;GRUPO FORESTAL IND. MEXICANO CORPORATIVO;MSC MEDITERRANEO;MAERSK PANGANI;Aguardando prontidão da mercadoria;GUARAETA COMPENSADOS LTDA;MADEIRA;FCL;0;3;40 HIGH CUBE;6
EM1020-26;EBKG17951515;29/07/2026 11:24;03/09/2026;05/10/2026;PARANAGUA;BALTIMORE;M. A. COMISSARIA;MSC MEDITERRANEO;MSC BARCELONA;Aguardando prontidão da mercadoria;IRUNA S.A.I.C.;;FCL;0;1;40 HIGH CUBE;2
EM1021-26;EBKG17951516;29/07/2026 11:29;03/09/2026;04/10/2026;PARANAGUA;BALTIMORE;M. A. COMISSARIA;MSC MEDITERRANEO;MSC BARCELONA;Aguardando prontidão da mercadoria;IRUNA S.A.I.C.;;FCL;0;1;40 HIGH CUBE;2
EM1022-26;EBKG18012711;29/07/2026 11:32;03/09/2026;04/10/2026;PARANAGUA;BALTIMORE;M. A. COMISSARIA;MSC MEDITERRANEO;MSC BARCELONA;Aguardando prontidão da mercadoria;IRUNA S.A.I.C.;;FCL;0;1;40 HIGH CUBE;2
EM1024-26;SAOG43669900;29/07/2026 15:05;22/08/2026;21/09/2026;PARANAGUA;LISBOA;FECULARIA ELDORADO LTDA;ONE - OCEAN NETWORK EXPRESS;NAVIOS VERMILION;Embarcado;FECULARIA ELDORADO LTDA;ALIMENTOS EM GERAL;FCL;1;0;20 DRY BOX;1
EM1025-26;;29/07/2026 15:11;;;PARANAGUA;CHICAGO, IL - RAIL;GONCALVES & TORTOLA S/A MUNDO NOVO;MSC MEDITERRANEO;;Aguardando prontidão da mercadoria;GONCALVES & TORTOLA S/A MUNDO NOVO;FECULA;FCL;0;5;40 HIGH CUBE;10
EM1026-26;;29/07/2026 15:18;;;PARANAGUA;CHICAGO, IL - RAIL;GONCALVES & TORTOLA S/A MUNDO NOVO;MSC MEDITERRANEO;;Aguardando prontidão da mercadoria;GONCALVES & TORTOLA S/A MUNDO NOVO;FECULA;FCL;0;5;40 HIGH CUBE;10
EM1027-26;;29/07/2026 15:21;;;PARANAGUA;CHICAGO, IL - RAIL;GONCALVES & TORTOLA S/A MUNDO NOVO;MSC MEDITERRANEO;;Aguardando prontidão da mercadoria;GONCALVES & TORTOLA S/A MUNDO NOVO;FECULA;FCL;0;6;40 HIGH CUBE;12
EM1028-26;;29/07/2026 15:21;;;PARANAGUA;CHICAGO, IL - RAIL;GONCALVES & TORTOLA S/A MUNDO NOVO;MSC MEDITERRANEO;;Aguardando prontidão da mercadoria;GONCALVES & TORTOLA S/A MUNDO NOVO;FECULA;FCL;0;6;40 HIGH CUBE;12
EM1029-26;2335014840;29/07/2026 15:51;12/08/2026;27/09/2026;ITAJAI;HAIFA;NESTOR SILVIO ZEILICOVICH;OOCL;NYK DIANA;Embarcado;BERNECK S.A. PAINEIS E SERRADOS;MADEIRA;FCL;0;5;40 HIGH CUBE;10
EM1031-26;S3-30072164;29/07/2026 16:50;11/08/2026;25/08/2026;PARANAGUA;CARTAGENA, CO;FECULARIA ELDORADO LTDA;GRIMALDI;GRANDE TEMA;Embarcado;FECULARIA ELDORADO LTDA;ALIMENTOS EM GERAL;FCL;0;5;40 HIGH CUBE;10
EM1032-26;EBKG17994848;29/07/2026 17:14;16/08/2026;10/09/2026;ITAJAI;ALTAMIRA;GRUPO FORESTAL IND. MEXICANO CORPORATIVO;MSC MEDITERRANEO;CAPE PIONEER;Embarcado;SÃO CAETANO IND. DE LAM. E COMPENSADOS LTDA;MADEIRA;FCL;0;8;40 HIGH CUBE;16
EM1033-26;;30/07/2026 11:27;;;PARANAGUA;LUANDA;GONCALVES & TORTOLA S/A MUNDO NOVO;HAPAG LLOYD;;Aguardando prontidão da mercadoria;GONCALVES & TORTOLA S/A MUNDO NOVO;FECULA;FCL;0;10;40 HIGH CUBE;20
EM1034-26;SAOG43924300;30/07/2026 16:19;14/08/2026;06/09/2026;PARANAGUA;CAUCEDO;COMEX APOIO ADMINISTRATIVO LTDA;ONE - OCEAN NETWORK EXPRESS;CAPE PIONEER;Embarcado;SM MADEIRAS LTDA (0001-63);MADEIRA;FCL;0;2;40 HIGH CUBE;4
EM1035-26;10589437;30/07/2026 17:00;18/08/2026;29/09/2026;RIO GRANDE;VIGO;INTERNATIONAL FOREST PRODUCTS;HAPAG LLOYD;CZECH;Embarcado;TODESMADE INDUSTRIA DE MADEIRAS E ARTEFATOS LTDA;MADEIRA;FCL;0;2;40 HIGH CUBE;4
EM1037-26;2335126720;31/07/2026 10:42;16/08/2026;23/09/2026;SANTOS;PIRAEUS;CUSTOMS SOLUTION EUROPEAN COMMUNITY SERVICES SINGLE MEMBER S.A.;OOCL;NYK DIANA;Embarcado;ACAI VERAO COMERCIO E INDUSTRIA LTDA;FOODSTUFF;FCL;0;1;40 REEFER;2
EM1039-26;275233219;31/07/2026 11:14;08/08/2026;18/09/2026;VILA DO CONDE;LE HAVRE;BALGUERIE SAS;MAERSK LINE;ALIANCA LEBLON;Embarcado;FORTIMBER INDUSTRIA FLORESTAL LTDA;MADEIRA;FCL;0;1;40 HIGH CUBE;2
EM1040-26;96585316;31/07/2026 13:48;30/08/2026;03/10/2026;SANTOS;DOBRODZIEN;CRUZEIRO PAPEIS INDUSTRIAIS LTDA;HAPAG LLOYD;CZECH;Aguardando prontidão da mercadoria;CRUZEIRO PAPEIS INDUSTRIAIS LTDA;PAPEL;FCL;0;1;40 HIGH CUBE;2
EM1041-26;EBKG18033697;31/07/2026 14:02;28/08/2026;20/09/2026;ITAJAI;ALTAMIRA;GRUPO FORESTAL IND. MEXICANO CORPORATIVO;MSC MEDITERRANEO;PALENA;Aguardando prontidão da mercadoria;MADEIREIRA FABRICIO;MADEIRA;FCL;0;4;40 HIGH CUBE;8
EM1042-26;EBKG18011730;31/07/2026 14:11;27/08/2026;21/09/2026;PARANAGUA;ALTAMIRA;GRUPO FORESTAL IND. MEXICANO CORPORATIVO;MSC MEDITERRANEO;MAERSK PANGANI;Aguardando prontidão da mercadoria;MIRALUZ IND E COM DE MADEIRAS LTDA;MADEIRA;FCL;0;2;40 HIGH CUBE;4
EM1043-26;EBKG18015842;31/07/2026 14:22;25/08/2026;18/09/2026;PARANAGUA;ALTAMIRA;GRUPO FORESTAL IND. MEXICANO CORPORATIVO;MSC MEDITERRANEO;SANTA VANESSA;Aguardando prontidão da mercadoria;PINUSBRAS EXPORTACAO DE MADEIRA LTDA;MADEIRA;FCL;0;6;40 HIGH CUBE;12
EM1044-26;EBKG18011754;31/07/2026 14:36;20/08/2026;15/09/2026;PARANAGUA;ALTAMIRA;GRUPO FORESTAL IND. MEXICANO CORPORATIVO;MSC MEDITERRANEO;MSC MAGNUM VII;Embarcado;MADEIREIRA EK LTDA;MADEIRA;FCL;0;7;40 HIGH CUBE;14
EM1045-26;EBKG18011773;31/07/2026 14:39;20/08/2026;15/09/2026;PARANAGUA;ALTAMIRA;GRUPO FORESTAL IND. MEXICANO CORPORATIVO;MSC MEDITERRANEO;MSC MAGNUM VII;Embarcado;MADEIREIRA EK LTDA;MADEIRA;FCL;0;1;40 HIGH CUBE;2
EM1046-26;275114240;31/07/2026 15:23;16/08/2026;04/09/2026;ITAPOA;CALLAO;MAPPER LOGISTICA DE COMERCIO EXTERIOR;MAERSK LINE;MALIAKOS;Embarcado;CALCADOS MARTE LTDA;SAPATOS;FCL;0;1;40 HIGH CUBE;2
EM1047-26;2335012760;31/07/2026 15:43;31/08/2026;13/10/2026;ITAJAI;ASHDOD;M.A MANUFACTURING AND;OOCL;XIN CHONG QING;Aguardando prontidão da mercadoria;MADESTIK MADEIRAS;MADEIRA;FCL;0;1;40 HIGH CUBE;2
EM1048-26;32280097;31/07/2026 16:00;31/08/2026;07/10/2026;NAVEGANTES;LE HAVRE;MAPPER LOGISTICA DE COMERCIO EXTERIOR;HAPAG LLOYD;MSC MARIA LAURA;Aguardando prontidão da mercadoria;MAPPER LOGISTICA DE COMERCIO EXTERIOR;SAPATOS;FCL;1;0;20 DRY BOX;1
EM1049-26;32280097;31/07/2026 16:11;31/08/2026;07/10/2026;NAVEGANTES;LE HAVRE;MAPPER LOGISTICA DE COMERCIO EXTERIOR;HAPAG LLOYD;MSC MARIA LAURA;Aguardando prontidão da mercadoria;MAPPER LOGISTICA DE COMERCIO EXTERIOR;SAPATOS;FCL;0;1;40 HIGH CUBE;2
EM1050-26;32280097;31/07/2026 16:13;31/08/2026;07/10/2026;NAVEGANTES;LE HAVRE;MAPPER LOGISTICA DE COMERCIO EXTERIOR;HAPAG LLOYD;MSC MARIA LAURA;Aguardando prontidão da mercadoria;MAPPER LOGISTICA DE COMERCIO EXTERIOR;SAPATOS;FCL;0;1;40 HIGH CUBE;2
EM1051-26;32280097;31/07/2026 16:15;31/08/2026;07/10/2026;NAVEGANTES;LE HAVRE;MAPPER LOGISTICA DE COMERCIO EXTERIOR;HAPAG LLOYD;MSC MARIA LAURA;Aguardando prontidão da mercadoria;MAPPER LOGISTICA DE COMERCIO EXTERIOR;SAPATOS;FCL;0;1;40 HIGH CUBE;2
EM1052-26;;31/07/2026 16:20;31/08/2026;07/10/2026;NAVEGANTES;LE HAVRE;MAPPER LOGISTICA DE COMERCIO EXTERIOR;HAPAG LLOYD;MSC MARIA LAURA;Cancelado;MAPPER LOGISTICA DE COMERCIO EXTERIOR;SAPATOS;FCL;0;1;40 HIGH CUBE;2
EM1053-26;32280097;31/07/2026 16:21;31/08/2026;07/10/2026;NAVEGANTES;LE HAVRE;MAPPER LOGISTICA DE COMERCIO EXTERIOR;HAPAG LLOYD;MSC MARIA LAURA;Aguardando prontidão da mercadoria;MAPPER LOGISTICA DE COMERCIO EXTERIOR;SAPATOS;FCL;0;1;40 HIGH CUBE;2
EM1054-26;32280097;31/07/2026 16:23;31/08/2026;07/10/2026;NAVEGANTES;LE HAVRE;MAPPER LOGISTICA DE COMERCIO EXTERIOR;HAPAG LLOYD;MSC MARIA LAURA;Aguardando prontidão da mercadoria;MAPPER LOGISTICA DE COMERCIO EXTERIOR;SAPATOS;FCL;0;1;40 HIGH CUBE;2
EM1055-26;275048476;31/07/2026 16:41;19/08/2026;15/09/2026;RIO GRANDE;MILVILLE, NEW JERSEY;MAPPER LOGISTICA DE COMERCIO EXTERIOR;MAERSK LINE;MAERSK FRANKFURT;Embarcado;IMS BRAZIL LTDA;ALIMENTOS EM GERAL;FCL;0;1;40 HIGH CUBE;2
EM1056-26;EBKG18051194;31/07/2026 17:12;28/08/2026;19/09/2026;ITAJAI;ALTAMIRA;GRUPO FORESTAL IND. MEXICANO CORPORATIVO;MSC MEDITERRANEO;PALENA;Aguardando prontidão da mercadoria;SÃO CAETANO IND. DE LAM. E COMPENSADOS LTDA;MADEIRA;FCL;0;6;40 HIGH CUBE;12
EM1057-26;40394805;31/07/2026 19:16;03/09/2026;06/10/2026;RIO GRANDE;VIGO;INTERNATIONAL FOREST PRODUCTS;HAPAG LLOYD;MSC ADELE;Aguardando prontidão da mercadoria;TODESMADE INDUSTRIA DE MADEIRAS E ARTEFATOS LTDA;MADEIRA;FCL;0;2;40 HIGH CUBE;4
EM1058-26;2335333880;31/07/2026 19:56;12/08/2026;18/09/2026;PARANAGUA;RAUMA;INDUSTRIA DE COMPENSADOS SUDATI LTDA (0003-09 - SUV);OOCL;NYK DIANA;Embarcado;INDUSTRIA DE COMPENSADOS SUDATI LTDA (0003-09 - SUV);MADEIRA;FCL;0;4;40 HIGH CUBE;8
EM1059-26;ZIMUITJ8055861;31/07/2026 20:23;06/09/2026;25/09/2026;ITAPOA;KINGSTON;INTERNATIONAL FOREST PRODUCTS;ZIM;MELINA;Aguardando prontidão da mercadoria;BERNECK S.A. PAINEIS E SERRADOS;MADEIRA;FCL;0;1;40 HIGH CUBE;2
EM1060-26;EBKG18051736;31/07/2026 20:26;20/08/2026;15/09/2026;PARANAGUA;ALTAMIRA;GRUPO FORESTAL IND. MEXICANO CORPORATIVO;MSC MEDITERRANEO;MSC MAGNUM VII;Embarcado;MADEIREIRA EK LTDA;MADEIRA;FCL;0;6;40 HIGH CUBE;12
EM1061-26;38745265;04/08/2026 08:55;16/08/2026;05/09/2026;SANTOS;CHICAGO, IL - RAIL;REAL SHIPPING & TRADE;HAPAG LLOYD;MAERSK FORTALEZA;Cancelado;KROMIA LABELL PRESS INDÚSTRIA COMÉRCIO E MANUT. DE MÁQUINAS GRÁFICAS LTDA;MAQUINARIOS;FCL;0;1;40 HIGH CUBE;2
EM1062-26;275294408;04/08/2026 11:41;26/08/2026;20/09/2026;PARANAGUA;PUERTO CABELLO;FECULARIA ELDORADO LTDA;MAERSK LINE;CAPE SOREL;Aguardando prontidão da mercadoria;FECULARIA ELDORADO LTDA;ALIMENTOS EM GERAL;FCL;0;2;40 HIGH CUBE;4
EM1063-26;275306743;04/08/2026 14:25;12/08/2026;22/09/2026;ITAPOA;PARAMARIBO;PATMO LUMBER TRADE;MAERSK LINE;MAERSK CHACHAI;Embarcado;MANOEL MARCHETTI;LUMBER;FCL;0;1;40 HIGH CUBE;2
EM1064-26;EBKG17879490;04/08/2026 14:52;06/08/2026;08/10/2026;ASUNCION;SEATTLE;M. A. COMISSARIA;MSC MEDITERRANEO;BARGE;Embarcado;IRUNA S.A.I.C.;MADEIRA;FCL;0;1;40 HIGH CUBE;2
EM1065-26;274924611;04/08/2026 16:31;29/08/2026;21/09/2026;ITAJAI;PORT EVERGLADES;MORITZ INTERNACIONAL LTDA;MAERSK LINE;MAERSK PANGANI;Aguardando prontidão da mercadoria;MORITZ INTERNACIONAL LTDA;CARRO;FCL;0;1;40 HIGH CUBE;2
EM1066-26;274924611;04/08/2026 16:47;29/08/2026;21/09/2026;ITAJAI;PORT EVERGLADES;MORITZ INTERNACIONAL LTDA;MAERSK LINE;MAERSK PANGANI;Aguardando prontidão da mercadoria;MORITZ INTERNACIONAL LTDA;CARRO;FCL;0;1;40 HIGH CUBE;2
EM1067-26;275350337;05/08/2026 11:06;12/08/2026;08/09/2026;PARANAGUA;PORT EVERGLADES;FECULARIA ELDORADO LTDA;MAERSK LINE;MAERSK JAIPUR;Embarcado;FECULARIA ELDORADO LTDA;ALIMENTOS EM GERAL;FCL;0;1;40 HIGH CUBE;2
EM1068-26;SAOG44867300;05/08/2026 11:27;07/09/2026;23/09/2026;RIO GRANDE;SAN JUAN;INTERNATIONAL FOREST PRODUCTS;ONE - OCEAN NETWORK EXPRESS;DALIAN EXPRESS;Aguardando prontidão da mercadoria;TODESMADE INDUSTRIA DE MADEIRAS E ARTEFATOS LTDA;MADEIRA;FCL;0;1;40 HIGH CUBE;2
EM1069-26;BUA0376312;05/08/2026 14:29;29/08/2026;08/10/2026;BUENOS AIRES;ALTAMIRA;GRUPO FORESTAL IND. MEXICANO CORPORATIVO;CMA CGM DO BRASIL;MERCOSUL ITAJAI;Aguardando prontidão da mercadoria;TONY MADERAS SA;MADEIRA;FCL;0;6;40 HIGH CUBE;12
EM1070-26;BUA0376149;05/08/2026 14:33;29/08/2026;08/10/2026;BUENOS AIRES;ALTAMIRA;GRUPO FORESTAL IND. MEXICANO CORPORATIVO;CMA CGM DO BRASIL;MERCOSUL ITAJAI;Aguardando prontidão da mercadoria;VIRASORO MADERAS;MADEIRA;FCL;0;2;40 HIGH CUBE;4
EM1071-26;6505882240;06/08/2026 09:01;23/08/2026;26/09/2026;PARANAGUA;BUENAVENTURA;ARAUCO INDUSTRIA DE PAINEIS S.A. - PIEN;COSCO SHIPPING;CARDIFF;Embarcado;ARAUCO INDUSTRIA DE PAINEIS S.A. - PIEN;MADEIRA;FCL;0;2;40 HIGH CUBE;4
EM1072-26;SAOG45188700;06/08/2026 09:16;28/08/2026;10/10/2026;ITAJAI;BUENAVENTURA;ARAUCO INDUSTRIA DE PAINEIS S.A. - PIEN;ONE - OCEAN NETWORK EXPRESS;PALENA;Aguardando prontidão da mercadoria;ARAUCO INDUSTRIA DE PAINEIS S.A. - PIEN;MADEIRA;FCL;0;6;40 HIGH CUBE;12
EM1073-26;SAOA38428800;06/08/2026 11:03;26/08/2026;24/09/2026;NAVEGANTES;LIANYUNGANG;TRADE DIRECT REPRESENTACAO COMERCIAL LTDA;HYUNDAI;HYUNDAI DYNASTY;Aguardando prontidão da mercadoria;LINHA ATUAL INDUSTRIA E COMERCIO DE MADEIRAS LTDA;MADEIRA;FCL;0;15;40 HIGH CUBE;30
EM1075-26;2335808210;07/08/2026 09:53;22/08/2026;25/09/2026;PARANAGUA;RAUMA;INDUSTRIA DE COMPENSADOS SUDATI LTDA (0003-09 - SUV);OOCL;NAVIOS VERMILION;Embarcado;INDUSTRIA DE COMPENSADOS SUDATI LTDA (0003-09 - SUV);MADEIRA;FCL;0;3;40 HIGH CUBE;6
EM1076-26;2335704780;07/08/2026 10:18;22/08/2026;25/09/2026;PARANAGUA;RAUMA;INDUSTRIA DE COMPENSADOS SUDATI LTDA (0003-09 - SUV);OOCL;NAVIOS VERMILION;Embarcado;INDUSTRIA DE COMPENSADOS SUDATI LTDA (0002-10 SUI);MADEIRA;FCL;0;3;40 HIGH CUBE;6
EM1077-26;275348492;07/08/2026 10:34;30/08/2026;09/11/2026;SANTOS;PORT LOUIS;MAPPER LOGISTICA DE COMERCIO EXTERIOR;MAERSK LINE;MAERSK LEON;Aguardando prontidão da mercadoria;JORGE BISCHOFF;SAPATOS;FCL;0;1;40 HIGH CUBE;2
EM1078-26;275348492;07/08/2026 10:37;30/08/2026;09/11/2026;SANTOS;PORT LOUIS;MAPPER LOGISTICA DE COMERCIO EXTERIOR;MAERSK LINE;MAERSK LEON;Aguardando prontidão da mercadoria;INDUSTRIA E COMERCIO DE CALCADOS ALA LTDA;SAPATOS;FCL;0;1;40 HIGH CUBE;2
EM1079-26;275348492;07/08/2026 10:50;30/08/2026;09/11/2026;SANTOS;PORT LOUIS;MAPPER LOGISTICA DE COMERCIO EXTERIOR;MAERSK LINE;MAERSK LEON;Aguardando prontidão da mercadoria;CALCADOS SANDRA LTDA;SAPATOS;FCL;0;1;40 HIGH CUBE;2
EM1080-26;275348492;07/08/2026 10:51;30/08/2026;09/11/2026;SANTOS;PORT LOUIS;MAPPER LOGISTICA DE COMERCIO EXTERIOR;MAERSK LINE;MAERSK LEON;Aguardando prontidão da mercadoria;H. KUNTZLER INDÚSTRIA DE CALÇADOS LTDA;SAPATOS;FCL;0;1;40 HIGH CUBE;2
EM1081-26;SSZ1827843;07/08/2026 11:02;03/09/2026;23/10/2026;ITAPOA;POINTE DE GALETS;MAPPER LOGISTICA DE COMERCIO EXTERIOR;CMA CGM DO BRASIL; CMA CGM SILVER;Aguardando prontidão da mercadoria;MAPPER LOGISTICA DE COMERCIO EXTERIOR;SAPATOS;FCL;0;1;40 HIGH CUBE;2
EM1082-26;EBKG18125031;07/08/2026 11:23;20/08/2026;15/09/2026;PARANAGUA;ALTAMIRA;GRUPO FORESTAL IND. MEXICANO CORPORATIVO;MSC MEDITERRANEO;MSC MAGNUM VII;Embarcado;SINCOL SA INDUSTRIA E COMERCIO;MADEIRA;FCL;0;1;40 HIGH CUBE;2
EM1083-26;EBKG18125032;07/08/2026 11:35;20/08/2026;15/09/2026;PARANAGUA;ALTAMIRA;GRUPO FORESTAL IND. MEXICANO CORPORATIVO;MSC MEDITERRANEO;MSC MAGNUM VII;Embarcado;SINCOL SA INDUSTRIA E COMERCIO;MADEIRA;FCL;0;1;40 HIGH CUBE;2
EM1084-26;275416696;07/08/2026 11:53;28/08/2026;28/09/2026;PARANAGUA;KOPER;INDUSTRIA DE COMPENSADOS SUDATI LTDA (0003-09 - SUV);MAERSK LINE;MAERSK LEON;Aguardando prontidão da mercadoria;INDUSTRIA DE COMPENSADOS SUDATI LTDA (0003-09 - SUV);MADEIRA;FCL;0;2;40 HIGH CUBE;4
EM1085-26;13260409;07/08/2026 11:55;07/09/2026;19/10/2026;RIO GRANDE;DENVER, CO - RAIL/TRUCK;MAPPER LOGISTICA DE COMERCIO EXTERIOR;HAPAG LLOYD;DALIAN EXPRESS;Aguardando prontidão da mercadoria;MAPPER LOGISTICA DE COMERCIO EXTERIOR;ALIMENTOS EM GERAL;FCL;0;1;40 HIGH CUBE;2
EM1086-26;275402860;07/08/2026 13:57;25/08/2026;11/09/2026;RIO DE JANEIRO;ALTAMIRA;BGS - BESTWAY GLOBAL SERVICES S.A. DE C.V.;MAERSK LINE;MSC MAGNUM VII;Aguardando prontidão da mercadoria;GRANITOS COLODETTI LTDA - CACHOEIRO;MARMORE, GRANITO, PEDRAS;FCL;1;0;20 DRY BOX;1
EM1087-26;2335809230;07/08/2026 18:04;01/09/2026;09/10/2026;PARANAGUA;RAUMA;INDUSTRIA DE COMPENSADOS SUDATI LTDA (0003-09 - SUV);OOCL;XIN CHONG QING;Aguardando prontidão da mercadoria;INDUSTRIA DE COMPENSADOS SUDATI LTDA (0003-09 - SUV);MADEIRA;FCL;0;1;40 HIGH CUBE;2
EM1088-26;SAOG45150300;10/08/2026 10:05;28/08/2026;10/10/2026;ITAJAI;BUENAVENTURA;ARAUCO INDUSTRIA DE PAINEIS S.A. - PIEN;ONE - OCEAN NETWORK EXPRESS;PALENA;Aguardando prontidão da mercadoria;ARAUCO INDUSTRIA DE PAINEIS S.A. - PIEN;MADEIRA;FCL;0;6;40 HIGH CUBE;12
EM1089-26;SAOG45185400;10/08/2026 10:19;28/08/2026;10/10/2026;ITAJAI;BUENAVENTURA;ARAUCO INDUSTRIA DE PAINEIS S.A. - PIEN;ONE - OCEAN NETWORK EXPRESS;PALENA;Aguardando prontidão da mercadoria;ARAUCO INDUSTRIA DE PAINEIS S.A. - PIEN;MADEIRA;FCL;0;4;40 HIGH CUBE;8
EM1090-26;275534844;10/08/2026 10:20;09/09/2026;04/10/2026;PARANAGUA;BUENAVENTURA;E ENERGY INDUSTRIA DE PRODUTOS MAGNETICOS LTDA;MAERSK LINE;MAERSK JAIPUR;Aguardando prontidão da mercadoria;E ENERGY INDUSTRIA DE PRODUTOS MAGNETICOS LTDA;CARGA GERAL NAO PERIGOSA;FCL;0;1;40 HIGH CUBE;2
EM1091-26;SAOG45186500;10/08/2026 10:27;28/08/2026;10/10/2026;ITAJAI;BUENAVENTURA;ARAUCO INDUSTRIA DE PAINEIS S.A. - PIEN;ONE - OCEAN NETWORK EXPRESS;PALENA;Aguardando prontidão da mercadoria;ARAUCO INDUSTRIA DE PAINEIS S.A. - PIEN;MADEIRA;FCL;0;4;40 HIGH CUBE;8
EM1092-26;SAOG45187600;10/08/2026 10:44;28/08/2026;10/10/2026;ITAJAI;BUENAVENTURA;ARAUCO INDUSTRIA DE PAINEIS S.A. - PIEN;ONE - OCEAN NETWORK EXPRESS;PALENA;Aguardando prontidão da mercadoria;ARAUCO INDUSTRIA DE PAINEIS S.A. - PIEN;MADEIRA;FCL;0;6;40 HIGH CUBE;12
EM1093-26;25731810;10/08/2026 10:57;02/09/2026;02/10/2026;SALVADOR;AQABA;MAPPER LOGISTICA DE COMERCIO EXTERIOR;HAPAG LLOYD;CZECH;Aguardando prontidão da mercadoria;CALCADOS PEGADA NORDESTE LTDA;SAPATOS;FCL;1;0;20 DRY BOX;1
EM1094-26;274443869;10/08/2026 16:35;19/08/2026;15/09/2026;ITAPOA;LONDON GATEWAY PORT;MASTER COMERCIO EXTERIOR LTDA.;MAERSK LINE;MAERSK LAMANAI;Embarcado;REPINHO REFLORESTADORA MADEIRAS E COMPENSADOS LTDA;MADEIRA;FCL;0;1;40 HIGH CUBE;2
EM1095-26;SSZ1827843;10/08/2026 16:50;03/09/2026;23/10/2026;ITAPOA;POINTE DE GALETS;MAPPER LOGISTICA DE COMERCIO EXTERIOR;CMA CGM DO BRASIL; CMA CGM SILVER;Aguardando prontidão da mercadoria;A. GRINGS S.A.;SAPATOS;FCL;0;1;40 HIGH CUBE;2
EM1096-26;SSZ1827843;10/08/2026 16:51;03/09/2026;23/10/2026;ITAPOA;POINTE DE GALETS;MAPPER LOGISTICA DE COMERCIO EXTERIOR;CMA CGM DO BRASIL; CMA CGM SILVER;Aguardando prontidão da mercadoria;A. GRINGS S.A.;SAPATOS;FCL;0;1;40 HIGH CUBE;2
EM1097-26;SAOA65250700;11/08/2026 09:32;31/08/2026;30/09/2026;RIO GRANDE;HAIPHONG;SANCOEX COMERCIO DE SUBPRODUTOS DE ORIGEM ANIMAL LTDA;HYUNDAI;HYUNDAI DYNASTY;Aguardando prontidão da mercadoria;;CARNE CONGELADA;FCL;0;1;40 REEFER;2
EM1098-26;2335809290;11/08/2026 09:49;03/09/2026;09/10/2026;PARANAGUA;RAUMA;INDUSTRIA DE COMPENSADOS SUDATI LTDA (0003-09 - SUV);OOCL;XIN CHONG QING;Aguardando prontidão da mercadoria;INDUSTRIA DE COMPENSADOS SUDATI LTDA (0003-09 - SUV);MADEIRA;FCL;0;3;40 HIGH CUBE;6
EM1099-26;11046599;11/08/2026 10:18;02/09/2026;04/10/2026;SALVADOR;JEDDAH;MAPPER LOGISTICA DE COMERCIO EXTERIOR;HAPAG LLOYD;CZECH;Aguardando prontidão da mercadoria;CALCADOS PEGADA NORDESTE LTDA;SAPATOS;FCL;1;0;20 DRY BOX;1
EM1100-26;275596861;11/08/2026 11:23;30/08/2026;28/09/2026;SANTOS;PIRAEUS;CUSTOMS SOLUTION EUROPEAN COMMUNITY SERVICES SINGLE MEMBER S.A.;MAERSK LINE;MAERSK LEON;Aguardando prontidão da mercadoria;COOPERATIVA REGIONAL DE CAFEICULTORES EM GUAXUPE LTDA;COFFEE;FCL;0;1;40 DRY BOX;2
EM1105-26;SSZ1833422;11/08/2026 11:50;30/08/2026;01/10/2026;PARANAGUA;GUAYAQUIL;E ENERGY INDUSTRIA DE PRODUTOS MAGNETICOS LTDA;CMA CGM DO BRASIL;SWANSEA;Aguardando prontidão da mercadoria;E ENERGY INDUSTRIA DE PRODUTOS MAGNETICOS LTDA;CARGA GERAL NAO PERIGOSA;FCL;1;0;20 DRY BOX;1
EM1106-26;6461859060;11/08/2026 14:53;03/09/2026;24/09/2026;SANTOS;KINGSTON;INTERNATIONAL FOREST PRODUCTS;COSCO SHIPPING;SWANSEA;Aguardando prontidão da mercadoria;ECTX S/A - EUCATEX;MADEIRA;FCL;0;5;40 HIGH CUBE;10
EM1107-26;2335809240;11/08/2026 15:13;03/09/2026;09/10/2026;PARANAGUA;RAUMA;INDUSTRIA DE COMPENSADOS SUDATI LTDA (0003-09 - SUV);OOCL;XIN CHONG QING;Aguardando prontidão da mercadoria;INDUSTRIA DE COMPENSADOS SUDATI LTDA (0003-09 - SUV);MADEIRA;FCL;0;4;40 HIGH CUBE;8
EM1108-26;EBKG18147303;12/08/2026 11:16;09/09/2026;03/10/2026;PARANAGUA;ALTAMIRA;GRUPO FORESTAL IND. MEXICANO CORPORATIVO;MSC MEDITERRANEO;MSC YAMUNA VI;Aguardando prontidão da mercadoria;MADEIREIRA EK LTDA;MADEIRA;FCL;0;4;40 HIGH CUBE;8
EM1109-26;EBKG18147286;12/08/2026 11:22;03/09/2026;27/09/2026;PARANAGUA;ALTAMIRA;GRUPO FORESTAL IND. MEXICANO CORPORATIVO;MSC MEDITERRANEO;MAERSK RUBICON;Aguardando prontidão da mercadoria;MADEIREIRA EK LTDA;MADEIRA;FCL;0;5;40 HIGH CUBE;10
EM1110-26;275307933;12/08/2026 14:44;28/08/2026;25/09/2026;ITAJAI;LOS ANGELES;MORITZ INTERNACIONAL LTDA;MAERSK LINE;PALENA;Aguardando prontidão da mercadoria;MORITZ INTERNACIONAL LTDA;CARRO;FCL;0;1;40 HIGH CUBE;2
EM1111-26;275659134;12/08/2026 15:30;10/09/2026;07/10/2026;PARANAGUA;HOUSTON;M. A. COMISSARIA;MAERSK LINE;MSC YAMUNA VI;Aguardando prontidão da mercadoria;IRUNA S.A.I.C.;;FCL;0;1;40 HIGH CUBE;2
EM1112-26;241ISZ2602608;13/08/2026 08:36;29/08/2026;29/10/2026;SANTOS;GENOA;MAPPER LOGISTICA DE COMERCIO EXTERIOR;MSC MEDITERRANEO;MSC AMALFI;Aguardando prontidão da mercadoria;HENRICH & CIA LTDA;SAPATOS;FCL;0;1;40 HIGH CUBE;2
EM1114-26;ZIMUXIA8553535;13/08/2026 09:28;01/05/2026;24/05/2026;XIAMEN;MANZANILLO, MX;WEPORT S.A. DE C.V.;MAERSK LINE;ZIM MOUNT KILIMANJARO;Desembarcado;FUJIAN QUANZHOU CHAOSHENG CNC MACHINERY CO., LTD;MADEIRA;FCL;0;5;40 HIGH CUBE;10
EM1116-26;34609461;13/08/2026 14:50;10/09/2026;;SANTOS;DOBRODZIEN;CRUZEIRO PAPEIS INDUSTRIAIS LTDA;HAPAG LLOYD;MSC ADELE;Cancelado;CRUZEIRO PAPEIS INDUSTRIAIS LTDA;AMOSTRAS DE SACOS DE PAPEL;FCL;0;1;40 HIGH CUBE;2
EM1117-26;275710827;13/08/2026 16:00;26/08/2026;07/10/2026;ASUNCION;CHARLESTON;M. A. COMISSARIA;MAERSK LINE;BARGE;Aguardando prontidão da mercadoria;IRUNA S.A.I.C.;MADEIRA;FCL;0;1;40 HIGH CUBE;2
EM1118-26;275710856;13/08/2026 16:04;26/08/2026;07/10/2026;ASUNCION;CHARLESTON;M. A. COMISSARIA;MAERSK LINE;BARGE;Aguardando prontidão da mercadoria;IRUNA S.A.I.C.;MADEIRA;FCL;0;1;40 HIGH CUBE;2
EM1119-26;275710935;13/08/2026 16:06;26/08/2026;07/10/2026;ASUNCION;CHARLESTON;M. A. COMISSARIA;MAERSK LINE;BARGE;Aguardando prontidão da mercadoria;IRUNA S.A.I.C.;MADEIRA;FCL;0;1;40 HIGH CUBE;2
EM1120-26;95668702;14/08/2026 10:59;23/08/2026;21/09/2026;ITAJAI;NEW YORK;ARTEFATOS DE MADEIRAS STOLF LTDA;HAPAG LLOYD;SANTA VANESSA;Embarcado;ARTEFATOS DE MADEIRAS STOLF LTDA;MADEIRA;FCL;0;1;40 HIGH CUBE;2
EM1121-26;EBKG18204833;14/08/2026 11:12;07/09/2026;18/10/2026;RIO GRANDE;VANCOUVER;MAPPER LOGISTICA DE COMERCIO EXTERIOR;MSC MEDITERRANEO;MSC BIANCA;Aguardando prontidão da mercadoria;IMS BRAZIL LTDA;ALIMENTOS EM GERAL;FCL;0;1;40 HIGH CUBE;2
EM1122-26;ZIMUPGU8027841;14/08/2026 11:42;07/09/2026;09/10/2026;PARANAGUA;GEORGETOWN, GY;VIBRA AGROINDUSTRIAL S/A;ZIM;MELINA;Aguardando prontidão da mercadoria;VIBRA AGROINDUSTRIAL S/A;SALSICHA;FCL;0;1;40 REEFER;2
EM1123-26;ZIMUPGU8027842;14/08/2026 12:04;07/09/2026;09/10/2026;PARANAGUA;GEORGETOWN, GY;VIBRA AGROINDUSTRIAL S/A;ZIM;MELINA;Aguardando prontidão da mercadoria;VIBRA AGROINDUSTRIAL S/A;SALSICHA;FCL;0;1;40 REEFER;2
EM1124-26;ZIMUPGU8027840;14/08/2026 12:13;07/09/2026;09/10/2026;PARANAGUA;GEORGETOWN, GY;VIBRA AGROINDUSTRIAL S/A;ZIM;MELINA;Aguardando prontidão da mercadoria;VIBRA AGROINDUSTRIAL S/A;SALSICHA;FCL;0;1;40 REEFER;2
EM1125-26;ZIMUPGU8027843;14/08/2026 12:19;14/09/2026;16/10/2026;PARANAGUA;GEORGETOWN, GY;VIBRA AGROINDUSTRIAL S/A;ZIM;ZIM BALTIMORE;Aguardando prontidão da mercadoria;VIBRA AGROINDUSTRIAL S/A;SALSICHA;FCL;0;1;40 REEFER;2
EM1126-26;30100461;17/08/2026 11:02;07/09/2026;02/10/2026;NAVEGANTES;LONDON GATEWAY PORT;LAMEX FOODS EUROPE LTD;HAPAG LLOYD;MSC ADELE;Aguardando prontidão da mercadoria;MINAMEL AGROINDUSTRIA LTDA;MEL;FCL;3;0;20 DRY BOX;3
EM1127-26;2336269850;17/08/2026 17:07;12/09/2026;07/10/2026;SANTOS;PIRAEUS;CUSTOMS SOLUTION EUROPEAN COMMUNITY SERVICES SINGLE MEMBER S.A.;OOCL;XIN CHANG SHA;Aguardando prontidão da mercadoria;COFFEE SENSES LTDA;COFFEE;FCL;2;0;20 DRY BOX;2
EM1128-26;275823338;18/08/2026 10:02;12/09/2026;13/10/2026;PARANAGUA;LONDON GATEWAY PORT;MASTER COMERCIO EXTERIOR LTDA.;MAERSK LINE;MAERSK LONDRINA;Aguardando prontidão da mercadoria;REPINHO REFLORESTADORA MADEIRAS E COMPENSADOS LTDA;MADEIRA;FCL;0;1;40 HIGH CUBE;2
EM1129-26;275839383;18/08/2026 10:09;13/09/2026;12/10/2026;SANTOS;PIRAEUS;CUSTOMS SOLUTION EUROPEAN COMMUNITY SERVICES SINGLE MEMBER S.A.;MAERSK LINE;SANTA INES;Aguardando prontidão da mercadoria;COOPERATIVA REGIONAL DE CAFEICULTORES EM GUAXUPE LTDA;COFFEE;FCL;0;1;40 HIGH CUBE;2
EM1130-26;275839423;18/08/2026 10:16;13/09/2026;12/10/2026;SANTOS;PIRAEUS;CUSTOMS SOLUTION EUROPEAN COMMUNITY SERVICES SINGLE MEMBER S.A.;MAERSK LINE;SANTA INES;Aguardando prontidão da mercadoria;COOPERATIVA REGIONAL DE CAFEICULTORES EM GUAXUPE LTDA;COFFEE;FCL;0;2;40 HIGH CUBE;4
EM1132-26;275892396;18/08/2026 10:20;07/09/2026;27/09/2026;SANTOS;ALTAMIRA;COMODALITY SPAIN SL;MAERSK LINE;MAERSK RUBICON;Aguardando prontidão da mercadoria;MAHLE METAL LEVE GMBH;AUTO SPARE PARTS;FCL;0;1;40 HIGH CUBE;2
EM1133-26;275839446;18/08/2026 10:21;20/09/2026;19/10/2026;SANTOS;PIRAEUS;CUSTOMS SOLUTION EUROPEAN COMMUNITY SERVICES SINGLE MEMBER S.A.;MAERSK LINE;MAERSK LOTA;Aguardando prontidão da mercadoria;COOPERATIVA REGIONAL DE CAFEICULTORES EM GUAXUPE LTDA;COFFEE;FCL;0;1;40 HIGH CUBE;2
EM1134-26;275839461;18/08/2026 10:24;20/09/2026;19/10/2026;SANTOS;PIRAEUS;CUSTOMS SOLUTION EUROPEAN COMMUNITY SERVICES SINGLE MEMBER S.A.;MAERSK LINE;MAERSK LOTA;Aguardando prontidão da mercadoria;COOPERATIVA REGIONAL DE CAFEICULTORES EM GUAXUPE LTDA;COFFEE;FCL;0;1;40 HIGH CUBE;2
EM1135-26;ZIMUITJ8056311;18/08/2026 10:51;27/09/2026;15/10/2026;ITAPOA;KINGSTON;TRADE DIRECT REPRESENTACAO COMERCIAL LTDA;ZIM;FELIXSTOWE;Aguardando prontidão da mercadoria;MANOEL MARCHETTI;MADEIRA;FCL;0;3;40 HIGH CUBE;6
EM1136-26;ZIMUITJ8056312;18/08/2026 11:03;06/09/2026;24/09/2026;ITAPOA;KINGSTON;TRADE DIRECT REPRESENTACAO COMERCIAL LTDA;ZIM;MELINA;Aguardando prontidão da mercadoria;MANOEL MARCHETTI;MADEIRA;FCL;0;3;40 HIGH CUBE;6
EM1137-26;275839907;18/08/2026 11:13;19/09/2026;20/10/2026;PARANAGUA;LONDON GATEWAY PORT;MASTER COMERCIO EXTERIOR LTDA.;MAERSK LINE;MAERSK LABERINTO;Aguardando prontidão da mercadoria;REPINHO REFLORESTADORA MADEIRAS E COMPENSADOS LTDA;MADEIRA;FCL;0;1;40 HIGH CUBE;2
EM1138-26;275839992;18/08/2026 11:16;26/09/2026;27/10/2026;PARANAGUA;LONDON GATEWAY PORT;MASTER COMERCIO EXTERIOR LTDA.;MAERSK LINE;MAERSK LINS;Aguardando prontidão da mercadoria;REPINHO REFLORESTADORA MADEIRAS E COMPENSADOS LTDA;MADEIRA;FCL;0;1;40 HIGH CUBE;2
EM1139-26;275895025;18/08/2026 11:35;27/09/2026;27/10/2026;SANTOS;ASPROPIRGOS (door delivery);CUSTOMS SOLUTION EUROPEAN COMMUNITY SERVICES SINGLE MEMBER S.A.;MAERSK LINE;CMA CGM MISSISSIPPI;Aguardando prontidão da mercadoria;VELOSO GREEN COFFEE EXPORTACAO LTDA;COFFEE;FCL;0;1;40 HIGH CUBE;2
EM1140-26;275895104;18/08/2026 13:44;04/10/2026;03/11/2026;SANTOS;ASPROPIRGOS (door delivery);CUSTOMS SOLUTION EUROPEAN COMMUNITY SERVICES SINGLE MEMBER S.A.;MAERSK LINE;MAERSK LAMANAI;Aguardando prontidão da mercadoria;VELOSO GREEN COFFEE EXPORTACAO LTDA;COFFEE;FCL;0;1;40 HIGH CUBE;2
EM1141-26;ZIMUITJ8056313;18/08/2026 15:42;13/09/2026;01/10/2026;ITAPOA;KINGSTON;TRADE DIRECT REPRESENTACAO COMERCIAL LTDA;ZIM;ZIM BALTIMORE;Aguardando prontidão da mercadoria;MANOEL MARCHETTI;MADEIRA;FCL;0;4;40 HIGH CUBE;8
EM1142-26;2336039080;18/08/2026 17:41;10/09/2026;05/10/2026;PARANAGUA;PIRAEUS;M. A. COMISSARIA;OOCL;XIN CHANG SHA;Aguardando prontidão da mercadoria;FABRICIO ANTONIO MOREIRA NETO LTDA;MADEIRA;FCL;0;3;40 HIGH CUBE;6
EM1143-26;EBKG18278377;19/08/2026 11:10;03/09/2026;27/09/2026;PARANAGUA;ALTAMIRA;GRUPO FORESTAL IND. MEXICANO CORPORATIVO;MSC MEDITERRANEO;MAERSK RUBICON;Aguardando prontidão da mercadoria;SINCOL SA INDUSTRIA E COMERCIO;MADEIRA;FCL;0;2;40 HIGH CUBE;4
EM1144-26;46089481;19/08/2026 11:31;11/09/2026;16/10/2026;ITAJAI;COLUMBUS, GA;MANOEL MARCHETTI;HAPAG LLOYD;DALIAN EXPRESS;Aguardando prontidão da mercadoria;MANOEL MARCHETTI;MADEIRA;FCL;0;1;40 HIGH CUBE;2
EM1145-26;EBKG18278122;19/08/2026 11:50;26/08/2026;12/09/2026;ITAJAI;ALTAMIRA;GRUPO FORESTAL IND. MEXICANO CORPORATIVO;MSC MEDITERRANEO;PALENA;Aguardando prontidão da mercadoria;SÃO CAETANO IND. DE LAM. E COMPENSADOS LTDA;MADEIRA;FCL;0;8;40 HIGH CUBE;16
EM1146-26;ZIMUSNT8114728;19/08/2026 14:26;08/09/2026;09/10/2026;SANTOS;GEORGETOWN, GY;AVIVAR ALIMENTOS S/A;ZIM;MELINA;Aguardando prontidão da mercadoria;AVIVAR ALIMENTOS S/A;SALSICHA;FCL;0;1;40 REEFER;2
EM1147-26;275948797;19/08/2026 15:04;10/09/2026;07/10/2026;PARANAGUA;HOUSTON;TEX SHIPPING LTDA;MAERSK LINE;MSC YAMUNA VI;Aguardando prontidão da mercadoria;TEX SHIPPING LTDA;MADEIRA;FCL;0;1;40 HIGH CUBE;2
EM1148-26;275948625;19/08/2026 15:10;10/09/2026;05/10/2026;PARANAGUA;HOUSTON;TEX SHIPPING LTDA;MAERSK LINE;MSC YAMUNA VI;Aguardando prontidão da mercadoria;TEX SHIPPING LTDA;MADEIRA;FCL;0;1;40 HIGH CUBE;2
EM1149-26;275948492;19/08/2026 15:15;12/09/2026;07/10/2026;ITAJAI;HOUSTON;TEX SHIPPING LTDA;MAERSK LINE;MSC YAMUNA VI;Aguardando prontidão da mercadoria;TEX SHIPPING LTDA;MADEIRA;FCL;0;1;40 HIGH CUBE;2
EM1150-26;275948390;19/08/2026 15:17;12/09/2026;07/10/2026;ITAJAI;HOUSTON;TEX SHIPPING LTDA;MAERSK LINE;MSC YAMUNA VI;Aguardando prontidão da mercadoria;TEX SHIPPING LTDA;MADEIRA;FCL;0;1;40 HIGH CUBE;2
EM1151-26;10954475;19/08/2026 15:39;11/09/2026;17/10/2026;SANTOS;KLAIPEDA;PENTAGON PRIME AMERICAS INC;HAPAG LLOYD;MSC ADELE;Aguardando prontidão da mercadoria;LOCCITANE DO BRASIL S.A;PRODUTOS COSMÉTICOS;FCL;0;1;40 HIGH CUBE;2
EM1153-26;S3-30197947;19/08/2026 16:11;29/08/2026;12/09/2026;PARANAGUA;CARTAGENA, CO;FECULARIA ELDORADO LTDA;GRIMALDI;GRANDE ABIDJAN;Aguardando prontidão da mercadoria;FECULARIA ELDORADO LTDA;ALIMENTOS EM GERAL;FCL;0;4;40 HIGH CUBE;8
EM1154-26;275839907;19/08/2026 16:32;19/09/2026;20/10/2026;PARANAGUA;LONDON GATEWAY PORT;MASTER COMERCIO EXTERIOR LTDA.;MAERSK LINE;MAERSK LABERINTO;Aguardando prontidão da mercadoria;REPINHO REFLORESTADORA MADEIRAS E COMPENSADOS LTDA;MADEIRA;FCL;0;1;40 HIGH CUBE;2
EM1155-26;ZIMUSNT8114768;19/08/2026 16:44;08/09/2026;09/10/2026;SANTOS;GEORGETOWN, GY;AVIVAR ALIMENTOS S/A;ZIM;MELINA;Aguardando prontidão da mercadoria;AVIVAR ALIMENTOS S/A;SALSICHA;FCL;0;1;40 REEFER;2
EM1156-26;97340982;19/08/2026 16:49;11/09/2026;24/10/2026;ITAJAI;EAU CLAIRE;MANOEL MARCHETTI;HAPAG LLOYD;DALIAN EXPRESS;Aguardando prontidão da mercadoria;MANOEL MARCHETTI;MADEIRA;FCL;0;1;40 HIGH CUBE;2
EM1157-26;275839992;19/08/2026 16:50;26/09/2026;27/10/2026;PARANAGUA;LONDON GATEWAY PORT;MASTER COMERCIO EXTERIOR LTDA.;MAERSK LINE;MAERSK LINS;Aguardando prontidão da mercadoria;REPINHO REFLORESTADORA MADEIRAS E COMPENSADOS LTDA;MADEIRA;FCL;0;1;40 HIGH CUBE;2
EM1158-26;275960915;19/08/2026 17:05;09/09/2026;07/10/2026;ITAPOA;HOUSTON;TEX SHIPPING LTDA;MAERSK LINE;MSC YAMUNA VI;Aguardando prontidão da mercadoria;TEX SHIPPING LTDA;MADEIRA;FCL;0;1;40 HIGH CUBE;2
EM1159-26;275961217;19/08/2026 17:09;09/09/2026;07/10/2026;ITAPOA;HOUSTON;TEX SHIPPING LTDA;MAERSK LINE;MSC YAMUNA VI;Aguardando prontidão da mercadoria;TEX SHIPPING LTDA;MADEIRA;FCL;0;1;40 HIGH CUBE;2
EM1160-26;275961427;19/08/2026 17:12;10/09/2026;13/11/2026;PARANAGUA;HOUSTON;TEX SHIPPING LTDA;MAERSK LINE;MSC YAMUNA VI;Aguardando prontidão da mercadoria;TEX SHIPPING LTDA;MADEIRA;FCL;0;1;40 HIGH CUBE;2
EM1162-26;2336878640;19/08/2026 17:30;30/09/2026;20/10/2026;PARANAGUA;DAKAR;SPEED LOG;OOCL;ANDROUSA;Aguardando prontidão da mercadoria;ALLBRANDS INDUSTRIA DE ALIMENTOS S/A;ALIMENTOS EM GERAL;FCL;0;2;40 HIGH CUBE;4
EM1163-26;EBKG18283725;20/08/2026 11:49;03/09/2026;03/09/2026;PARANAGUA;ALTAMIRA;GRUPO FORESTAL IND. MEXICANO CORPORATIVO;MSC MEDITERRANEO;MAERSK RUBICON;Aguardando prontidão da mercadoria;INDUSTRIA DE COMPENSADOS SUDATI LTDA (0003-09 - SUV);MADEIRA;FCL;0;2;40 HIGH CUBE;4
EM1164-26;EBKG18283707;20/08/2026 12:02;03/09/2026;27/09/2026;PARANAGUA;ALTAMIRA;GRUPO FORESTAL IND. MEXICANO CORPORATIVO;MSC MEDITERRANEO;MAERSK RUBICON;Aguardando prontidão da mercadoria;INDUSTRIA DE COMPENSADOS SUDATI LTDA (0002-10 SUI);MADEIRA;FCL;0;3;40 HIGH CUBE;6
EM1165-26;13617083;20/08/2026 14:32;11/09/2026;12/10/2026;PARANAGUA;HAMILTON;TRADE DIRECT REPRESENTACAO COMERCIAL LTDA;HAPAG LLOYD;DALIAN EXPRESS;Aguardando prontidão da mercadoria;MADEIREIRA RIO CLARO LTDA;MADEIRA;FCL;1;0;20 DRY BOX;1
EM1166-26;BUA0377532;20/08/2026 14:43;07/09/2026;15/10/2026;BUENOS AIRES;ALTAMIRA;GRUPO FORESTAL IND. MEXICANO CORPORATIVO;CMA CGM DO BRASIL;MERCOSUL SANTOS;Aguardando prontidão da mercadoria;RAUL E. FERNANDEZ S.A;MADEIRA;FCL;0;2;40 HIGH CUBE;4
EM1167-26;BUA0377571;20/08/2026 14:51;;;BUENOS AIRES;ALTAMIRA;GRUPO FORESTAL IND. MEXICANO CORPORATIVO;CMA CGM DO BRASIL;;Aguardando prontidão da mercadoria;RAUL E. FERNANDEZ S.A;MADEIRA;FCL;0;3;40 HIGH CUBE;6
EM1172-26;EBKG18321087;20/08/2026 16:56;25/08/2026;19/09/2026;PARANAGUA;ALTAMIRA;GRUPO FORESTAL IND. MEXICANO CORPORATIVO;MSC MEDITERRANEO;SANTA VANESSA;Aguardando prontidão da mercadoria;MADEIREIRA EK LTDA;MADEIRA;FCL;0;5;40 HIGH CUBE;10
EM1173-26;ZIMUPGU8027881;21/08/2026 16:00;28/09/2026;15/10/2026;PARANAGUA;KINGSTON;INTERNATIONAL FOREST PRODUCTS;ZIM;FELIXSTOWE;Aguardando prontidão da mercadoria;COMPENSADOS E LAMINADOS LAVRASUL S/A;MADEIRA;FCL;0;6;40 HIGH CUBE;12
EM1174-26;ZIMUITJ8056368;21/08/2026 16:50;12/09/2026;01/10/2026;NAVEGANTES;KINGSTON;INTERNATIONAL FOREST PRODUCTS;ZIM;ZIM BALTIMORE;Aguardando prontidão da mercadoria;BERNECK S.A. PAINEIS E SERRADOS;MADEIRA;FCL;0;4;40 HIGH CUBE;8
EM1175-26;ZIMUITJ8056376;21/08/2026 17:12;12/09/2026;17/10/2026;NAVEGANTES;PORT OF SPAIN;INTERNATIONAL FOREST PRODUCTS;ZIM;ZIM BALTIMORE;Aguardando prontidão da mercadoria;BERNECK S.A. PAINEIS E SERRADOS;MADEIRA;FCL;0;5;40 HIGH CUBE;10
EM1176-26;ZIMUITJ8056365;21/08/2026 17:25;06/09/2026;10/10/2026;ITAPOA;PORT OF SPAIN;INTERNATIONAL FOREST PRODUCTS;ZIM;MELINA;Aguardando prontidão da mercadoria;BERNECK S.A. PAINEIS E SERRADOS;MADEIRA;FCL;0;4;40 HIGH CUBE;8
EM1177-26;6464452020;21/08/2026 17:41;17/09/2026;03/10/2026;SANTOS;KINGSTON;INTERNATIONAL FOREST PRODUCTS;COSCO SHIPPING;CMA CGM RABELAIS;Aguardando prontidão da mercadoria;ECTX S/A - EUCATEX;MADEIRA;FCL;0;5;40 HIGH CUBE;10
EM1178-26;276065511;21/08/2026 17:49;04/09/2026;28/10/2026;ITAPOA;TAICANG;INTERNATIONAL FOREST PRODUCTS;MAERSK LINE;ZIM USA;Aguardando prontidão da mercadoria;INDUSFLORA PRODUTOS FLORESTAIS S/A;MADEIRA;FCL;0;5;40 HIGH CUBE;10
EM1179-26;6464452090;21/08/2026 18:30;06/09/2026;24/09/2026;IMBITUBA;KINGSTON;MANOEL MARCHETTI;COSCO SHIPPING;CMA CGM XIAMEN;Aguardando prontidão da mercadoria;MANOEL MARCHETTI;MADEIRA;FCL;0;4;40 HIGH CUBE;8
EM1180-26;276128237;24/08/2026 10:52;16/09/2026;14/10/2026;ITAPOA;HOUSTON;TEX SHIPPING LTDA;MAERSK LINE;MAERSK KARUN;Aguardando prontidão da mercadoria;TEX SHIPPING LTDA;MADEIRA;FCL;0;1;40 HIGH CUBE;2
EM1181-26;6464644610;24/08/2026 11:50;08/09/2026;09/11/2026;IMBITUBA;GEORGETOWN, GY;INTERNATIONAL FOREST PRODUCTS;COSCO SHIPPING;CMA CGM XIAMEN;Aguardando prontidão da mercadoria;BERNECK S.A. PAINEIS E SERRADOS;MADEIRA;FCL;0;1;40 HIGH CUBE;2
PROCESSO TEST AGENDA 2026;OOLU1235884;24/08/2026 16:37;23/08/2026;30/08/2026;ITAJAI;SHANGHAI;GRUPO FORESTAL IND. MEXICANO CORPORATIVO;MAERSK LINE;MSC BARCELONA;Embarcado;GRUPO FORESTAL IND. MEXICANO CORPORATIVO;;FCL;0;1;40 DRY BOX;2
EM1183-26;6464645950;24/08/2026 16:59;06/09/2026;27/09/2026;PARANAGUA;KINGSTON;INTERNATIONAL FOREST PRODUCTS;COSCO SHIPPING;CMA CGM XIAMEN;Aguardando prontidão da mercadoria;CARPISO IND.DE PAINEIS E REVEST.DE MAD.LTDA;MADEIRA;FCL;0;2;40 HIGH CUBE;4
EM1184-26;6464645960;24/08/2026 17:09;06/09/2026;27/09/2026;PARANAGUA;KINGSTON;INTERNATIONAL FOREST PRODUCTS;COSCO SHIPPING;CMA CGM XIAMEN;Aguardando prontidão da mercadoria;CARPISO IND.DE PAINEIS E REVEST.DE MAD.LTDA;MADEIRA;FCL;0;2;40 HIGH CUBE;4
EM1185-26;6507547930;24/08/2026 17:15;06/09/2026;27/09/2026;PARANAGUA;KINGSTON;INTERNATIONAL FOREST PRODUCTS;COSCO SHIPPING;CMA CGM XIAMEN;Aguardando prontidão da mercadoria;CARPISO IND.DE PAINEIS E REVEST.DE MAD.LTDA;MADEIRA;FCL;0;2;40 HIGH CUBE;4
EM1186-26;276141724;25/08/2026 08:53;10/09/2026;07/10/2026;PARANAGUA;HOUSTON;TEX SHIPPING LTDA;MAERSK LINE;MSC YAMUNA VI;Aguardando prontidão da mercadoria;TEX SHIPPING LTDA;MADEIRA;FCL;0;1;40 HIGH CUBE;2
EM1187-26;276194677;25/08/2026 11:53;10/09/2026;07/10/2026;PARANAGUA;HOUSTON;TEX SHIPPING LTDA;MAERSK LINE;MSC YAMUNA VI;Aguardando prontidão da mercadoria;TEX SHIPPING LTDA;MADEIRA;FCL;0;1;40 HIGH CUBE;2
EM1188-26;276194428;25/08/2026 13:45;16/09/2026;17/10/2026;PARANAGUA;BALTIMORE;M. A. COMISSARIA;MAERSK LINE;MAERSK CAP CARMEL;Aguardando prontidão da mercadoria;EL REDENTOR S.R.L.;;FCL;0;2;40 HIGH CUBE;4
EM1189-26;276203102;25/08/2026 16:02;11/09/2026;19/10/2026;ASUNCION;CHARLESTON;M. A. COMISSARIA;MAERSK LINE;BARGE;Aguardando prontidão da mercadoria;IRUNA S.A.I.C.;MADEIRA;FCL;0;1;40 HIGH CUBE;2
EM1190-26;276202839;25/08/2026 16:19;;;RIO GRANDE;ALTAMIRA;TKA GUINDASTES INDUSTRIA E COMERCIO LTDA;MAERSK LINE;;Aguardando prontidão da mercadoria;TKA GUINDASTES INDUSTRIA E COMERCIO LTDA;PARTES E PEÇAS;FCL;0;1;40 OPEN TOP;2
EM1191-26;6464840010;25/08/2026 16:41;06/09/2026;25/10/2026;PARANAGUA;CAUCEDO;TRADE DIRECT REPRESENTACAO COMERCIAL LTDA;COSCO SHIPPING;CMA CGM XIAMEN;Aguardando prontidão da mercadoria;MADEIREIRA RIO CLARO LTDA;MADEIRA;FCL;0;1;40 HIGH CUBE;2
